Номер;Район;Число комнат;Тип дома;Индикаторная переменная;Общая;Жилая;Кухня;Цена, тыс. руб.
1;ЮМР;1;блочный;0;40;20;10;1596
2;ЮМР;2;блочный;0;60;32;10;1876
3;ЮМР;2;блочный;0;77;40;16;3500
4;ЮМР;3;блочный;0;66;42;9;2074.8
5;ЮМР;3;блочный;0;70;44;10;2156
6;СМР;3;кирпичный;1;77;46;10;2828
7;СМР;3;блочный;0;70;34;12;2436
8;ГМР;3;кирпичный;1;75;42;15;2489.2
9;ГМР;3;блочный;0;75;42;15;2489.2
10;СМР;3;кирпичный;1;72;42;9;2156
11;ЮМР;3;кирпичный;1;64;42;8;1970.36
12;ЮМР;3;блочный;0;67;42;12;2592.8
13;ЮМР;3;блочный;0;72;42;9;2178.4
14;ЮМР;3;блочный;0;74;43;12;2800
15;ЮМР;3;блочный;0;70;50;9;3248
16;ЮМР;3;блочный;0;70;40;8;2576
17;ЮМР;3;блочный;0;70;50;9;3164
18;ЮМР;3;блочный;0;70;44;9;2128
19;ЮМР;3;блочный;0;75;42;15;2540.72
20;СМР;3;кирпичный;1;72;43;10;2937.2
21;СМР;3;блочный;0;64;42;9;2903.6
22;СМР;4;блочный;0;123;70;26;3827.6
23;СМР;4;блочный;0;80;52;9;2520
24;СМР;4;кирпичный;1;88;54;9;2520
25;СМР;4;блочный;0;87;56;10;2380
26;СМР;4;блочный;0;78;56;10;2240
27;СМР;4;блочный;0;117;63;15;3304
28;СМР;4;блочный;0;91;56;10;3424.4
29;СМР;4;кирпичный;1;100;73;8;2702
30;ЮМР;4;блочный;0;95;61;15;2800
31;ЮМР;4;блочный;0;100;73;8;2688
32;ЮМР;4;кирпичный;1;100;73;8;2702
33;ЮМР;4;блочный;0;87;56;10;2380
34;ЮМР;4;блочный;0;97;56;12;2800
35;ЮМР;4;блочный;0;100;62;15;3360
36;ЮМР;4;блочный;0;100;66;10;2592.8
37;ЮМР;4;блочный;0;75;53;10;3059.28
38;ЮМР;5;блочный;0;150;100;20;4354
39;ЮМР;5;кирпичный;1;130;90;15;5180
40;Центр;1;блочный;0;37;17;8;1344
41;Центр;2;кирпичный;1;35;23;5;2436
42;Центр;2;блочный;0;36;24;4;1960
43;Центр;2;блочный;0;45;26;8;2100
44;Центр;2;блочный;0;38;33;5;1540
45;СМР;2;кирпичный;1;45;21;12;2240
46;СМР;2;блочный;0;80;41;15;1764
47;СМР;2;блочный;0;91;60;12;3007.2
48;СМР;2;блочный;0;50;30;7;1484
49;Центр;2;блочный;0;65;45;16;2380
50;Центр;3;блочный;0;61;36;10;2380
51;Центр;3;блочный;0;54;35;7;1960
52;Центр;3;блочный;0;52;36;7;1540
53;ГМР;3;блочный;0;60;40;9;3640
54;ГМР;3;блочный;0;62;33;8;3110.8
55;ГМР;3;кирпичный;1;53;38;6;1820
56;ГМР;3;блочный;0;63;37;7;2436
57;ГМР;3;блочный;0;51;29;8;1348.2
58;ГМР;3;блочный;0;60;40;12;1680
59;ГМР;3;блочный;0;66;49;6;5600
60;Центр;3;блочный;0;45;29;6;1764
61;Центр;3;блочный;0;50;35;6;1680
62;Центр;3;блочный;0;54;38;6;1506.4
63;Центр;3;кирпичный;1;36;26;10;2016
64;Центр;4;блочный;0;80;55;14;2240
65;Центр;4;кирпичный;1;102;70;8;3780
66;Центр;4;блочный;0;82;52;10;3360
67;Центр;4;блочный;0;162;86;13;5880
68;Центр;4;кирпичный;1;115;85;10;3360
69;Центр;4;кирпичный;1;93;52;11;2324
70;Центр;4;блочный;0;93;52;11;2489.2
71;Центр;4;блочный;0;93;52;11;2486.4
72;Центр;4;блочный;0;82;50;10;2592.8
73;Центр;4;блочный;0;80;50;12;2693.6
74;Центр;4;кирпичный;1;92;56;12;2489.2
75;Центр;5;блочный;0;96;68;9;6222.16
76;ЧМР;1;блочный;0;38;18;9;1148
77;ЧМР;1;блочный;0;27;14;6;686
78;ЧМР;1;блочный;0;30;17;6;1008
79;СМР;1;кирпичный;1;34;17;12;1176
80;СМР;2;блочный;0;47;33;6;1762.88
81;СМР;2;блочный;0;46;30;6;1400
82;ЧМР;2;кирпичный;1;44;30;8;1610
83;ЧМР;2;блочный;0;66;34;10;2072
84;ЧМР;3;блочный;0;60;45;6;2072
85;ЧМР;3;блочный;0;56;41;6;1540
86;ЧМР;3;кирпичный;1;67;42;9;2489.2
87;ЧМР;3;блочный;0;60;41;7;2023
88;ЧМР;3;блочный;0;59;44;6;3080
89;ЧМР;3;блочный;0;54;36;6;1960
90;ГМР;3;блочный;0;60;40;6;1971.2
91;ГМР;3;блочный;0;68;43;10;2282
92;ГМР;3;блочный;0;54;40;5;1660.4
93;ГМР;4;блочный;0;96;64;9;6160
94;ГМР;4;блочный;0;147;82;18;3351.6
95;ГМР;4;блочный;0;147;82;18;2520
96;ЧМР;4;кирпичный;1;85;52;10;2696.4
97;ЧМР;4;блочный;0;60;44;6;1960
98;ЧМР;4;блочный;0;147;118;15;3220
99;ЧМР;4;блочный;0;80;60;10;2744
100;ЧМР;4;кирпичный;1;147;100;15;3276
101;40-летПобеды;1;блочный  ;0;35;18;7;1140
102;40-летПобеды;1;блочный  ;0;40;20;10;1450
103;40-летПобеды;1;блочный  ;0;40;20;10;1400
104;40-летПобеды;1;блочный  ;0;44;22;11;980
105;Авиагородок;1;блочный  ;0;40;20;10;1250
106;40-летПобеды;1;кирпичный;1;43;16;10.2;1500
107;Витаминкомбинат;1;блочный  ;0;50;20;10;1600
108;ГМР;1;кирпичный;1;49;22;14;1740
109;ГМР;1;кирпичный;1;49;22;14;1700
110;ГМР;1;монолитный;0;50.5;20;12;1385
111;ЗИП;1;монолитный;0;40;20;10;940
112;ЗИП;1;блочный  ;0;44;20;10.8;1000
113;ККБ;1;монолитный;0;32;16;6.5;1020
114;ККБ;1;кирпичный;1;55;20;19;1550
115;ККБ;1;кирпичный;1;52;20;16;1350
116;КМР;1;блочный  ;0;30;15;7;1250
117;КМР;1;блочный  ;0;40;20;10;1500
118;КМР;1;блочный  ;0;34;20;7.5;1300
119;ФМР;1;блочный  ;0;40;20;10;1350
120;ФМР;1;кирпичный;1;30;17;6;1200
121;СМР;1;кирпичный;1;33;19.5;6.5;1250
122;СХИ;1;блочный  ;0;40;18;10;1480
123;СХИ;1;блочный  ;0;42;22;10;1300
124;ФМР;1;кирпичный;1;32;17;11;1300
125;Центр;1;кирпичный;1;29;17.5;8;1100
126;Центр;1;кирпичный;1;30;14;8.5;1500
127;Центр;1;кирпичный;1;79.5;28.5;20;2296
128;ЧМР;1;кирпичный;1;30;17;6.5;1250
129;ЮМР;1;блочный  ;0;40;20;10;1280
130;ЮМР;1;монолитный;0;42;19;12.5;1500
131;40-летПобеды;2;блочный  ;0;71.6;33;15;1753
132;40-летПобеды;2;блочный  ;0;49;27;9;1680
133;ГМР;2;панельный;0;52;32;9;1750
134;ГМР;2;блочный  ;0;71.3;33;15.6;1707
135;ЗИП;2;блочный  ;0;69.3;33;16;1780
136;ККБ;2;блочный  ;0;50;27;9;1700
137;КМР;2;блочный  ;0;70;38;15;2200
138;КМР;2;блочный  ;0;60;32;11;2000
139;КСК;2;блочный  ;0;60;31;10;1650
140;СХИ;2;блочный  ;0;76;28;26;2200
141;СХИ;2;кирпичный;1;75;40;15;2600
142;ТЭЦ;2;блочный  ;0;70;33;15;2100
143;ФМР;2;блочный  ;0;44;28;6;1650
144;ФМР;2;монолитный;0;70;34;15;2200
145;ФМР;2;кирпичный;1;74;38;14;2300
146;Центр;2;кирпичный;1;50;30;7;1800
147;Центр;2;кирпичный;1;76;40;14;2800
148;ЧМР;2;кирпичный;1;50;29;6.5;1680
149;ЮМР;2;панельный;0;52;32;9;1770
150;40-летПобеды;3;кирпичный;1;82;42;11.5;2460
151;40-летПобеды;3;блочный  ;0;85;43;20;2180
152;ГМР;3;блочный  ;0;60;40;9;2000
153;ГМР;3;кирпичный;1;52;32;8;1600
154;ЗИП;3;кирпичный;1;63;48;6.5;1850
155;ЗИП;3;кирпичный;1;61;35;8;2150
156;КМР;3;кирпичный;1;68;40;8;2000
157;КМР;3;блочный  ;0;72;42;9;1900
158;КМР;3;кирпичный;1;63;40;8;1850
159;ФМР;3;блочный  ;0;93;61;15;2600
160;ФМР;3;блочный  ;0;85;41.5;20;2040
161;ФМР;3;кирпичный;1;60;41;6.5;1800
162;Центр;3;кирпичный;1;63;43;8;2660
163;Центр;3;панельный;0;59;43;6.5;1890
164;ЧМР;3;блочный  ;0;72;43;9;2184
165;Энка;3;монолитный;0;63;43;10;2604
166;Энка;3;монолитный;0;72;38;9;2744
167;ЮМР;3;блочный  ;0;82;49;19;2850
168;ЮМР;3;блочный  ;0;68;40;15;2650
169;ЮМР;3;блочный  ;0;82;52;15;2900
170;ЮМР;3;блочный  ;0;93;46;20;2485
171;ЮМР;3;блочный  ;0;68;42;9;1750
172;ЮМР;3;кирпичный;1;80;49;9;2200
173;40-летПобеды;4;блочный  ;0;77;52;8;2700
174;ГМР;4;монолитный;0;103;65;15;2800
175;ГМР;4;блочный  ;0;72;52;9;1960
176;ЗИП;4;монолитный;0;117;82;34.8;3360
177;ККБ;4;блочный  ;0;85;53;9;2500
178;КМР;4;блочный  ;0;80.5;52;9;2280
179;ЧМР;4;кирпичный;1;100;52;11;3640
180;ЧМР;4;кирпичный;1;111;56;18;3100
181;ЮМР;4;блочный  ;0;100;71;7.8;2660
182;ФМР;4;кирпичный;1;80;54;12;3360
183;ФМР;4;блочный  ;0;86;54;8;3136
184;ФМР;4;панельный;0;60;44;7;1988
185;ФМР;4;блочный  ;0;62;45;6.5;2240
186;СМР;2;блочный;0;72;36;16;1800
187;СМР;2;кирпичный;1;44.2;28.6;6;1443.61
188;СМР;2;блочный;0;69;33;16;2160
189;СМР;2;блочный;0;70;35;16;1944
190;СМР;2;блочный;0;64;44;10;1890
191;СМР;2;блочный;0;70;34;16;1800
192;СМР;2;панельный;0;45;28;6;1500
193;СМР;2;кирпичный;1;59;29;9;1700
194;СМР;2;кирпичный;1;45;30;6.5;1400
195;СМР;2;блочный;0;69;33;16;2138.68
196;СХИ;2;панельный;0;51;31;9;1684.21
197;ЗИП;2;панельный;0;70;36;16;3000
198;ЗИП;2;кирпичный;1;50;28;12;1871.34
199;ЗИП;2;кирпичный;1;68;34;16;1800
200;ЗИП;2;кирпичный;1;66;32;15;1386
201;ЗИП;2;кирпичный;1;73;33;16;1680
202;ЗИП;2;кирпичный;1;71.4;32.6;16;2170
203;ЗИП;2;кирпичный;1;76;40;12;1854
204;ЗИП;2;кирпичный;1;61.31;30;10;1440
205;ЗИП;2;кирпичный;1;42;25;7.3;1700
206;ЗИП;2;кирпичный;1;70;32;20.5;2539.68
207;ЗИП;2;кирпичный;1;58;32;9;1750
208;ЗИП;2;кирпичный;1;73;40;11;2500
209;ЗИП;2;кирпичный;1;63;34;12;1850
210;ЗИП;2;кирпичный;1;54;31;9;1670
211;ЗИП;2;кирпичный;1;65;41;10;1604.01
212;ЗИП;2;кирпичный;1;75;38;14;2300
213;ЗИП;2;блочный;0;70;33;16;1609.8
214;ЗИП;2;блочный;0;70;33;16;1609.8
215;ЗИП;2;блочный;0;70;33;16;1609.8
216;ЗИП;2;блочный;0;68;33;16;41706.898
217;ЗИП;2;блочный;0;69;33;16;1567.7
218;ЗИП;2;блочный;0;68;33;16;1560.1
219;ЗИП;2;блочный;0;62;30;10;1410.15
220;ЗИП;2;блочный;0;62;30;10;1410.15
221;ЗИП;2;блочный;0;54;31;9;1684.21
222;ЗИП;2;блочный;0;70;33;15.6;2240
223;ЗИП;2;блочный;0;73.15;33;11.5;1650
224;ЗИП;2;блочный;0;50;30;9;1300
225;40-летПобеды;2;кирпичный;1;65;41;10;1577.28
226;40-летПобеды;2;блочный;0;54;32;8;1630.74
227;40-летПобеды;2;блочный;0;70;33;16;2240
228;40-летПобеды;2;блочный;0;70;36;15;2100
229;40-летПобеды;2;блочный;0;52.3;32;9;1800
230;40-летПобеды;2;блочный;0;60;35;13;1800
231;40-летПобеды;2;блочный;0;54;30;9;1336.68
232;40-летПобеды;2;кирпичный;1;70;34;12;2650
233;40-летПобеды;2;кирпичный;1;51;29;8;1560
234;40-летПобеды;2;кирпичный;1;60;40;7.5;1684.21
235;40-летПобеды;2;блочный;0;65;34;10;2000
236;40-летПобеды;2;блочный;0;61;31;11;1900
237;40-летПобеды;2;блочный;0;63;34;12;1850
238;40-летПобеды;2;блочный;0;42;25;7.3;1800
239;40-летПобеды;2;панельный;0;61;34;11;1755
240;40-летПобеды;2;блочный;0;58;32;9;1750
241;40-летПобеды;2;блочный;0;42;25;7.3;1700
242;40-летПобеды;2;блочный;0;70;33;16;1900
243;40-летПобеды;2;блочный;0;71;35;16.5;1800
244;40-летПобеды;2;кирпичный;1;53;27.5;8;1750
245;40-летПобеды;2;блочный;0;58;32;9;1750
246;40-летПобеды;2;кирпичный;1;70;32;20.5;2539.68
247;40-летПобеды;2;кирпичный;1;46;30;6.5;1380
248;40-летПобеды;2;кирпичный;1;70;25;20.5;2656
249;40-летПобеды;2;кирпичный;1;65;41;10;1700
250;40-летПобеды;2;блочный;0;54;31;9;1700
251;40-летПобеды;2;кирпичный;1;56;32;8;1810
252;40-летПобеды;2;блочный;0;64;34;11;1900
253;40-летПобеды;2;блочный;0;70;35;15;2100
254;40-летПобеды;2;блочный;0;70;33;16;2170
255;ЖМР;2;блочный;0;54;32;9;1900
256;ЖМР;2;кирпичный;1;51.3;31;7;1200
257;ЖМР;2;панельный;0;55;30;8;1416.88
258;ЖМР;2;блочный;0;70;33;16;1700
259;ЖМР;2;блочный;0;58;32;8;1700
260;ЗИП;1;блочный;0;40;20;10.5;1100
261;ЗИП;1;блочный;0;51;20;11;1650
262;ЗИП;1;блочный;0;54;23;12;1200
263;ЗИП;1;блочный;0;44;22;10;1150
264;ЗИП;1;блочный;0;53;20;15;1450
265;ЗИП;1;блочный;0;40;20;10;1450
266;ЗИП;1;блочный;0;40;20;10;1450
267;ЗИП;1;кирпичный;1;40;18;12;1256.47
268;ЗИП;1;блочный;0;40;20;10;1358
269;ЗИП;1;кирпичный;1;47.3;20;12;1250
270;ЗИП;1;кирпичный;1;53;20;15;1450
271;ЗИП;1;блочный;0;55;20;14;1470.34
272;ЗИП;1;блочный;0;40;17.5;8;1350
273;ЗИП;1;блочный;0;34;18;7;950
274;ЗИП;1;кирпичный;1;35;23;7;1250
275;ЗИП;1;кирпичный;1;32;17;10;1200
276;ЗИП;1;блочный;0;40;20;10;1420
277;ЗИП;1;блочный;0;32;17;8;1200
278;ЗИП;1;кирпичный;1;36;18;8;1400
279;ЗИП;1;блочный;0;40;20;10;1390
280;ЗИП;1;блочный;0;44;21;11;900
281;40-летПобеды;1;кирпичный;1;43;23;11;840
282;40-летПобеды;1;кирпичный;1;55;20;18;1951.55
283;40-летПобеды;1;кирпичный;1;55;20;14;1470.34
284;40-летПобеды;1;кирпичный;1;46;20;13;1390
285;40-летПобеды;1;блочный;0;40;20;10;1230
286;40-летПобеды;1;блочный;0;51.4;20;11;1650
287;40-летПобеды;1;блочный;0;40;19;10;1350
288;40-летПобеды;1;блочный;0;51;20;10;1650
289;40-летПобеды;1;блочный;0;40;19;10;1300
290;40-летПобеды;1;кирпичный;1;78;26;24;2133
291;40-летПобеды;1;кирпичный;1;46;20;10;1500
292;40-летПобеды;1;кирпичный;1;55;20;14;1485
293;40-летПобеды;1;кирпичный;1;55;20;18;1450
294;40-летПобеды;1;блочный;0;40;20;10;1450
295;40-летПобеды;1;блочный;0;40;20;10;1450
296;40-летПобеды;1;кирпичный;1;34;8;6;1400
297;40-летПобеды;1;кирпичный;1;43;16;10;1370
298;40-летПобеды;1;кирпичный;1;40.8;19.8;12;1300
299;40-летПобеды;1;блочный;0;40;20;10;1250
300;40-летПобеды;1;кирпичный;1;31;18;6;1200
301;40-летПобеды;1;кирпичный;1;37;19;12;1200
302;40-летПобеды;1;кирпичный;1;55;20;18;1450
303;40-летПобеды;1;кирпичный;1;48;22;12;1350
304;40-летПобеды;1;кирпичный;1;35;19;13;1150
305;40-летПобеды;1;кирпичный;1;46;20;10;1500
306;40-летПобеды;1;кирпичный;1;40;20;10;1450
307;40-летПобеды;1;кирпичный;1;45;18.3;14.8;1400
308;40-летПобеды;1;кирпичный;1;40.8;19.8;12;1300
309;40-летПобеды;1;кирпичный;1;31;18;6;1200
310;ФМР;2;;0;45;32;6;1174.5
311;ФМР;2;;0;46;29;7;1323
312;ФМР;2;;0;46;32;6;1066.5
313;ФМР;2;;0;45;32;6;1188
314;ФМР;2;;0;70;40;12;1755
315;ФМР;2;;0;70;41;12;2500.2
316;ФМР;2;;0;48;29;6;1350
317;ФМР;2;;0;61;32;10;1899.99
318;ФМР;2;;0;55;33;6;1500.12
319;ФМР;2;;0;41;26;6;1215
320;ФМР;2;;0;45;30;6;1279.8
321;ФМР;2;;0;46;25;8;1350
322;ФМР;2;;0;48;32;6;1485
323;ФМР;2;;0;50;33;6;1431
324;ФМР;2;;0;45;32;6;1428.3
325;ФМР;3;;0;104;;;3321
326;ФМР;3;;0;68;38;8;1971
327;ФМР;3;;0;110;68;15;5940
328;ФМР;3;;0;60;40;6;1674
329;ФМР;3;;0;115;68;14;2835
330;ФМР;3;;0;63;46;7;1755
331;ФМР;3;;0;46;34;6;1188
332;ФМР;3;;0;60;42;6;1593
333;ФМР;3;;0;60;40;7;1485
334;ФМР;3;;0;60;40;6;1674
335;ФМР;3;;0;60;40;8;1755
336;ФМР;3;;0;60;40;8;1755
337;ФМР;3;;0;112;68;14;2835
338;ФМР;3;;0;98;66;12;4050
339;ФМР;3;;0;60;42;7;1798.2
340;ФМР;3;;0;60;42;8;1755
341;ФМР;3;;0;63;45;7;1863
342;ФМР;3;;0;113;68;12;3051
343;ФМР;3;;0;50;36;6;1599.75
344;ФМР;4;;0;156;100;42;5400
345;ФМР;4;;0;62;45;6;1674
346;ФМР;4;;0;220;;;5265
347;ФМР;4;;0;100;64;12;2970
348;ФМР;4;;0;76;55;14;1755
349;ФМР;4;;0;60;43;6;1485
350;ФМР;1;;0;45;20;13;1498.5
351;ФМР;1;;0;31;17;7;999
352;ФМР;1;;0;35;;;1080
353;ФМР;1;;0;45;;;1323
354;ФМР;1;;0;40;20;10;1134
355;ФМР;1;;0;32;18;6;874.8
356;ФМР;1;;0;56;28;13;1849.5
357;ФМР;1;;0;40;20;10;1350
358;ФМР;1;;0;34;14;14;1026
359;ФМР;1;;0;40;20;10;1350
360;ФМР;1;;0;40;20;10;1206.9
361;ФМР;1;;0;31;17;6;945
362;ФМР;1;;0;52;20;14;1944
363;ФМР;1;;0;32;17;6;1250.1
364;ФМР;1;;0;30;15;8;1161
365;ФМР;1;;0;32;17;6;945
366;ФМР;1;;0;45;20;13;1498.5
367;ФМР;1;;0;51;22;12;1369.98
368;ФМР;1;;0;40;20;10;1350
369;ФМР;2;;0;70;41;12;2500.2
370;ФМР;2;;0;73;35;16;2187
371;ФМР;3;;0;56;38;6;1485
372;ФМР;3;;0;56;42;6;1549.8
373;ФМР;3;;0;57;36;6;2025
374;ФМР;3;;0;57;41;;1749.6
375;ФМР;3;;0;56;43;6;1485
376;ФМР;3;;0;60;46;6;2160
377;ФМР;3;;0;57;38;7;1857.6
378;ФМР;3;;0;56;42;6;1620
379;ФМР;3;;0;60;41;8;2700
380;ФМР;3;;0;60;40;7;1836
381;ФМР;3;;0;60;40;15;2160
382;ФМР;3;;0;60;45;6;2160
383;ФМР;4;;0;84;54;8;2299.86
384;ФМР;4;;0;97;53;12;1917
385;ФМР;4;;0;58;40;6;2000.7
386;ФМР;4;;0;141;84;16;4725
387;ФМР;4;;0;100;52;12;2700
388;ФМР;4;;0;59;42;15;1852.2
389;ФМР;4;;0;82;33;44;2899.989
390;ФМР;2;;0;42;28;6;1350
391;ФМР;2;;0;40;26;6;972
392;ФМР;2;;0;70;34;14;2160
393;ФМР;2;;0;44;31;7;1350
394;ФМР;2;;0;70;34;14;2187
395;ФМР;2;;0;70;40;12;2239.92
396;ФМР;2;;0;41;24;6;1399.95
397;ФМР;2;;0;68;34;16;2011.5
398;ФМР;2;;0;70;36;16;2100.6
399;ФМР;2;;0;43;28;6;1242
400;ФМР;2;;0;48;32;7;1323
401;ФМР;2;;0;46;32;6;1080
402;ФМР;2;;0;54;31;8;1652.4
403;ФМР;2;;0;67;33;16;2097.9
404;ФМР;2;;0;45;30;6;1350
405;ФМР;2;;0;60;39;12;2457
406;ФМР;2;;0;45;33;6;1350
407;ФМР;2;;0;70;35;16;2000.7
408;ФМР;2;;0;44;30;6;1350
409;ФМР;3;;0;79;44;9;2073.6
410;ФМР;3;;0;60;40;7;1890
411;ФМР;3;;0;63;46;6;1800.9
412;ФМР;3;;0;110;72;15;3105
413;ФМР;3;;0;60;40;8;1755
414;ФМР;3;;0;104;65;12;2592
415;ФМР;3;;0;100;65;15;3510
416;ФМР;3;;0;67;46;7;1944
417;ФМР;3;;0;104;69;12;2808
418;ФМР;3;;0;100;67;13;4050
419;ФМР;3;;0;78;54;13;2835
420;ФМР;3;;0;63;48;6;1890
421;ФМР;3;;0;68;41;8;1890
422;ФМР;3;;0;60;42;6;1579.5
423;ФМР;3;;0;62;45;6;1809
424;ФМР;3;;0;112;90;18;3510
425;ФМР;3;;0;112;63;14;3799.98
426;ФМР;3;;0;64;44;9;2025
427;ФМР;3;;0;110;67;14;4180.68
428;ФМР;4;;0;84;54;8;2999.7
429;ФМР;4;;0;78;45;8;3780
430;Пригород;1;;0;36;18;7;729
431;Пригород;1;;0;40;20;10;594
432;Пригород;1;;0;32;17;6;950.4
433;Пригород;1;;0;32;18;6;837
434;Пригород;1;;0;30;17;6;799.2
435;Пригород;1;;0;40;20;10;850.5
436;Пригород;1;;0;28;15;8;850.5
437;Пригород;1;;0;52;24;11;899.91
438;Пригород;2;;0;51;31;7;1200.15
439;Пригород;2;;0;62;30;12;1252.8
440;Пригород;2;;0;34;26;15;810
441;Пригород;2;;0;45;28;8;1198.8
442;Пригород;2;;0;48;30;6;1215
443;Пригород;2;;0;41;30;5;418.5
444;Пригород;2;;0;60;34;11;1447.2
445;Пригород;2;;0;61;34;10;1447.2
446;Пригород;2;;0;65;30;14;1255.5
447;Пригород;2;;0;58;39;8;1309.5
448;Пригород;2;;0;36;26;6;270
449;Пригород;2;;0;42;27;6;945
450;Пригород;2;;0;46;28;6;1300.05
451;Пригород;2;;0;46;31;6;864
452;Пригород;2;;0;56;39;9;1250.1
453;Пригород;2;;0;45;30;5;1198.8
454;Пригород;2;;0;30;27;3;580.5
455;Пригород;2;;0;38;21;8;928.8
456;Пригород;3;;0;68;45;7;1399.95
457;Пригород;3;;0;61;40;7;1499.85
458;Пригород;3;;0;63;46;8;1499.85
459;Пригород;3;;0;64;40;8;1500.12
460;Пригород;3;;0;64;40;8;1600.02
461;Пригород;3;;0;62;43;9;1205.28
462;Пригород;3;;0;64;38;9;850.5
463;Пригород;3;;0;62;44;6;1080
464;Пригород;3;;0;150;120;6;499.5
465;Пригород;4;;0;80;51;8;1300.05
466;Пригород;4;;0;81;48;;1601.1
467;Пригород;4;;0;81;52;11;1699.92
468;Пригород;4;;0;81;54;9;1169.1
469;Центр;3;кирпичный;1;11;11;6;1351
470;Центр;3;кирпичный;1;21;13;5;850.5
471;Центр;3;блочный;0;21;13;6;877.5
472;КМР;1;каркасный;0;23;12;5;1161
473;Мосты;1;кирпичный;1;25;18;6;1300.05
474;Центр;3;кирпичный;1;25;13;6;1201.5
475;Рос-кая;1;кирпичный;1;26;16;10;702
476;Центр;3;кирпичный;1;26;16;6;850.5
477;Центр;3;блочный;0;27;13;6;1674
478;ЧМР;3;блочный;0;27;21;6;945
479;ЧМР;3;кирпичный;1;27;14;6;661.5
480;ЧМР;3;кирпичный;1;27;16.4;5;569.7
481;ЧМР;3;кирпичный;1;27.7;17.8;4.3;1161
482;Мосты;1;блочный;0;28;14;8;702
483;ФМР;2;кирпичный;1;28;18;6;1449.9
484;ЧМР;3;каркасный;0;28;16;6;657.99
485;Центр;3;блочный;0;28.3;18.7;4;796.5
486;Центр;3;каркасный;0;28.3;25.7;2.6;1242
487;Центр;3;блочный;0;28.8;14.3;9.2;1107
488;Центр;3;каркасный;0;28.8;19.7;5.7;1053
489;КМР;1;блочный;0;29;15;6.5;1444.5
490;Центр;3;кирпичный;1;29;16;6;1112.4
491;Центр;3;каркасный;0;29;17;8;999
492;Центр;3;блочный;0;29;16;6;1101.6
493;Мосты;1;кирпичный;1;30;16;6;1150.2
494;ПМР;1;каркасный;0;30;17;6;1201.5
495;ФМР;2;каркасный;0;30;17;6.5;1215
496;ФМР;2;каркасный;0;30;16.2;6.4;1350
497;Центр;3;кирпичный;1;30;18;6;1301.4
498;Центр;3;кирпичный;1;30;21;0;1080
499;Центр;3;кирпичный;1;30;19;6;1093.5
500;Центр;3;кирпичный;1;30;18;6;1593
501;Центр;3;кирпичный;1;30;17;6;1188
502;Центр;3;кирпичный;1;30;18;6;1301.4
503;Центр;3;блочный;0;30;27;7;1198.8
504;Центр;3;каркасный;0;30;26;4;1174.5
505;ЧМР;3;каркасный;0;30;18;6;1242
506;ЧМР;3;кирпичный;1;30;18;8;1200.15
507;Ф.Таб;2;блочный;0;30.5;15;8.6;1350
508;Центр;3;блочный;0;30.5;16.4;6.4;1120.5
509;Центр;3;блочный;0;30.8;17.3;6;1755
510;ЗИП;1;каркасный;0;31;24;7;945
511;Мосты;1;кирпичный;1;31;17;6;1300.05
512;ПМР;1;блочный;0;31;17;6;1447.2
513;СМР;1;кирпичный;1;31;15;8;1309.5
514;ФМР;2;каркасный;0;31;17;7;999
515;ФМР;2;каркасный;0;31;17;7;1201.5
516;ФМР;2;каркасный;0;31;17;6;1250.1
517;ФМР;2;каркасный;0;31;19;6;1300.05
518;ФМР;2;каркасный;0;31;19;6;1300.05
519;ФМР;2;кирпичный;1;31;17;6;1250.1
520;ФМР;2;каркасный;0;31;17;6;1350
521;ФМР;2;каркасный;0;31;17;6;1350
522;Центр;2;кирпичный;1;31;17;7;1201.5
523;Центр;3;кирпичный;1;31;17;6;1107
524;Центр;3;блочный;0;31;17;6.5;1350
525;Центр;3;каркасный;0;31;23.3;4.5;1026
526;ЧМР;3;кирпичный;1;31;17;6;1215
527;ЧМР;3;каркасный;0;31;17;7;1250.1
528;ЧМР;3;каркасный;0;31;17;7;1250.1
529;ЧМР;3;каркасный;0;31;17;6;1250.1
530;ЧМР;3;каркасный;0;31;17;6;1217.7
531;ЧМР;3;кирпичный;1;31;17;7;1250.1
532;ЧМР;3;кирпичный;1;31;17;6;1150.2
533;ЧМР;3;кирпичный;1;31;17.5;6.7;1236.6
534;ЧМР;3;кирпичный;1;31;18.5;6.5;1255.5
535;ЧМР;3;кирпичный;1;31;16;7;1366.2
536;Центр;3;блочный;0;31.4;16.6;6;1458
537;КМР;1;каркасный;0;31.6;17.7;7;1439.1
538;ЗИП;1;кирпичный;1;32;18;9;1250.1
539;Мосты;1;кирпичный;1;32;17;6;1209.6
540;Мосты;1;кирпичный;1;32;18;6;1188
541;ПМР;1;каркасный;0;32;18;7;1401.3
542;ПМР;1;каркасный;0;32;18;7;1188
543;СМР;1;каркасный;0;32;18;7;1039.5
544;ФМР;2;каркасный;0;32;18;6;874.8
545;ФМР;2;каркасный;0;32;17;6;1198.8
546;Центр;3;кирпичный;1;32;16;10;1100.25
547;Центр;3;блочный;0;32;20;6;1300.05
548;ЧМР;3;кирпичный;1;32;18;6;1350
549;ЧМР;3;каркасный;0;32;16;9;837
550;ЧМР;3;каркасный;0;32;18;6;1300.05
551;ЧМР;3;каркасный;0;32;17;6;1300.05
552;ЧМР;3;каркасный;0;32;17;6;1198.8
553;ЧМР;3;каркасный;0;32;18;6;1301.4
554;ЧМР;3;каркасный;0;32;18;6;1301.4
555;ЧМР;3;каркасный;0;32;17;6;1300.05
556;ЧМР;3;каркасный;0;32;17;6;1250.1
557;ЧМР;3;кирпичный;1;32;18;6;1539
558;ЧМР;3;кирпичный;1;32;18;7;1220.4
559;ЧМР;3;кирпичный;1;32;18;6;1198.8
560;ЧМР;3;кирпичный;1;32;16;9;864
561;ЧМР;3;кирпичный;1;32;17.2;6.5;1296
562;Центр;3;блочный;0;32.5;17.4;6.7;1242
563;ЧМР;3;кирпичный;1;32.5;16.5;8.8;945
564;Центр;3;каркасный;0;32.7;17.8;10.3;1485
565;СМР;1;кирпичный;1;33;18;6;1228.5
566;СМР;2;кирпичный;1;33;19;7;1260.9
567;СМР;2;кирпичный;1;33;18;11;1449.9
568;СМР;2;кирпичный;1;33;18;11;1198.8
569;ФМР;2;каркасный;0;33;17;6;1296
570;Центр;3;каркасный;0;33;19;6;1800.9
571;Центр;3;блочный;0;33;17;6;1399.95
572;Центр;3;блочный;0;33;18;7;1296
573;Центр;3;блочный;0;33;24;6;1755
574;Центр;3;каркасный;0;33;23;5.8;1458
575;ЧМР;3;кирпичный;1;33;16;7;783
576;ЧМР;3;каркасный;0;33;17;11;900.18
577;ЧМР;3;каркасный;0;33;18;8;1198.8
578;ЧМР;3;кирпичный;1;33;19.5;6.5;1323
579;ЮМР;4;каркасный;0;33;18;9;1498.5
580;ЮМР;4;блочный;0;33;18;11;1449.9
581;ЧМР;3;кирпичный;1;33.6;16;17.6;810
582;КМР;1;каркасный;0;34;19.5;7;1188
583;Мосты;1;кирпичный;1;34;17;6;1150.2
584;Мосты;1;кирпичный;1;34;17;6;1134
585;Мосты;1;кирпичный;1;34;17;12;1099.98
586;ПМР;1;каркасный;0;34;17;6;918
587;Рос-кая;1;кирпичный;1;34;17;7;1099.98
588;СМР;1;кирпичный;1;34;19;7;1250.1
589;СМР;2;кирпичный;1;34;19;6;1135.08
590;Центр;2;кирпичный;1;34;23;6;1498.5
591;Центр;2;кирпичный;1;34;18;8;1350
592;Центр;3;каркасный;0;34;18;7;1026
593;Центр;3;блочный;0;34;20;8;1350
594;ЧМР;3;кирпичный;1;34;16;10;950.4
595;ЧМР;3;каркасный;0;34;19;17;1485
596;ЧМР;3;каркасный;0;34;18;11;842.4
597;ЧМР;3;каркасный;0;34;19;10;1161
598;ЧМР;3;кирпичный;1;34;17;8;1201.5
599;ЧМР;3;кирпичный;1;34;17;10;1350
600;ЮМР;4;блочный;0;34;19;6;1134
601;ЮМР;4;блочный;0;34;18;8;1350
602;ЮМР;4;блочный;0;34;19;8;1512
603;ЮМР;4;блочный;0;34;19;15;1301.4
604;ЮМР;5;кирпичный;1;34;18;9;1350
605;Центр;3;каркасный;0;34.3;25.7;8.5;1134
606;КМР;1;блочный;0;35;27;5;1485
607;ПМР;1;каркасный;0;35;18;7;1512
608;СМР;2;кирпичный;1;35;18;9;1242
609;Ф.Таб;2;блочный;0;35;17;7;1215
610;Центр;2;кирпичный;1;35;23;5;2349
611;Центр;2;кирпичный;1;35;27;7;1323
612;Центр;3;каркасный;0;35;22;8;1485
613;Центр;3;каркасный;0;35;18;6;1250.1
614;Центр;3;каркасный;0;35;18;6;1250.1
615;Центр;3;блочный;0;35;18;7;1250.1
616;Центр;3;блочный;0;35;18;9;1404
617;КМР;1;каркасный;0;36;18.7;10.8;1250.1
618;Мосты;1;кирпичный;1;36;18;10;1179.9
619;Центр;2;кирпичный;1;36;24;4;1890
620;Центр;3;блочный;0;36;18;8;1201.5
621;Центр;3;блочный;0;36;19;8.5;2430
622;ЧМР;3;каркасный;0;36;15;10;865.08
623;ЧМР;3;кирпичный;1;36;18;10;810
624;ЧМР;3;блочный;0;36;27;8;1350
625;Школьная;3;блочный;0;36;16;9;1250.1
626;Центр;3;блочный;0;36.2;19.3;7.6;1512
627;СМР;2;блочный;0;36.6;24.1;7.1;1039.5
628;Центр;3;каркасный;0;36.6;23;8;810
629;Центр;3;каркасный;0;36.7;22.4;6;1242
630;Рос-кая;1;кирпичный;1;37;24;5;599.4
631;ФМР;2;каркасный;0;37;19;8;1301.4
632;Центр;3;блочный;0;37;18;8;1250.1
633;Центр;3;блочный;0;37;19;10;1134
634;ЮМР;4;блочный;0;37;19;8;1439.1
635;ЮМР;5;каркасный;0;37;18;10;1620
636;СМР;2;кирпичный;1;38;18;10;1379.7
637;ФМР;2;кирпичный;1;38;18;11;1215
638;Центр;2;кирпичный;1;38;33;5;1485
639;Центр;2;кирпичный;1;38;18;9;1350
640;ЮМР;5;кирпичный;1;38;18;11;1300.05
641;ЮМР;5;кирпичный;1;38;18;11;1300.05
642;СМР;1;каркасный;0;39;25;6;1649.7
643;ФМР;2;каркасный;0;39;27;10;1500.12
644;ФМР;2;каркасный;0;39;27;10;1500.12
645;ФМР;2;каркасный;0;39;16;12.5;2295
646;Центр;2;кирпичный;1;39;27;6;1431
647;Центр;3;каркасный;0;39;24;11;1134
648;ЧМР;3;каркасный;0;39;18;11;1174.5
649;Школьная;3;блочный;0;39;20;8;1309.5
650;ЗИП;1;кирпичный;1;40;20;10;1390.5
651;ПМР;1;каркасный;0;40;23;10;1099.98
652;СМР;1;каркасный;0;40;20;10;1449.9
653;СМР;1;блочный;0;40;20;10;1498.5
654;СМР;1;кирпичный;1;40;22;10;1600.02
655;СМР;2;кирпичный;1;40;20;10;1449.9
656;СМР;2;кирпичный;1;40;20;10;1498.5
657;СМР;2;кирпичный;1;40;20;10;1498.5
658;СМР;2;кирпичный;1;40;20;10;1404
659;СМР;2;кирпичный;1;40;20;10;1501.2
660;Ф.Таб;2;блочный;0;40;20;8;1296
661;ФМР;2;кирпичный;1;40;25;6;1501.2
662;ФМР;2;блочный;0;40;18;11;1501.2
663;ФМР;2;блочный;0;40;20;10;1512
664;ФМР;2;блочный;0;40;20;10;1215
665;ФМР;2;кирпичный;1;40;20;10;1134
666;ФМР;2;кирпичный;1;40;20;10;1401.3
667;ФМР;2;кирпичный;1;40;20;10;1600.02
668;ФМР;2;кирпичный;1;40;20;10;1350
669;ФМР;2;кирпичный;1;40;20;10;1399.95
670;ФМР;2;кирпичный;1;40;20;10;1149.93
671;ФМР;2;кирпичный;1;40;20;10;1359.99
672;ФМР;2;кирпичный;1;40;20;10;1399.95
673;ФМР;2;кирпичный;1;40;20;10;1250.1
674;ФМР;2;кирпичный;1;40;20;10;1600.02
675;ФМР;2;кирпичный;1;40;20;10;1620
676;ФМР;2;кирпичный;1;40;20;10;1600.02
677;ФМР;2;кирпичный;1;40;20;10;1600.02
678;ФМР;2;каркасный;0;40;20;10.5;1620
679;Центр;3;каркасный;0;40;26;4;1755
680;Центр;3;каркасный;0;40;26;4;1755
681;Центр;3;блочный;0;40;25;12;1301.4
682;Центр;3;блочный;0;40;22;9;1620
683;Центр;3;каркасный;0;40;20;10;1485
684;Центр;3;каркасный;0;40;17;7;1201.5
685;Центр;3;каркасный;0;40;20;10;3240
686;Центр;3;каркасный;0;40;18;8;1201.5
687;Центр;3;блочный;0;40;20;10;1323
688;Центр;3;каркасный;0;40;23;12;1269
689;Центр;3;каркасный;0;40;28;8;1350
690;ЧМР;3;каркасный;0;40;20;10;1350
691;ЧМР;3;каркасный;0;40;20;10;1652.4
692;ЧМР;3;каркасный;0;40;20;10;1001.7
693;ЧМР;3;кирпичный;1;40;19;9;1498.5
694;ЧМР;3;кирпичный;1;40;20;10;1198.8
695;ЧМР;3;кирпичный;1;40;20;10;1404
696;ЧМР;3;кирпичный;1;40;20;10;2295
697;Школьная;3;блочный;0;40;20;10;1350
698;Школьная;3;кирпичный;1;40;19;10;1350
699;Школьная;3;кирпичный;1;40;19;10;1350
700;ЮМР;4;блочный;0;40;20;10;1350
701;ЮМР;4;блочный;0;40;20;10;1350
702;ЮМР;4;блочный;0;40;20;10;1499.985
703;ЮМР;4;блочный;0;40;20;10;1552.5
704;ЮМР;4;блочный;0;40;20;10;1549.8
705;ЮМР;5;кирпичный;1;40;20;10;1701
706;ЮМР;5;кирпичный;1;40;20;10;1401.3
707;ЮМР;5;кирпичный;1;40;20;10;1649.7
708;ЮМР;5;кирпичный;1;40;20;10;1539
709;ЮМР;5;каркасный;0;40;20;10;1701
710;КМР;1;блочный;0;40.3;21.3;11.6;1269
711;ЧМР;3;кирпичный;1;40.3;30.7;9.6;999
712;КМР;1;блочный;0;41;20;11;1674
713;Центр;3;блочный;0;41;26;9;1254.15
714;Центр;3;блочный;0;41;29;6;1300.05
715;Центр;3;блочный;0;41;27;6;1890
716;Центр;3;каркасный;0;41;22;6;945
717;ЧМР;3;кирпичный;1;41;21;9;1080
718;ЮМР;4;блочный;0;41;20;10;1350
719;ПМР;1;каркасный;0;41.3;22;10;1296
720;ЧМР;3;блочный;0;41.4;26.4;6;1728
721;Центр;3;блочный;0;41.6;18.3;12.4;1863
722;ЧМР;3;блочный;0;41.7;28;6;1350
723;ЗИП;1;кирпичный;1;42;26;6;1377
724;Мосты;1;кирпичный;1;42;18;11;1601.1
725;СМР;1;каркасный;0;42;30;6;1134
726;ФМР;2;блочный;0;42;28;6;1549.8
727;ФМР;2;блочный;0;42;28;6;1350
728;ФМР;2;кирпичный;1;42;25;6;1428.3
729;Центр;3;каркасный;0;42;27;6;1571.4
730;Центр;3;каркасный;0;42;27;6;1501.2
731;Центр;3;каркасный;0;42;17;11;1215
732;Центр;3;каркасный;0;42;37;4;1134
733;ЧМР;3;блочный;0;42;28;6;1620
734;Школьная;3;блочный;0;42;20;10;1401.3
735;ЮМР;4;блочный;0;42;20;10;1501.2
736;ЮМР;4;кирпичный;1;42;18;13;1560.6
737;Центр;3;каркасный;0;42.9;27;5.8;1660.5
738;ЗИП;1;кирпичный;1;43;27;6;1331.1
739;ЗИП;1;кирпичный;1;43;27;7;1450.008
740;СМР;1;каркасный;0;43;27;6;1501.2
741;ФМР;2;кирпичный;1;43;27;6;1809
742;ФМР;2;кирпичный;1;43;20;13;1701
743;ФМР;2;каркасный;0;43;21.6;6.6;1890
744;Центр;3;блочный;0;43;28;6;1449.9
745;Центр;3;блочный;0;43;27;6;1053
746;Центр;3;блочный;0;43;18;14;1117.8
747;Центр;3;блочный;0;43;23;8.6;2362.5
748;Центр;3;каркасный;0;43;28;9;1620
749;ЧМР;3;блочный;0;43;28;6;1552.5
750;ЧМР;3;кирпичный;1;43;29;7;1499.985
751;ЧМР;3;кирпичный;1;43;29;6;1485
752;Центр;3;блочный;0;43.5;19;15;2970
753;Центр;3;каркасный;0;43.5;28;6.5;1471.5
754;ЧМР;3;блочный;0;43.8;27.8;6.5;1539
755;ЗИП;1;кирпичный;1;44;21;11;796.5
756;ЗИП;1;кирпичный;1;44;21;11;850.5
757;Мосты;1;кирпичный;1;44;28;7;1549.8
758;Мосты;1;кирпичный;1;44;28;7;1512
759;СМР;1;каркасный;0;44;30;7;1350
760;СМР;1;каркасный;0;44;28;6;1431
761;ФМР;2;каркасный;0;44;31;7;1350
762;ФМР;2;кирпичный;1;44;30;6;1600.02
763;ФМР;2;кирпичный;1;44;32;6;1512
764;ФМР;2;кирпичный;1;44;30;6;1601.1
765;ФМР;2;кирпичный;1;44;20;11;1300.05
766;Центр;3;блочный;0;44;28;8;1498.5
767;Центр;3;блочный;0;44;25;8;1890
768;Центр;3;блочный;0;44;30;5;1570.05
769;Центр;3;блочный;0;44;21;11;1250.1
770;Центр;3;каркасный;0;44;27.5;6;1485
771;ЧМР;3;блочный;0;44;31;6;1485
772;ЧМР;3;блочный;0;44;32;6;1449.9
773;ЧМР;3;блочный;0;44;31;6;1899.99
774;ЧМР;3;блочный;0;44;29;6;1499.985
775;ЧМР;3;кирпичный;1;44;28;6;1499.985
776;ЮМР;4;блочный;0;44;23;11;1061.1
777;Центр;3;каркасный;0;44.3;28.8;6;1485
778;Рос-кая;1;кирпичный;1;45;18;15;1401.3
779;Рос-кая;1;кирпичный;1;45;24;11;839.7
780;Рос-кая;1;каркасный;0;45;28;6.5;1431
781;СМР;1;каркасный;0;45;28;6;1499.985
782;ФМР;2;каркасный;0;45;28;6;1730.7
783;ФМР;2;каркасный;0;45;32;6;1188
784;ФМР;2;кирпичный;1;45;30;7;1601.1
785;ФМР;2;кирпичный;1;45;32;6;1600.02
786;ФМР;2;кирпичный;1;45;30;6;1749.6
787;ФМР;2;кирпичный;1;45;28;10;1674
788;ФМР;2;блочный;0;45;20;13;1498.5
789;ФМР;2;блочный;0;45;19;13;1458
790;ФМР;2;кирпичный;1;45;20;13;1458
791;ФМР;2;кирпичный;1;45;20;12;1501.2
792;ФМР;2;кирпичный;1;45;20;13;1501.2
793;ФМР;2;каркасный;0;45;28;10;1755
794;Центр;2;кирпичный;1;45;26;8;2025
795;Центр;2;кирпичный;1;45;29;6;1701
796;Центр;3;каркасный;0;45;29;6;1890
797;Центр;3;каркасный;0;45;39;6;1890
798;Центр;3;блочный;0;45;31;6;1599.75
799;Центр;3;каркасный;0;45;22;8;1512
800;ЧМР;3;блочный;0;45;30;6;1600.02
801;ЧМР;3;блочный;0;45;31;6;1900.8
802;ЧМР;3;кирпичный;1;45;33;6;1449.9
803;ЧМР;3;блочный;0;45;26;5.8;1458
804;Центр;3;каркасный;0;45.1;27.4;6.1;1404
805;ФМР;2;каркасный;0;45.5;19.6;13;1512
806;Центр;3;каркасный;0;45.5;37.4;8.1;1174.5
807;ЧМР;3;блочный;0;45.6;29.6;6.3;1498.5
808;ЧМР;3;блочный;0;45.6;28.2;6.1;1593
809;СМР;1;каркасный;0;46;29;6;1499.985
810;ФМР;2;каркасный;0;46;29;7;1701
811;ФМР;2;каркасный;0;46;31;6;1649.7
812;ФМР;2;кирпичный;1;46;29;7;1701
813;ФМР;2;каркасный;0;46;31.3;7;1755
814;Центр;3;блочный;0;46;30;6;1701
815;Центр;3;блочный;0;46;27;6;1404
816;Центр;3;каркасный;0;46;18;13;1479.6
817;Центр;3;каркасный;0;46;19;14;1629.99
818;Центр;3;блочный;0;46;20;13;1655.1
819;Центр;3;каркасный;0;46;28;6;1809
820;ЧМР;3;кирпичный;1;46;30;6;1350
821;ЧМР;3;блочный;0;46;30;6;1188
822;ЧМР;3;блочный;0;46;32;6;1296
823;ЧМР;3;блочный;0;46;31;7;1890
824;ЧМР;3;кирпичный;1;46;32;6;1600.02
825;ЮМР;5;кирпичный;1;46;22;11;1566
826;КМР;1;блочный;0;47;30;8;1890
827;Центр;3;блочный;0;47;27;9;2160
828;Центр;3;каркасный;0;47;32;8;1080
829;ЧМР;3;кирпичный;1;47;28;6;1701
830;ЧМР;3;каркасный;0;47;18;24;1620
831;ЧМР;3;блочный;0;47;33;6.5;1620
832;Центр;3;каркасный;0;47.1;22.4;7.1;1620
833;ЧМР;3;блочный;0;47.6;34;6.5;1620
834;ГМР;1;блочный;0;48;32;6;1449.9
835;ГМР;1;каркасный;0;48;32.4;6.5;1755
836;ПМР;1;каркасный;0;48;29;8;1566
837;СМР;1;каркасный;0;48;33;6;1652.4
838;СМР;2;кирпичный;1;48;33;6;1620
839;ФМР;2;каркасный;0;48;33;6;1749.6
840;ФМР;2;кирпичный;1;48;32;6;1599.75
841;ФМР;2;блочный;0;48;20;12;1949.4
842;ФМР;2;блочный;0;48;20;11;1890
843;ФМР;2;каркасный;0;48;20;11;2160
844;Центр;3;блочный;0;48;30;6;1674
845;Центр;3;блочный;0;48;27;8;1620
846;Центр;3;кирпичный;1;48;32;6;1800.9
847;Центр;3;каркасный;0;48;24;14;1215
848;Центр;3;каркасный;0;48;34;6;1701
849;ЧМР;3;кирпичный;1;48;32;6;1674
850;ЧМР;3;кирпичный;1;48;32;6;1649.7
851;ЧМР;3;кирпичный;1;48;15;10;1300.05
852;ЮМР;4;блочный;0;48;24;12;1836
853;ЮМР;4;кирпичный;1;48;28;8;1750.005
854;ЮМР;4;кирпичный;1;48;23;13;1444.5
855;КМР;1;блочный;0;48.5;28.5;8;1782
856;КМР;1;блочный;0;49;39;6;1350
857;ФМР;2;кирпичный;1;49;32;8;1899.99
858;Центр;3;кирпичный;1;49;27;10;1999.89
859;ЧМР;3;кирпичный;1;49;22;11;3501.9
860;ЧМР;3;кирпичный;1;49;22;11;2751.3
861;ГМР;1;каркасный;0;49.3;34.6;6;1728
862;ГМР;1;блочный;0;50;32;9;1215
863;ГМР;1;блочный;0;50;32;6;1458
864;ЗИП;1;каркасный;0;50;36;7;1701
865;ЗИП;1;каркасный;0;50;36;7;1566
866;ЗИП;1;каркасный;0;50;36;7;1539
867;ЗИП;1;каркасный;0;50;36;7;1599.75
868;ПМР;1;каркасный;0;50;32;10;1517.4
869;ПМР;1;каркасный;0;50;36;10;1501.2
870;СМР;2;кирпичный;1;50;30;6;1549.8
871;СМР;2;кирпичный;1;50;32;6;1549.8
872;СМР;2;кирпичный;1;50;32;8;1431
873;ФМР;2;блочный;0;50;35;6;2000.7
874;ФМР;2;кирпичный;1;50;20;13;1501.2
875;ФМР;2;кирпичный;1;50;20;13;1350
876;ФМР;2;кирпичный;1;50;20;13;1404
877;Центр;2;кирпичный;1;50;36;6;1701
878;Центр;2;кирпичный;1;50;35;6;1620
879;Центр;3;блочный;0;50;35;8;1260.9
880;Центр;3;блочный;0;50;30;10;1458
881;Центр;3;блочный;0;50;37;7;2160
882;Центр;3;кирпичный;1;50;33;6;2241
883;Центр;3;каркасный;0;50;35;6;1674
884;ЧМР;3;кирпичный;1;50;30;7;1749.6
885;ЮМР;4;кирпичный;1;50;28;9;1900.8
886;ЮМР;5;кирпичный;1;50;30;7;1899.99
887;ЮМР;5;каркасный;0;50.4;28.6;9;1539
888;ФМР;2;каркасный;0;50.5;35.5;6;1404
889;ГМР;1;блочный;0;51;21;7;1501.2
890;ФМР;2;кирпичный;1;51;20;13;1755
891;ФМР;2;кирпичный;1;51;20;11;561.6
892;Центр;2;блочный;0;51;29;8;1300.05
893;Центр;3;каркасный;0;51;26;12;3510
894;Центр;3;каркасный;0;51;21;11;1325.7
895;Школьная;3;блочный;0;51;20;11;1649.7
896;Школьная;3;кирпичный;1;51;20;11;1652.4
897;ГМР;1;каркасный;0;52;30;8;1593
898;КМР;1;блочный;0;52;40;10;3375
899;КМР;1;блочный;0;52;28.2;8;1485
900;Мосты;1;кирпичный;1;52;20;11;1674
901;Рос-кая;1;кирпичный;1;52;24;18;1401.3
902;ФМР;2;кирпичный;1;52;30;8;1752.3
903;ФМР;2;кирпичный;1;52;29;7;1899.99
904;ФМР;2;кирпичный;1;52;20;12;2251.8
905;ФМР;2;каркасный;0;52;21;15.8;1674
906;Центр;2;блочный;0;52;36;7;1485
907;Центр;3;каркасный;0;52;30;8;1755
908;Центр;3;блочный;0;52;31;9;1849.5
909;Центр;3;каркасный;0;52;20;13;1699.92
910;Центр;3;каркасный;0;52;46;6;1039.5
911;Центр;3;каркасный;0;52;49;4;1134
912;Центр;3;каркасный;0;52;32;6;1485
913;Рос-кая;1;каркасный;0;52.8;28;8.2;1593
914;КМР;1;блочный;0;53;32;9;1699.92
915;КМР;1;блочный;0;53;32;8.4;1755
916;ПМР;1;каркасный;0;53;31;15;1242
917;СМР;2;кирпичный;1;53;32;9;1404
918;СМР;2;кирпичный;1;53;29;9;1699.92
919;Центр;2;блочный;0;53;38;6;1755
920;ЧМР;3;блочный;0;53;36.2;7.8;1674
921;Школьная;3;кирпичный;1;53;30;14;1809
922;ЮМР;4;кирпичный;1;53;30;9;1949.94
923;ЧМР;3;блочный;0;53.9;32.3;8.1;1728
924;ПМР;1;каркасный;0;54;32;10;1899.99
925;ФМР;2;кирпичный;1;54;31;8;1952.1
926;ФМР;2;кирпичный;1;54;31;8;1798.2
927;Центр;2;кирпичный;1;54;38;6;1452.6
928;Центр;2;блочный;0;54;35;7;1890
929;Центр;2;блочный;0;54;40;6;2106
930;Центр;3;каркасный;0;54;32;8;1809
931;Центр;3;блочный;0;54;37;7;1485
932;ЧМР;3;кирпичный;1;54;36;6;1890
933;ЧМР;3;блочный;0;54;40;5;1601.1
934;ЧМР;3;блочный;0;54;40;5;1601.1
935;ЮМР;4;кирпичный;1;54;32;10;2224.8
936;ГМР;1;блочный;0;55;32;9;1863
937;ФМР;2;блочный;0;55;39;6;1350
938;ФМР;2;блочный;0;55;37;6;3510
939;ФМР;2;каркасный;0;55;34;6;1836
940;ГМР;1;блочный;0;56;33;10;1501.2
941;ГМР;1;блочный;0;56;33;11;1100.007
942;ГМР;1;блочный;0;56;30;10;1198.8
943;ЗИП;1;кирпичный;1;56;32;10;1899.99
944;СМР;1;каркасный;0;56;42;6;1620
945;СМР;2;кирпичный;1;56;32;9;1649.7
946;Ф.Таб;2;блочный;0;56;30;8;1741.5
947;ФМР;2;блочный;0;56;42;6;1749.6
948;ФМР;2;блочный;0;56;42;6;1601.1
949;ФМР;2;кирпичный;1;56;38;7;1620
950;Центр;3;каркасный;0;56;34;7;1755
951;Центр;3;каркасный;0;56;30;9;2025
952;Центр;3;блочный;0;56;34;6;2025
953;Центр;3;кирпичный;1;56;31;8;2799.9
954;Центр;3;каркасный;0;56;30;7;1107
955;ЧМР;3;кирпичный;1;56;41;6;1485
956;ЧМР;3;блочный;0;56;42;6;1671.3
957;ЧМР;3;блочный;0;56;42;6;1849.5
958;ЧМР;3;блочный;0;56;41;6;1749.6
959;ЧМР;3;кирпичный;1;56;39;6;1749.6
960;Школьная;3;кирпичный;1;56;30;9;1836
961;ЮМР;4;блочный;0;56;27;13;1755
962;ЮМР;5;кирпичный;1;56;27;16;2000.7
963;ЧМР;3;блочный;0;56.1;37.9;6.4;1811.7
964;ГМР;1;блочный;0;57;30;9;853.2
965;ГМР;1;блочный;0;57;31;11;899.1
966;ФМР;2;блочный;0;57;36;6;2600.1
967;ФМР;2;блочный;0;57;28;13;1944
968;ФМР;2;кирпичный;1;57;29;14;1880.01
969;ФМР;2;кирпичный;1;57;28;13;1939.95
970;Центр;2;кирпичный;1;57;33;10;3915
971;Центр;3;кирпичный;1;57;30;11;1485
972;ЧМР;3;кирпичный;1;57;40;6;1809
973;ЧМР;3;блочный;0;57;36;6;1620
974;ФМР;2;каркасный;0;57.2;42.1;6;2295
975;Центр;3;каркасный;0;57.7;39.6;6;1242
976;ФМР;2;каркасный;0;58;41;8;2199.96
977;ФМР;2;каркасный;0;58;46;5;2997
978;ФМР;2;каркасный;0;58;40;6;2500.2
979;ФМР;2;каркасный;0;58;35;5.8;2430
980;Центр;2;кирпичный;1;58;39;13;2700
981;Центр;2;кирпичный;1;58;39;9;2565
982;Центр;2;блочный;0;58;25;17;1601.1
983;Центр;3;кирпичный;1;58;29;11;2700
984;Центр;3;кирпичный;1;58;29;11;2700
985;Центр;3;блочный;0;58.5;27;13;1890
986;ГМР;1;каркасный;0;59;39;7;1755
987;КМР;1;блочный;0;59;44;9;2100.6
988;Мосты;1;кирпичный;1;59;46;6;1755
989;ФМР;2;блочный;0;59;42;15;1752.3
990;ФМР;2;блочный;0;59;42;6;1809
991;ФМР;2;блочный;0;59;42;6;1798.2
992;ФМР;2;кирпичный;1;59;42;8;1899.99
993;ФМР;2;каркасный;0;59;42;6;1863
994;Центр;3;каркасный;0;59;30;8;2430
995;ЧМР;3;кирпичный;1;59;44;6;2970
996;ФМР;2;каркасный;0;59.4;37.7;7.5;2322
997;ЧМР;3;блочный;0;59.4;44.4;6.7;1795.5
998;ФМР;2;каркасный;0;59.7;26.2;10.6;2646
999;ГМР;1;каркасный;0;60;42;7;2025
1000;ГМР;1;каркасный;0;60;46;7;1809
1001;ГМР;1;кирпичный;1;60;43;7.5;1944
1002;ЗИП;1;каркасный;0;60;47;6;1699.92
1003;ЗИП;1;каркасный;0;60;43;6;1755
1004;ЗИП;1;каркасный;0;60;43;6;1755
1005;ЗИП;1;каркасный;0;60;43;6.5;1890
1006;КМР;1;блочный;0;60;32;11;2025
1007;КМР;1;блочный;0;60;44;7;2199.96
1008;КМР;1;кирпичный;1;60;45;6;1620
1009;КМР;1;кирпичный;1;60;36;6;1431
1010;ПМР;1;каркасный;0;60;36;12;1501.2
1011;ПМР;1;каркасный;0;60;38;9;1849.5
1012;ПМР;1;каркасный;0;60;31;12;1900.8
1013;ФМР;2;блочный;0;60;40;9;2737.8
1014;ФМР;2;блочный;0;60;41;6;1800.9
1015;ФМР;2;блочный;0;60;40;9;2600.1
1016;ФМР;2;блочный;0;60;45;6;2199.96
1017;ФМР;2;блочный;0;60;40;6;1768.5
1018;ФМР;2;блочный;0;60;42;6;1750.14
1019;ФМР;2;блочный;0;60;42;7;2025
1020;ФМР;2;блочный;0;60;43;7;1849.5
1021;ФМР;2;блочный;0;60;40;5;1799.82
1022;ФМР;2;каркасный;0;60;38;7;2079
1023;ФМР;2;каркасный;0;60;42;15;2403
1024;Центр;2;блочный;0;60;40;9;3510
1025;Центр;2;блочный;0;60;40;12;1620
1026;Центр;3;кирпичный;1;60;28;18;1501.2
1027;Центр;3;каркасный;0;60;30;12;2400.3
1028;Центр;3;каркасный;0;60;30;12;2400.3
1029;Центр;3;каркасный;0;60;33;12;2100.6
1030;Центр;3;каркасный;0;60;40;9;1822.5
1031;Центр;3;каркасный;0;60;42;5.8;1890
1032;Центр;3;каркасный;0;60;45;6;2025
1033;ЧМР;3;кирпичный;1;60;45;6;1998
1034;ЧМР;3;кирпичный;1;60;40;9;1755
1035;ЧМР;3;кирпичный;1;60;40;6;2700
1036;ЧМР;3;кирпичный;1;60;40;6;1900.8
1037;ЧМР;3;кирпичный;1;60;40;6;1900.8
1038;ЧМР;3;блочный;0;60;39;6;1849.5
1039;ЧМР;3;блочный;0;60;46;6;1769.85
1040;ЧМР;3;блочный;0;60;44;6;1890
1041;ЧМР;3;кирпичный;1;60;41;7;1950.75
1042;ЧМР;3;кирпичный;1;60;40;8;1890
1043;ЧМР;3;кирпичный;1;60;42;7;1749.6
1044;ЧМР;3;кирпичный;1;60;38;10;1620
1045;ЧМР;3;блочный;0;60;31.9;11;1890
1046;ГМР;1;каркасный;0;61;45;8;1900.8
1047;КМР;1;блочный;0;61;34;10;2199.96
1048;КМР;1;блочный;0;61;34;10;2187
1049;КМР;1;блочный;0;61;37;9;1755
1050;КМР;1;кирпичный;1;61;39;8;1458
1051;Рос-кая;1;кирпичный;1;61;23;17;1149.93
1052;СМР;1;каркасный;0;61;45;6;2214
1053;ФМР;2;блочный;0;61;39;8;2100.6
1054;ФМР;2;каркасный;0;61;40.5;7.8;2295
1055;Центр;2;кирпичный;1;61;36;10;2295
1056;Центр;3;кирпичный;1;61;33;15;2025
1057;ЮМР;4;блочный;0;61;32;10;1609.2
1058;ЮМР;4;кирпичный;1;61;31;10;2199.96
1059;ГМР;1;кирпичный;1;61.6;47.4;6;1755
1060;ГМР;1;каркасный;0;62;38;8;1800.9
1061;КМР;1;кирпичный;1;62;40;9;2025
1062;КМР;1;кирпичный;1;62;45;7;1998
1063;КМР;1;каркасный;0;62;38;10;2133
1064;Мосты;1;кирпичный;1;62;48;8;1735.83
1065;СМР;1;каркасный;0;62;46;6;1809
1066;СМР;2;кирпичный;1;62;32;10;1879.2
1067;СМР;2;блочный;0;62;45;6;1755
1068;Ф.Таб;2;блочный;0;62;39;8;1849.5
1069;ФМР;2;каркасный;0;62;45;6;1800.9
1070;ФМР;2;кирпичный;1;62;32;26;2700
1071;Центр;2;блочный;0;62;33;8;2999.7
1072;Центр;2;блочный;0;62;45;8;2430
1073;Центр;2;блочный;0;62;38;8;2700
1074;Центр;3;кирпичный;1;62;35;9;2187
1075;Центр;3;каркасный;0;62;37;10;2173.5
1076;Центр;3;каркасный;0;62;45;6;2241
1077;ЮМР;4;кирпичный;1;62;33;10;1552.5
1078;ЮМР;4;кирпичный;1;62;33;13;1795.5
1079;ЮМР;4;блочный;0;62;32;13;1849.5
1080;ЮМР;4;блочный;0;62;33;16;2700
1081;Центр;3;кирпичный;1;62.1;45.5;6;1890
1082;ФМР;2;каркасный;0;62.9;45.4;6.5;1998
1083;ГМР;1;каркасный;0;63;38;8;1849.5
1084;ГМР;1;каркасный;0;63;38;8;1836
1085;ГМР;1;кирпичный;1;63;48.2;6.6;1404
1086;ЗИП;1;каркасный;0;63;40;8.5;2241
1087;ПМР;1;каркасный;0;63;50;7;1701
1088;СМР;2;кирпичный;1;63;46;10;2052
1089;ФМР;2;каркасный;0;63;46;6.7;2133
1090;Центр;2;блочный;0;63;37;7;2322
1091;Центр;2;блочный;0;63;37;7;2349
1092;Центр;3;каркасный;0;63.1;45.6;6.5;1917
1093;КМР;1;кирпичный;1;64;42;8;1728
1094;КМР;1;кирпичный;1;64;37;10;2150.01
1095;КМР;1;каркасный;0;64;38;8;1999.89
1096;КМР;1;каркасный;0;64;38;8;1949.4
1097;КМР;1;каркасный;0;64;38;8;2214
1098;Ф.Таб;2;блочный;0;64;38;9;2070.9
1099;Ф.Таб;2;блочный;0;64;46;7;2349
1100;Центр;2;кирпичный;1;64;39;10;2700
1101;Центр;2;блочный;0;64;36;8;3510
1102;Центр;2;блочный;0;64;38;9;1849.5
1103;Центр;2;блочный;0;64;36;9;3510
1104;Центр;2;блочный;0;64;45;9;3510
1105;Центр;3;блочный;0;64;31;11;1798.2
1106;Центр;3;блочный;0;64;37;15;1701
1107;ЧМР;3;кирпичный;1;64;40;8;2500.2
1108;ЮМР;4;каркасный;0;64;42;8;1899.99
1109;ЮМР;4;кирпичный;1;64;42;9;2799.9
1110;ГМР;1;каркасный;0;65;38;8;1952.1
1111;ЗИП;1;кирпичный;1;65;37;12;3780
1112;КМР;1;кирпичный;1;65;45;6;1900.8
1113;КМР;1;кирпичный;1;65;39;9;1890
1114;Мосты;1;кирпичный;1;65;24;17;1652.4
1115;Рос-кая;1;каркасный;0;65;40;8;1800.9
1116;СМР;2;кирпичный;1;65;31;15;2052
1117;СМР;2;кирпичный;1;65;31;15;1900.8
1118;СМР;2;кирпичный;1;65;32;12;1899.99
1119;Центр;2;блочный;0;65;40;7;2149.2
1120;Центр;3;кирпичный;1;65;42;7;1863
1121;Центр;3;каркасный;0;65;42.5;8;2430
1122;Школьная;3;кирпичный;1;65;40;9;3299.4
1123;ЮМР;4;кирпичный;1;65;48;18;2500.2
1124;ГМР;1;каркасный;0;66;38;7;1944
1125;ГМР;1;каркасный;0;66;42;6;2200.5
1126;ЗИП;1;кирпичный;1;66;30;14;1385.91
1127;ЗИП;1;каркасный;0;66;42;8;3250.8
1128;Центр;2;кирпичный;1;66;49;6;5400
1129;Центр;2;блочный;0;66;49;6;4320
1130;Центр;2;кирпичный;1;66;40;10;2484
1131;ЮМР;5;каркасный;0;66;48;8;1944
1132;ЧМР;3;блочный;0;66.5;39;8.5;2295
1133;ГМР;1;каркасный;0;67;38;8;2000.7
1134;ГМР;1;каркасный;0;67;39;8;2199.96
1135;ГМР;1;каркасный;0;67;41;8;2000.7
1136;КМР;1;кирпичный;1;67;40;9;1960.2
1137;КМР;1;кирпичный;1;67;39;9;1944
1138;КМР;1;каркасный;0;67;45;6;1649.7
1139;Мосты;1;кирпичный;1;67;45;9;1620
1140;ПМР;1;каркасный;0;67;49;7;1800.9
1141;ФМР;2;кирпичный;1;67;33;16;2100.6
1142;ФМР;2;кирпичный;1;67;33;16;2100.6
1143;ФМР;2;блочный;0;67;33;16;2200.5
1144;ФМР;2;блочный;0;67;33;16;2199.96
1145;ФМР;2;блочный;0;67;33;16;2106
1146;Центр;3;каркасный;0;67;31;9;2700
1147;Центр;3;кирпичный;1;67;33;12;2168.1
1148;ЮМР;4;каркасный;0;67;42;12;2500.2
1149;ЮМР;6;каркасный;0;67;41;9;2160
1150;ЗИП;1;каркасный;0;67.8;33;15.7;1817.1
1151;ГМР;1;каркасный;0;68;46;15;2052
1152;ГМР;1;каркасный;0;68;44;13;2160
1153;КМР;1;блочный;0;68;45;7;1809
1154;КМР;1;кирпичный;1;68;42;9;1782
1155;КМР;1;кирпичный;1;68;45;6;1620
1156;КМР;1;блочный;0;68;40;7.5;2025
1157;КМР;1;блочный;0;68;38;7;2160
1158;СМР;2;кирпичный;1;68;33;16;2249.1
1159;ФМР;2;каркасный;0;68;34;16;2011.5
1160;ФМР;2;блочный;0;68;34;16;2235.6
1161;ФМР;2;блочный;0;68;34;16;2199.96
1162;Центр;2;блочный;0;68;38;11;2160
1163;ЮМР;4;кирпичный;1;68;38;11;2511
1164;ЮМР;4;блочный;0;68;35;10;2600.1
1165;ЮМР;4;блочный;0;68;33;16;1800.9
1166;ЗИП;1;каркасный;0;68.2;33;15.7;1795.5
1167;КМР;1;каркасный;0;69;43;12;2100.6
1168;Мосты;1;кирпичный;1;69;24;17;1660.5
1169;ФМР;2;блочный;0;69;39;10;4050
1170;ФМР;2;каркасный;0;69;42.7;9.5;2241
1171;Центр;2;блочный;0;69;46;6;2160
1172;Центр;3;блочный;0;69;24;17;1649.7
1173;ЧМР;3;кирпичный;1;69;39;8;2000.7
1174;ЮМР;4;кирпичный;1;69;37;12;2529.9
1175;Центр;3;блочный;0;69.8;30.1;15;2079
1176;ГМР;1;каркасный;0;70;45;12;2399.76
1177;ЗИП;1;кирпичный;1;70;32;20;2565
1178;ЗИП;1;кирпичный;1;70;34;16;2300.4
1179;КМР;1;блочный;0;70;44;7;1944
1180;КМР;1;блочный;0;70;44;7;1944
1181;КМР;1;кирпичный;1;70;42;11;2079
1182;КМР;1;кирпичный;1;70;42;9;1782
1183;КМР;1;кирпичный;1;70;43;9;1404
1184;КМР;1;кирпичный;1;70;46;8;1620
1185;КМР;1;каркасный;0;70;40;9;1944
1186;ПМР;1;каркасный;0;70;34;19;2187
1187;ПМР;1;каркасный;0;70;36;16;2276.1
1188;СМР;1;каркасный;0;70;34;16;1952.1
1189;СМР;2;кирпичный;1;70;33;16;1782
1190;СМР;2;кирпичный;1;70;34;16;2169.99
1191;СМР;2;кирпичный;1;70;34;16;1852.2
1192;СМР;2;блочный;0;70;34;16;1301.4
1193;ФМР;2;каркасный;0;70;47;7;4099.95
1194;ФМР;2;каркасный;0;70;33;15;1949.4
1195;ФМР;2;кирпичный;1;70;34;14;2187
1196;ФМР;2;блочный;0;70;41;12;2549.88
1197;ФМР;2;блочный;0;70;36;16;2000.7
1198;ФМР;2;блочный;0;70;33;15;2149.2
1199;ФМР;2;блочный;0;70;33;15;2149.2
1200;ФМР;2;блочный;0;70;33;16;2100.6
1201;ФМР;2;блочный;0;70;33;15;2299.86
1202;ФМР;2;каркасный;0;70;44;7;1944
1203;Центр;2;кирпичный;1;70;48;8;3780
1204;Центр;2;кирпичный;1;70;47;9;1890
1205;Центр;2;блочный;0;70;43;9;2430
1206;Центр;2;блочный;0;70;40;10;2100.6
1207;Центр;2;кирпичный;1;70;49;8;1890
1208;Центр;3;кирпичный;1;70;32;15;2295
1209;Центр;3;кирпичный;1;70;36;12;1900.8
1210;Центр;3;кирпичный;1;70;40;14;2970
1211;Центр;3;каркасный;0;70;40;14;2970
1212;Центр;3;каркасный;0;70;35;11;2899.8
1213;Центр;3;каркасный;0;70;29;15;2239.92
1214;ЧМР;3;кирпичный;1;70;44;12;2362.5
1215;ЧМР;3;кирпичный;1;70;38;6;1798.2
1216;Школьная;3;кирпичный;1;70;35;15;2106
1217;Школьная;3;кирпичный;1;70;33;16;2241
1218;Школьная;3;кирпичный;1;70;35;15;2100.6
1219;Школьная;3;кирпичный;1;70;35;15;2199.96
1220;Школьная;3;кирпичный;1;70;40;10;1890
1221;ЮМР;4;каркасный;0;70;44;10;2079
1222;ЮМР;4;каркасный;0;70;34;12;2349
1223;ЮМР;4;каркасный;0;70;34;12;2349
1224;ЮМР;4;кирпичный;1;70;50;9;3132
1225;ЮМР;4;кирпичный;1;70;40;8;2484
1226;ЮМР;4;кирпичный;1;70;44;9;2052
1227;ЮМР;4;кирпичный;1;70;44;16;2400.3
1228;ЮМР;4;кирпичный;1;70;35;15;2300.4
1229;ЮМР;4;кирпичный;1;70;36;14;1998
1230;ЮМР;4;кирпичный;1;70;37;14;2149.2
1231;ЮМР;4;блочный;0;70;33;16;2106
1232;ЮМР;5;кирпичный;1;70;26;16;2500.2
1233;ЗИП;1;кирпичный;1;71;36;11;1279.8
1234;ЗИП;1;кирпичный;1;71;36;11;1309.5
1235;ЗИП;1;кирпичный;1;71;36;11;1306.8
1236;ФМР;2;каркасный;0;71;33;15;2100.6
1237;ФМР;2;каркасный;0;71;41;13;2160
1238;Центр;3;каркасный;0;71;46;8;2025
1239;ГМР;1;каркасный;0;72;52;9;1890
1240;ЗИП;1;кирпичный;1;72;48;16;2700
1241;ЗИП;1;каркасный;0;72;37;11.5;1485
1242;КМР;1;кирпичный;1;72;48;8;1620
1243;КМР;1;кирпичный;1;72;42;8;1755
1244;КМР;1;кирпичный;1;72;43;9;1944
1245;КМР;1;кирпичный;1;72;44;12;2511
1246;КМР;1;кирпичный;1;72;44;10;1800.9
1247;КМР;1;каркасный;0;72;43;10;1800.9
1248;КМР;1;блочный;0;72;45;8;2300.4
1249;КМР;1;каркасный;0;72;42;9;1809
1250;КМР;1;каркасный;0;72;39;9;2600.1
1251;КМР;1;каркасный;0;72;42;8;1809
1252;КМР;1;каркасный;0;72;42;8;1849.5
1253;КМР;1;каркасный;0;72;42;8;1971
1254;КМР;1;каркасный;0;72;44;9;2538
1255;КМР;1;блочный;0;72;42;9;2106
1256;Центр;2;блочный;0;72;43;10;2511
1257;Центр;3;каркасный;0;72;44;14;2308.5
1258;ЧМР;3;кирпичный;1;72;42;8;3024
1259;ЧМР;3;кирпичный;1;72;33;16;2322
1260;Школьная;3;кирпичный;1;72;33;16;2295
1261;ЮМР;4;каркасный;0;72;42;8;1917
1262;ЮМР;4;кирпичный;1;72;43;10;2832.3
1263;ЮМР;4;блочный;0;72;42;9;2079
1264;ЮМР;4;блочный;0;72;42;9;2100.6
1265;ЮМР;4;блочный;0;72;42;8;2700
1266;ЮМР;4;блочный;0;72;33;1;1836
1267;ЮМР;4;кирпичный;1;72;37;12;1629.45
1268;ЮМР;4;кирпичный;1;72;39;12;1819.8
1269;ЮМР;4;кирпичный;1;72;36;11;1552.5
1270;ЮМР;4;кирпичный;1;72;33;16;1998
1271;ЮМР;4;кирпичный;1;72;33;15;2149.2
1272;Центр;3;кирпичный;1;72.8;60.5;8.2;4860
1273;ГМР;1;каркасный;0;73;44;12;2397.6
1274;КМР;1;каркасный;0;73;42;8;1890
1275;ФМР;2;каркасный;0;73;47;15;2079
1276;Центр;2;блочный;0;73;53;8;6750
1277;Центр;3;блочный;0;73;54;6;2160
1278;Центр;3;каркасный;0;73;50;9;2430
1279;ЮМР;4;кирпичный;1;73;35;16;3510
1280;Центр;3;каркасный;0;73.4;50.9;8.4;2241
1281;Рос-кая;1;каркасный;0;74;28.5;9;837
1282;ФМР;2;блочный;0;74;38;15;2300.4
1283;Центр;2;блочный;0;74;51;9;3483
1284;Центр;2;блочный;0;74;41;14;3199.5
1285;Центр;2;кирпичный;1;74;51;9;3375
1286;Центр;3;каркасный;0;74;35;13;2380.59
1287;Школьная;3;кирпичный;1;74;46;12;2367.9
1288;Школьная;3;каркасный;0;74;46;12;1890
1289;ЮМР;4;каркасный;0;74;42;8;2700
1290;ЮМР;4;кирпичный;1;74;43;12;2400.3
1291;ЮМР;4;блочный;0;74;50;14;2000.7
1292;ЮМР;4;блочный;0;74;50;14;2000.7
1293;ЮМР;4;кирпичный;1;74;34;14;1852.47
1294;КМР;1;блочный;0;75;54;9;1755
1295;СМР;1;каркасный;0;75;42;14;2295
1296;ФМР;2;каркасный;0;75;42;12;2376
1297;ФМР;2;блочный;0;75;40;12;3105
1298;ФМР;2;блочный;0;75;34;18;1999.89
1299;ФМР;2;кирпичный;1;75;43;14;2835
1300;Центр;2;каркасный;0;75;51;18;3202.2
1301;Центр;2;каркасный;0;75;48;15;3267
1302;Центр;2;каркасный;0;75;47;11;3105
1303;Центр;3;кирпичный;1;75;35;17;2799.9
1304;ЧМР;3;кирпичный;1;75;35;17;2400.3
1305;ЮМР;4;каркасный;0;75;42;15;2400.3
1306;ЮМР;4;кирпичный;1;75;42;15;2449.98
1307;ЮМР;4;кирпичный;1;75;53;10;2950.02
1308;ЮМР;4;блочный;0;75;42;15;2400.3
1309;ЮМР;6;каркасный;0;75;38;11;2241
1310;КМР;1;блочный;0;75.2;51.8;9;2160
1311;ГМР;1;каркасный;0;76;45;10;2214
1312;ГМР;1;кирпичный;1;76;45;12;2295
1313;ФМР;2;каркасный;0;76;40;11;4050
1314;Центр;2;кирпичный;1;76;48;12;2799.9
1315;Центр;2;каркасный;0;76;44;12;3780
1316;ЧМР;3;кирпичный;1;76;49;10;1701
1317;ЮМР;4;блочный;0;76;36;14;2100.6
1318;Центр;3;кирпичный;1;76.7;55.8;18;2079
1319;КМР;1;кирпичный;1;77;52;9;2299.86
1320;КМР;1;блочный;0;77;52;11;3240
1321;СМР;1;каркасный;0;77;48;12;2079
1322;ФМР;2;блочный;0;77;45;15;3105
1323;ФМР;2;кирпичный;1;77;45;15;3240
1324;Центр;2;каркасный;0;77;43;19;2430
1325;Центр;2;каркасный;0;77;48;9;2592
1326;ЧМР;3;блочный;0;77;44;11.5;2295
1327;ЮМР;6;каркасный;0;77;42;8;2430
1328;ЗИП;1;каркасный;0;77.3;41.3;11.3;2430
1329;ГМР;1;кирпичный;1;77.4;56;11;2295
1330;КМР;1;блочный;0;77.5;51.7;10;4185
1331;ГМР;1;каркасный;0;78;45;12;2149.2
1332;ГМР;1;каркасный;0;78;52;9;2299.995
1333;ГМР;1;каркасный;0;78;52;9;2160
1334;ГМР;1;каркасный;0;78;52;9;2200.5
1335;КМР;1;блочный;0;78;52;9;1755
1336;КМР;1;блочный;0;78;52;8;1836
1337;КМР;1;блочный;0;78;52;9;2199.96
1338;КМР;1;блочный;0;78;52;9;2106
1339;КМР;1;каркасный;0;78;54;10;2295
1340;КМР;1;кирпичный;1;78;52;9;2214
1341;КМР;1;кирпичный;1;78;52;10;2160
1342;КМР;1;каркасный;0;78;52;9;2160
1343;КМР;1;каркасный;0;78;52;9;2187
1344;КМР;1;блочный;0;78;52;11;2403
1345;Ф.Таб;2;блочный;0;78;48;9;2349
1346;Ф.Таб;2;блочный;0;78;48;9;2160
1347;Ф.Таб;2;блочный;0;78;52;12;2300.4
1348;Ф.Таб;2;блочный;0;78;52;12;2300.4
1349;ЧМР;3;кирпичный;1;78;56;12;2200.5
1350;ЧМР;3;кирпичный;1;78;56;12;2300.4
1351;ЮМР;4;каркасный;0;78;49;9;2133
1352;ЮМР;4;кирпичный;1;78;56;10;2160
1353;ЮМР;6;каркасный;0;78;42.3;14;2187
1354;ЮМР;6;каркасный;0;78;52;10;2241
1355;ЮМР;6;каркасный;0;78;58;12;2376
1356;Школьная;4;каркасный;0;78.5;52;8.5;2700
1357;КМР;1;блочный;0;79;55;10;2299.05
1358;КМР;1;блочный;0;79;52;9;2200.5
1359;ПМР;1;каркасный;0;79;52;10;2397.6
1360;СМР;1;каркасный;0;79;49;11;2370.6
1361;ФМР;2;кирпичный;1;79;59;14;2430
1362;ЮМР;4;каркасный;0;79;49;9;2200.5
1363;ЮМР;4;блочный;0;79;49;9;2200.5
1364;ЮМР;6;каркасный;0;79;52;10;2430
1365;ПМР;1;каркасный;0;79.4;42;14;1944
1366;ЗИП;1;кирпичный;1;80;43;16;2700
1367;КМР;1;кирпичный;1;80;54;10;2970
1368;ПМР;1;каркасный;0;80;42;14;2119.5
1369;ПМР;1;каркасный;0;80;45;14;1917
1370;ПМР;1;каркасный;0;80;42;14;2099.79
1371;ПМР;1;каркасный;0;80;42;14;2200.5
1372;ФМР;2;блочный;0;80;42;11;4050
1373;ФМР;2;блочный;0;80;45;9;2700
1374;ФМР;2;блочный;0;80;43;15;3105
1375;ФМР;2;каркасный;0;80;53.5;8.2;3375
1376;Центр;2;кирпичный;1;80;55;14;2160
1377;Центр;2;кирпичный;1;80;50;12;2597.4
1378;Центр;2;каркасный;0;80;46;9;3402
1379;Центр;3;каркасный;0;80;40;10;4050
1380;Центр;3;каркасный;0;80;29;32;3898.8
1381;Центр;3;каркасный;0;80;38;12;3499.2
1382;Центр;3;блочный;0;80;23.2;7.8;810
1383;Центр;3;кирпичный;1;80;50;10;3240
1384;ЧМР;3;блочный;0;80;52;10;2430
1385;ЧМР;3;блочный;0;80;60;10;2646
1386;ЧМР;3;кирпичный;1;80;32;10;2160
1387;ЧМР;3;блочный;0;80;52;8;2484
1388;Школьная;4;каркасный;0;80;53;12;2430
1389;ЮМР;4;каркасный;0;80;50;18;2500.2
1390;ЮМР;4;кирпичный;1;80;52;9;2430
1391;ЮМР;4;кирпичный;1;80;50;15;2835
1392;ЮМР;4;кирпичный;1;80;50;16;2605.5
1393;ЮМР;4;кирпичный;1;80;40;18;3501.9
1394;ЮМР;4;кирпичный;1;80;45;18;3500.01
1395;Центр;3;кирпичный;1;81;57;10;2619
1396;СМР;1;каркасный;0;82;45;20;2214
1397;ФМР;2;каркасный;0;82;64;15;2999.7
1398;ФМР;2;блочный;0;82;59;15;2651.4
1399;Центр;2;кирпичный;1;82;52;10;3240
1400;Центр;2;кирпичный;1;82;50;10;2500.2
1401;Центр;2;кирпичный;1;82;50;10;2500.2
1402;ЧМР;3;блочный;0;82;45.5;16;2079
1403;ЮМР;4;кирпичный;1;82;52;15;2500.2
1404;ЮМР;4;блочный;0;82;54;13;2700
1405;СМР;1;каркасный;0;83;52;20;2651.4
1406;СМР;1;каркасный;0;83;54;20;2673
1407;ФМР;2;блочный;0;83;41;19;4492.8
1408;Центр;2;каркасный;0;83;56;14;5400
1409;Центр;3;кирпичный;1;83;60.7;8;1755
1410;ЮМР;4;кирпичный;1;83;50;13;2025
1411;КМР;1;каркасный;0;84;52;9;2214
1412;КМР;1;блочный;0;84;54;8;2295
1413;СМР;1;каркасный;0;84;53;20;2600.1
1414;ФМР;2;блочный;0;84;54;7;2600.1
1415;ЮМР;4;кирпичный;1;84;54;15;2392.2
1416;СМР;1;каркасный;0;85;70;9;3199.5
1417;Центр;3;каркасный;0;85;50;13;2124.9
1418;ЧМР;3;блочный;0;85;52;10;2600.1
1419;ЧМР;3;кирпичный;1;85;46;12;2997
1420;ГМР;1;каркасный;0;86;56;12;2097.9
1421;Центр;2;каркасный;0;86;44;12;3780
1422;Центр;3;каркасный;0;86;45;14;2149.2
1423;ЧМР;3;кирпичный;1;86;42;19;2835
1424;ЮМР;4;кирпичный;1;86;50;13;2497.5
1425;ЮМР;4;блочный;0;86;52;14;2349
1426;ЮМР;4;блочный;0;86;45;17;2457
1427;ФМР;2;каркасный;0;87;63;9;4050
1428;ЮМР;4;кирпичный;1;87;56;10;2295
1429;ЮМР;4;кирпичный;1;87;56;10;2295
1430;ЮМР;4;кирпичный;1;87;51;10;2851.2
1431;ЮМР;4;блочный;0;87;45;10;2835
1432;ЮМР;4;блочный;0;87;51;10;2848.5
1433;КМР;1;блочный;0;88;52;9;2025
1434;ЮМР;4;кирпичный;1;88;54;9;2430
1435;ЮМР;4;блочный;0;88;50;20;2754
1436;ЗИП;1;каркасный;0;90;52;12;2878.2
1437;КМР;1;блочный;0;90;54;11;2700
1438;Рос-кая;1;блочный;0;90;45;20;2254.5
1439;Рос-кая;1;каркасный;0;90;52;24;3240
1440;Центр;3;каркасный;0;90;50;12;6750
1441;ГМР;1;каркасный;0;91;70;17;2430
1442;ГМР;1;каркасный;0;91;52;13;1499.85
1443;Центр;3;каркасный;0;91;52;12;3051
1444;ЧМР;3;кирпичный;1;91;56;10;3500.01
1445;ЮМР;4;кирпичный;1;91;56;10;3302.1
1446;Центр;2;кирпичный;1;93;52;11;2241
1447;ЮМР;4;блочный;0;93;57;9;2324.7
1448;Центр;3;кирпичный;1;94.3;56.6;10;4185
1449;ЗИП;1;каркасный;0;95;72;10;3526.2
1450;Мосты;1;кирпичный;1;95;55;13;3099.978
1451;ФМР;2;блочный;0;95;40;15;2570.4
1452;ФМР;2;блочный;0;95;52;14;4725
1453;ФМР;2;блочный;0;95;48;13;4725
1454;Центр;2;кирпичный;1;95;65;15;3302.1
1455;Центр;2;каркасный;0;95;65;15;3402
1456;Центр;2;каркасный;0;95;55;13;2751.3
1457;Центр;3;кирпичный;1;95;75;10;1984.5
1458;Школьная;3;кирпичный;1;95;55;13;3051
1459;ЮМР;4;кирпичный;1;95;61;15;2700
1460;ЗИП;1;каркасный;0;96;72;11;3199.5
1461;Центр;2;кирпичный;1;96;68;9;5999.94
1462;Центр;2;каркасный;0;96;65;15;3294
1463;Центр;3;кирпичный;1;96;65;15.5;4185
1464;ЧМР;3;блочный;0;96;64;9;5940
1465;ЮМР;4;кирпичный;1;96;50;20;3099.6
1466;ЮМР;4;блочный;0;96;50;20;3051
1467;ЮМР;4;блочный;0;96;50;20;2902.5
1468;ФМР;2;каркасный;0;97;41;6;2295
1469;Центр;3;каркасный;0;97;46;17;3119.985
1470;ЮМР;4;кирпичный;1;97;56;12;2700
1471;ЮМР;4;кирпичный;1;97;56;12;2700
1472;ЮМР;4;кирпичный;1;97;56;12;2700
1473;СМР;1;каркасный;0;98;48;20;2600.1
1474;ФМР;2;блочный;0;98;66;12;4455
1475;ЮМР;4;блочный;0;98;50;18;2376
1476;ЮМР;4;блочный;0;99;53;12;2497.5
1477;ГМР;1;каркасный;0;100;60;8;2700
1478;ЗИП;1;каркасный;0;100;66;8;3199.5
1479;КМР;1;блочный;0;100;50;30;4320
1480;Ф.Таб;2;блочный;0;100;62;15;3240
1481;ФМР;2;блочный;0;100;67;13;4455
1482;ФМР;2;каркасный;0;100;64;12;2970
1483;ФМР;2;кирпичный;1;100;67;13;4050
1484;ФМР;2;кирпичный;1;100;65;15;3798.9
1485;Центр;2;кирпичный;1;100;53;10;3780
1486;Центр;3;каркасный;0;100;70;20;4563
1487;ЧМР;3;блочный;0;100;55;15;3780
1488;ЧМР;3;кирпичный;1;100;56;11;3456
1489;Школьная;3;кирпичный;1;100;62;14;3240
1490;ЮМР;4;кирпичный;1;100;73;8;2592
1491;ЮМР;4;кирпичный;1;100;73;8;2605.5
1492;ЮМР;4;кирпичный;1;100;73;8;2605.5
1493;ЮМР;4;кирпичный;1;100;66;10;2500.2
1494;ЮМР;7;каркасный;0;100;70;10;2835
1495;Центр;2;кирпичный;1;102;70;8;3645
1496;ПМР;1;каркасный;0;103;52;7;2999.7
1497;ФМР;2;кирпичный;1;104;65;12;2592
1498;ЗИП;1;каркасный;0;105;60;16;3618
1499;Рос-кая;1;кирпичный;1;105;60;12;3618
1500;Рос-кая;1;каркасный;0;105;60;16;3599.1
1501;Рос-кая;1;каркасный;0;105;70;16;3599.1
1502;Рос-кая;1;каркасный;0;105;60;16;3650.4
1503;Рос-кая;1;каркасный;0;105;55;15;4320
1504;ЧМР;3;блочный;0;105;65;15;3240
1505;Школьная;4;каркасный;0;105;70;20;4320
1506;Школьная;4;каркасный;0;105;70;20;4320
1507;ФМР;2;кирпичный;1;107;55;15;3780
1508;Школьная;4;каркасный;0;108;63;9;2295
1509;Центр;3;кирпичный;1;108.4;52.1;12;3901.5
1510;ЧМР;3;блочный;0;108.9;63.8;12;3429
1511;Центр;2;кирпичный;1;109;75;12;2725.11
1512;ФМР;2;кирпичный;1;110;68;15;5940
1513;Центр;2;кирпичный;1;110;65;18;4860
1514;Центр;2;каркасный;0;110;65;18;4995
1515;ЧМР;3;блочный;0;111;80;16;2999.7
1516;ФМР;2;кирпичный;1;112;90;18;3510
1517;ФМР;2;кирпичный;1;112;97;15;3510
1518;ФМР;2;кирпичный;1;112;63;14;3807
1519;ЧМР;3;блочный;0;112;98;12;4185
1520;Центр;2;кирпичный;1;115;85;10;3240
1521;ЮМР;4;блочный;0;115;60;12;3996
1522;ЮМР;4;блочный;0;115;60;12;4000.05
1523;Центр;2;каркасный;0;117;68;16;4185
1524;ЮМР;4;кирпичный;1;117;63;15;3186
1525;ЮМР;4;блочный;0;117;66;22;5130
1526;КМР;1;кирпичный;1;118;70;20;2565
1527;КМР;1;кирпичный;1;118;70;20;2565
1528;ЮМР;4;кирпичный;1;118;70;17;3375
1529;КМР;1;кирпичный;1;120;70;20;2565
1530;Рос-кая;1;каркасный;0;120;59;16;4050
1531;Центр;2;каркасный;0;120;60;14;3510
1532;Центр;3;кирпичный;1;120.5;80;8;5670
1533;Центр;2;каркасный;0;121;90;18;3267
1534;ЮМР;4;кирпичный;1;123;70;26;3690.9
1535;КМР;1;блочный;0;124;70;30;4050
1536;ЗИП;1;каркасный;0;125;67;15;3186
1537;ЗИП;1;каркасный;0;125;83;7;2835
1538;ПМР;1;каркасный;0;125;80;20;2106
1539;Центр;3;кирпичный;1;125;83;10;7020
1540;ЗИП;1;каркасный;0;126;67;15;2700
1541;Центр;3;кирпичный;1;127.2;79.9;11;4131
1542;КМР;1;блочный;0;130;60;20;4050
1543;ЮМР;4;кирпичный;1;130;90;15;4995
1544;ЮМР;7;каркасный;0;130;80;10;5130
1545;ФМР;2;каркасный;0;132;80;15;2025
1546;ГМР;1;кирпичный;1;134;84.3;15;3375
1547;ЧМР;3;блочный;0;134;84;8;3645
1548;Центр;2;каркасный;0;135;70;13;4725
1549;ЧМР;3;блочный;0;135;115;10;3375
1550;ГМР;1;каркасный;0;136;87;12;3240
1551;ГМР;1;каркасный;0;136;107;12;3645
1552;ФМР;2;каркасный;0;140;83;28;10260
1553;ЧМР;3;блочный;0;140;85;10;3375
1554;ЧМР;3;блочный;0;140;85;10;3375
1555;ФМР;2;кирпичный;1;145;80;9;3375
1556;ЧМР;3;блочный;0;147;82;18;3231.9
1557;ЧМР;3;блочный;0;147;82;18;2430
1558;ЧМР;3;блочный;0;147;82;18;3240
1559;ЧМР;3;блочный;0;147;118;15;3105
1560;ЧМР;3;блочный;0;147;100;15;3159
1561;Центр;2;кирпичный;1;150;90;20;5400
1562;Центр;2;кирпичный;1;150;75;20;6075
1563;Школьная;4;каркасный;0;150;84;18;3780
1564;ЮМР;4;кирпичный;1;150;100;20;4198.5
1565;ФМР;2;каркасный;0;156;82;17;4590
1566;ФМР;2;кирпичный;1;156.7;101.1;12;7290
1567;Центр;2;кирпичный;1;162;86;13;5670
1568;Центр;3;кирпичный;1;166;98;25;6210
1569;Рос-кая;1;каркасный;0;174;98;21.5;2619
1570;ЮМР;4;кирпичный;1;177;36;14;4590
1571;Рос-кая;1;каркасный;0;204;111;19;4590
1572;Центр;3;кирпичный;1;205;110;22;5535
1573;ЧМР;3;блочный;0;226;70;20;5940
;;;;;;;;
