full_name;gender_age;grade;exam;score
Moses Kirckman;M14;11th grade;fractions;69%
Timofei Strowan;M18;11th grade;fractions;63%
Silvain Poll;M18;9th grade;fractions;69%
Lezley Pinxton;M18;11th grade;fractions;nan
Bernadene Saunper;F17;11th grade;fractions;72%
Eldin Spitell;M16;11th grade;fractions;nan
Christi Lesser;F17;9th grade;fractions;86%
Papageno Rummin;M17;11th grade;fractions;81%
Nissa Wrotchford;F18;12th grade;fractions;68%
Vincent Blumer;M14;11th grade;fractions;59%
Roanne Blomfield;F14;11th grade;fractions;72%
Roanne Blomfield;F14;11th grade;fractions;72%
Lyda Gandrich;F16;12th grade;fractions;71%
Wanda Ivens;F18;10th grade;fractions;85%
Jarvis Cluelow;M14;9th grade;fractions;69%
Fabian Pratty;M18;12th grade;fractions;77%
Kippy Grewer;M18;9th grade;fractions;76%
Roanne Blomfield;F14;11th grade;fractions;72%
Hedvig Switsur;F14;10th grade;fractions;nan
Alene Paylie;F18;11th grade;fractions;86%
Gwendolen Attwoul;F15;9th grade;fractions;72%
Kevin Purkiss;M17;10th grade;fractions;81%
Micky Beechcraft;M16;12th grade;fractions;78%
Tybie Barrable;F15;12th grade;fractions;nan
Judie Isakson;F15;10th grade;fractions;67%
Harbert Traice;M16;12th grade;fractions;70%
Erma Cowx;F15;12th grade;fractions;61%
My Iskow;M15;10th grade;fractions;74%
Mariann Sinott;F18;10th grade;fractions;76%
Rad Hitcham;M14;10th grade;fractions;77%
Rosalind Butterwick;F17;11th grade;fractions;68%
Sherill Picton;F16;9th grade;fractions;71%
Hadrian Yurshev;M16;10th grade;fractions;84%
Andrea Cartmel;F16;12th grade;fractions;81%
Kristoforo Wilcockes;M15;10th grade;fractions;78%
Dyanne Raubenheim;F14;12th grade;fractions;nan
Melly Hancill;F14;9th grade;fractions;76%
Boyd Richt;M16;12th grade;fractions;81%
Anthea Coleridge;F16;12th grade;fractions;81%
Cad Shimoni;M14;11th grade;fractions;75%
Jedidiah Berrick;M14;12th grade;fractions;67%
Delaney Gartrell;M17;11th grade;fractions;87%
Valentine Mattersley;F17;11th grade;fractions;67%
Esta Woodger;F15;10th grade;fractions;69%
Marsh Wyke;M14;10th grade;fractions;90%
Hilliary Haycraft;F17;12th grade;fractions;64%
Clo Galland;F16;10th grade;fractions;82%
Reine Callingham;F16;11th grade;fractions;69%
Carlie McQueen;M16;11th grade;fractions;89%
Forrest Emery;M17;9th grade;fractions;94%
Kerry Lilion;M18;10th grade;fractions;80%
Penelopa Meace;F16;12th grade;fractions;69%
Raine Raddenbury;F15;10th grade;fractions;76%
Nerita Haslum;F17;11th grade;fractions;78%
Trevor Andreopolos;M14;12th grade;fractions;64%
Sargent Farlambe;M17;12th grade;fractions;81%
Rolland Whotton;M16;12th grade;fractions;64%
Vanny Lingard;F18;12th grade;fractions;78%
Talbot Godney;M18;12th grade;fractions;75%
D'arcy Farnfield;M17;10th grade;fractions;74%
Matthaeus Skipworth;M15;12th grade;fractions;70%
Roi Lethley;M17;12th grade;fractions;71%
Beverie Slemmonds;F15;10th grade;fractions;81%
Jessalyn Mateu;F17;12th grade;fractions;90%
Sylvan Fonzo;M16;11th grade;fractions;69%
Daron Gitsham;M15;10th grade;fractions;79%
Dov Spriggin;M14;11th grade;fractions;83%
Janene Perry;F17;12th grade;fractions;69%
Tamara Livzey;F18;12th grade;fractions;74%
Rutger Mumbey;M14;9th grade;fractions;64%
Malcolm Klimkov;M16;12th grade;fractions;75%
Sheppard Waszkiewicz;M18;10th grade;fractions;75%
Madeleine Maier;F15;11th grade;fractions;68%
Henrieta Brimilcombe;F17;10th grade;fractions;72%
Bartel Archer;M15;9th grade;fractions;84%
Lynde Hawtry;F16;9th grade;fractions;nan
Laurie Manuel;M14;12th grade;fractions;80%
Chen Morin;M14;12th grade;fractions;74%
Christopher Lathbury;M16;12th grade;fractions;79%
Randie Gilyott;M14;12th grade;fractions;71%
Robyn Blindermann;F16;11th grade;fractions;92%
Neron Klasen;M17;10th grade;fractions;71%
Ilyssa Lindenman;F14;9th grade;fractions;75%
Waneta Finnigan;F14;12th grade;fractions;62%
Benyamin Lappine;M16;9th grade;fractions;84%
Hasheem Carnihan;M15;10th grade;fractions;79%
Sindee Whyke;F17;11th grade;fractions;73%
Herbie Wheeler;M17;11th grade;fractions;70%
Cosmo Swetmore;M15;9th grade;fractions;76%
Guilbert Cheng;M18;11th grade;fractions;81%
Sybyl Kneeland;F14;11th grade;fractions;82%
Berte Disdel;F14;12th grade;fractions;83%
Jakie Cremer;M17;10th grade;fractions;69%
Owen Shaefer;M16;11th grade;fractions;69%
Zollie Manshaw;M17;10th grade;fractions;73%
Bria Seiller;F15;12th grade;fractions;72%
Lilyan Cicutto;F14;12th grade;fractions;88%
Grantham Maykin;M16;11th grade;fractions;75%
Doralyn Bartels;F14;12th grade;fractions;85%
Mariam Hallyburton;F18;9th grade;fractions;80%
Morissa Skade;F16;10th grade;fractions;72%
Jasper Comfort;M14;9th grade;fractions;76%
Siana Pallas;F18;10th grade;fractions;58%
Aldous Peele;M16;9th grade;fractions;86%
Ethelred Easun;M14;12th grade;fractions;85%
Goldarina Championnet;F14;10th grade;fractions;83%
Gardie Sleeny;M14;11th grade;fractions;67%
Ardyth Weaben;F14;11th grade;fractions;60%
Tomi Curuclis;F16;9th grade;fractions;71%
Rickie Toffler;F18;11th grade;fractions;73%
Grover Knightly;M16;9th grade;fractions;84%
Lowe Allatt;M17;11th grade;fractions;81%
Aveline Sammes;F16;10th grade;fractions;70%
Farlie Pawellek;M14;10th grade;fractions;87%
Luca Scutching;M15;11th grade;fractions;75%
Ardys Frid;F16;11th grade;fractions;83%
Johnny Iveson;M17;10th grade;fractions;70%
Mathilda De Vere;F17;9th grade;fractions;nan
Delia Lightbourne;F14;9th grade;fractions;58%
Traci de Verson;F14;9th grade;fractions;71%
Hugh Andreou;M17;9th grade;fractions;63%
William Eronie;M16;10th grade;fractions;73%
Drake Freen;M17;12th grade;fractions;84%
Teena Waulker;F18;9th grade;fractions;80%
Jaye MacNucator;M16;10th grade;fractions;72%
Averill Moth;M15;10th grade;fractions;72%
Chanda Longmead;F18;11th grade;fractions;65%
Arne Gartland;M14;10th grade;fractions;91%
Deena Cayle;F15;9th grade;fractions;71%
Thorpe Lindmark;M15;9th grade;fractions;68%
Gunner Walentynowicz;M16;9th grade;fractions;79%
Baird Loughnan;M16;12th grade;fractions;93%
Diego Larwell;M17;12th grade;fractions;81%
Harmon Seydlitz;M14;9th grade;fractions;82%
Kevyn Lomax;F17;10th grade;fractions;83%
Chico Ovenell;M14;11th grade;fractions;75%
Romola Kettles;F18;10th grade;fractions;71%
Betty Hubbuck;F18;9th grade;fractions;95%
Harri Hendrichs;F14;12th grade;fractions;83%
Gusti Jermey;F17;11th grade;fractions;76%
Winslow Corona;M17;9th grade;fractions;75%
Terese Ricketts;F15;11th grade;fractions;64%
Nataniel Bohl;M15;11th grade;fractions;77%
Bethany Hesbrook;F18;9th grade;fractions;65%
Fernande Dockrey;F15;12th grade;fractions;70%
Giordano Southon;M14;9th grade;fractions;64%
Jerrine De Vaar;F17;12th grade;fractions;88%
Andreas Morsley;M14;11th grade;fractions;70%
Ber Ormond;M18;10th grade;fractions;69%
Gian Smallpeace;M17;10th grade;fractions;74%
Drona Maccaddie;F16;12th grade;fractions;91%
Sella Swatton;F15;12th grade;fractions;85%
Ches Alfuso;M15;12th grade;fractions;74%
Rand Avison;M15;12th grade;fractions;83%
Nichols Auld;M15;11th grade;fractions;nan
Dion Dudson;M16;10th grade;fractions;67%
Dedra Tune;F18;12th grade;fractions;75%
Lowe Scamal;M15;10th grade;fractions;98%
Phineas Concannon;M15;12th grade;fractions;83%
Nertie Keast;F16;9th grade;fractions;66%
Arluene Danson;F17;12th grade;fractions;72%
Kelcey Cervantes;F15;12th grade;fractions;77%
Tana Jeal;F15;9th grade;fractions;69%
Eric Faber;M18;9th grade;fractions;65%
Eddie Lambot;M14;11th grade;fractions;77%
Pierrette Albro;F18;12th grade;fractions;64%
Karyl Brosoli;F15;10th grade;fractions;68%
Alexina Durham;F18;11th grade;fractions;74%
Florie Pleat;F16;9th grade;fractions;90%
Keefer Humbert;M18;11th grade;fractions;81%
Meryl Exposito;F15;12th grade;fractions;79%
Bing Son;M16;12th grade;fractions;51%
Kingsley Evill;M15;11th grade;fractions;83%
Scarlett Bancroft;F17;12th grade;fractions;93%
Franciskus Ramsell;M16;12th grade;fractions;87%
Whit Garrattley;M14;10th grade;fractions;88%
Viv Room;F18;9th grade;fractions;66%
Demott Boath;M16;11th grade;fractions;71%
Marrilee Caldecott;F16;9th grade;fractions;82%
Kat McCanny;F14;10th grade;fractions;nan
Melvyn Duncanson;M18;10th grade;fractions;74%
Ariadne Turville;F16;12th grade;fractions;nan
Ilka Spillman;F17;11th grade;fractions;58%
Rosina Dack;F18;12th grade;fractions;63%
Darryl Southern;F16;9th grade;fractions;81%
Bird Rodrig;F17;11th grade;fractions;82%
Gian McGauhy;M18;12th grade;fractions;73%
Lilia Craydon;F16;11th grade;fractions;71%
Gabbi Dinsell;F14;11th grade;fractions;60%
Ludovico Roskeilly;M15;12th grade;fractions;73%
Riley Vedeneev;M16;11th grade;fractions;64%
Levi Lifton;M14;9th grade;fractions;76%
Fons Lauritzen;M16;11th grade;fractions;53%
Ivory Deetch;F18;10th grade;fractions;65%
Roslyn Kimmel;F17;10th grade;fractions;54%
Eva Briant;F16;11th grade;fractions;71%
Velvet Reedie;F15;12th grade;fractions;76%
Garv Leathlay;M16;10th grade;fractions;69%
Margit Read;F14;9th grade;fractions;84%
Yurik Farrell;M18;9th grade;fractions;68%
Gigi Erley;F14;10th grade;fractions;63%
Madelaine Drees;F14;10th grade;fractions;73%
Nevins O'Sesnane;M16;9th grade;fractions;nan
Sonnie Yukhnev;F14;11th grade;fractions;83%
Boigie Kaindl;M15;11th grade;fractions;81%
Richmound Death;M18;9th grade;fractions;91%
Erma Gallo;F17;11th grade;fractions;55%
Lennard Dooney;M18;9th grade;fractions;67%
Katlin Henrie;F18;10th grade;fractions;73%
Loise Lackey;F15;9th grade;fractions;85%
Loise Lackey;F15;9th grade;fractions;85%
Loise Lackey;F15;9th grade;fractions;85%
Franzen Buey;M17;10th grade;fractions;58%
Malissia Kyd;F14;10th grade;fractions;87%
Garland Knok;F16;9th grade;fractions;79%
Ardelis Guilloux;F16;10th grade;fractions;68%
Talbert Tommasuzzi;M16;11th grade;fractions;nan
Minetta Cohen;F17;12th grade;fractions;71%
Lorita Carayol;F18;11th grade;fractions;88%
Cindelyn Grishin;F15;10th grade;fractions;78%
Sheri Ratcliff;F16;10th grade;fractions;73%
Magdalene Lilleman;F14;12th grade;fractions;83%
Ibby Catlin;F16;10th grade;fractions;73%
Garik Gerram;M17;10th grade;fractions;70%
Starlin Danahar;F16;12th grade;fractions;76%
Chuck Loffhead;M14;10th grade;fractions;74%
Friederike Stainton - Skinn;F17;12th grade;fractions;87%
Devin Sperwell;M14;11th grade;fractions;82%
Kasey Rowberry;F15;9th grade;fractions;81%
Manolo Tillerton;M17;10th grade;fractions;89%
Vassili Elflain;M15;11th grade;fractions;76%
Bjorn McLaverty;M18;12th grade;fractions;56%
Shannan Lievesley;M18;12th grade;fractions;77%
Pamela Powdrill;F16;11th grade;fractions;nan
Kaila Cantrell;F17;12th grade;fractions;nan
Eldredge Fawthorpe;M15;9th grade;fractions;74%
Joyous Langforth;F16;11th grade;fractions;80%
Ange Siveter;M18;12th grade;fractions;82%
Henri Nizard;M18;12th grade;fractions;68%
Hatti Olczak;F15;9th grade;fractions;nan
Abbe Tallowin;F17;10th grade;fractions;78%
Arvy Picott;M17;11th grade;fractions;81%
Noni Scalia;F15;9th grade;fractions;72%
Flossie Coulthard;F17;9th grade;fractions;70%
Falkner Dragonette;M14;12th grade;fractions;77%
Andy Foley;M14;11th grade;fractions;79%
Lewiss Tomlins;M15;11th grade;fractions;72%
Shoshana Littrell;F16;12th grade;fractions;74%
Sheelah Coleiro;F15;11th grade;fractions;70%
Bobbette Firebrace;F16;11th grade;fractions;86%
Hastie Dies;M15;11th grade;fractions;74%
Lee Stolberger;F17;12th grade;fractions;91%
Eddy Wreak;F18;10th grade;fractions;89%
Tris Leel;M18;10th grade;fractions;63%
Kyla Morsom;F16;10th grade;fractions;70%
Byram Nawton;M17;10th grade;fractions;76%
Lawrence Olander;M15;9th grade;fractions;69%
Sib Clotworthy;F15;12th grade;fractions;64%
Yevette Duncanson;F16;12th grade;fractions;87%
Clyde Shrubb;M15;11th grade;fractions;73%
Putnem Vedenichev;M16;9th grade;fractions;nan
Meade Scutter;M14;11th grade;fractions;69%
Timmie O'Siaghail;F14;10th grade;fractions;60%
Christiana Mechan;F18;12th grade;fractions;nan
Teodoro Verne;M17;11th grade;fractions;57%
Townie Attenbarrow;M14;11th grade;fractions;67%
Jacynth Tranmer;F14;12th grade;fractions;nan
Ugo Staniland;M17;11th grade;fractions;80%
Tyne Tilson;F17;9th grade;fractions;76%
Zorah Mazzei;F17;9th grade;fractions;67%
Elyssa Pourvoieur;F17;11th grade;fractions;72%
Vassily Andino;M14;9th grade;fractions;78%
Hugibert Copplestone;M18;9th grade;fractions;77%
Annelise O'Currane;F18;12th grade;fractions;74%
Connie de Clerk;M16;10th grade;fractions;71%
Lishe Beresfore;F18;10th grade;fractions;75%
Lina Dufall;F14;11th grade;fractions;78%
Jere Hawton;M16;9th grade;fractions;82%
Westleigh Gower;M18;11th grade;fractions;78%
Legra Alstead;F17;12th grade;fractions;74%
Rosemonde Heinrici;F16;12th grade;fractions;67%
Stanly Nolli;M17;9th grade;fractions;74%
Misti Ayre;F16;10th grade;fractions;82%
Idaline Uridge;F18;9th grade;fractions;73%
Lock Krystek;M17;12th grade;fractions;79%
Rollo Butterwick;M17;9th grade;fractions;81%
Erminie Abad;F15;10th grade;fractions;nan
Obadiah Gunbie;M15;12th grade;fractions;75%
Prentice Wanstall;M16;11th grade;fractions;76%
Stephannie Lill;F18;12th grade;fractions;89%
Morris Brannan;M18;12th grade;fractions;70%
Annabell Stoddard;F16;11th grade;fractions;72%
Anna-diana Marlon;F16;11th grade;fractions;nan
Schuyler Dairton;M14;9th grade;fractions;70%
Wash Copestick;M16;10th grade;fractions;82%
Arel Sissot;M15;9th grade;fractions;70%
Ardath Castleton;F16;10th grade;fractions;75%
Gregor Shingfield;M18;11th grade;fractions;80%
Anette Snawden;F17;11th grade;fractions;79%
Thurston Braiden;M14;9th grade;fractions;nan
Luci Carwithim;F15;12th grade;fractions;79%
Terrel Vosse;M18;10th grade;fractions;74%
Cecil Celli;M18;10th grade;fractions;70%
Tiffany Brocklehurst;F15;10th grade;fractions;66%
Lionello Claricoates;M18;9th grade;fractions;nan
Garv Leal;M15;12th grade;fractions;74%
Francisca Jantet;F16;11th grade;fractions;71%
Kimberli Corp;F15;10th grade;fractions;nan
Kimberli Corp;F15;10th grade;fractions;nan
Trude Keates;F15;10th grade;fractions;73%
Melinda Crayker;F16;10th grade;fractions;82%
Reta Band;F15;12th grade;fractions;84%
Tonnie Boynes;M15;11th grade;fractions;64%
Arlen Pinnick;M18;12th grade;fractions;70%
Caroljean Liffe;F15;9th grade;fractions;83%
Otis Hutten;M17;9th grade;fractions;76%
Quincy Woodroffe;M16;10th grade;fractions;67%
Quincy Woodroffe;M16;10th grade;fractions;67%
Colman Wellan;M14;11th grade;fractions;70%
Morris Lyman;M17;12th grade;fractions;94%
Gwendolin Anyene;F15;11th grade;fractions;84%
Deerdre Foukx;F17;11th grade;fractions;78%
Aubrette Cottey;F15;11th grade;fractions;73%
Ingrim Schwand;M18;11th grade;fractions;73%
Rubie Lissandri;F17;12th grade;fractions;nan
Jimmy Fedynski;M16;11th grade;fractions;64%
Alanson Grieger;M14;9th grade;fractions;76%
Mellicent Fullagar;F18;9th grade;fractions;63%
Lula Karlqvist;F16;11th grade;fractions;79%
Marna Vanelli;F18;9th grade;fractions;65%
Cordie Jelleman;F14;12th grade;fractions;72%
Raynell Ryson;F16;9th grade;fractions;78%
Reade McCorley;M17;10th grade;fractions;61%
Thedric Dwyer;M17;12th grade;fractions;87%
Addi Duffie;F16;10th grade;fractions;86%
Kleon Lewsley;M18;9th grade;fractions;81%
Nesta Syratt;F16;11th grade;fractions;59%
Bennie Dytham;F16;12th grade;fractions;nan
Ancell Kimmings;M16;9th grade;fractions;69%
Kit Wiggam;M18;10th grade;fractions;76%
Francklin Bramhill;M14;12th grade;fractions;75%
Mitch Doncom;M18;10th grade;fractions;nan
Inga Cawthorn;F14;12th grade;fractions;70%
Catherin Dresse;F18;11th grade;fractions;72%
Hewie Gilgryst;M17;10th grade;fractions;61%
Janifer Bartrum;F15;9th grade;fractions;62%
Sergio Grinaway;M17;12th grade;fractions;76%
Berrie Gamlyn;F15;11th grade;fractions;65%
Lin Ziehms;M14;10th grade;fractions;71%
Eimile Canniffe;F18;12th grade;fractions;nan
Falito Jayume;M18;9th grade;fractions;63%
Phil Simony;M17;11th grade;fractions;78%
Woodman Bloore;M15;11th grade;fractions;80%
Taryn Lambart;F14;10th grade;fractions;68%
Odelia Dowzell;F16;12th grade;fractions;75%
Tore Cracknell;M18;12th grade;fractions;nan
Jacky Joel;M17;11th grade;fractions;76%
Christiano Peto;M15;10th grade;fractions;66%
Georas Basezzi;M16;12th grade;fractions;86%
Zacharia Leroy;M15;10th grade;fractions;70%
Gaby Gwynn;F15;12th grade;fractions;nan
Georgianne Leavy;F17;12th grade;fractions;83%
Wain Licciardo;M15;12th grade;fractions;67%
Neall McElhinney;M17;9th grade;fractions;64%
Adelaide Maybery;F18;10th grade;fractions;69%
Corene Murrison;F14;10th grade;fractions;67%
Willem Hollingdale;M16;10th grade;fractions;70%
Fanya Beine;F18;12th grade;fractions;73%
Marin Pindell;F18;11th grade;fractions;nan
Herbie de la Valette Parisot;M17;12th grade;fractions;77%
Ode Shaw;M16;12th grade;fractions;73%
Melba Conkie;F18;10th grade;fractions;65%
Ignaz Malt;M14;12th grade;fractions;nan
Hamid Amiable;M18;11th grade;fractions;78%
Gifford Bernli;M16;10th grade;fractions;85%
Sigismundo Theml;M18;11th grade;fractions;67%
Anica Besnard;F16;12th grade;fractions;68%
Valeria Reynalds;F15;9th grade;fractions;85%
Neille Dell;F15;9th grade;fractions;75%
Pacorro Dingsdale;M16;9th grade;fractions;87%
Erica Coushe;F14;10th grade;fractions;74%
Mikkel Mallaby;M16;12th grade;fractions;nan
Legra Tye;F14;11th grade;fractions;80%
Linn Huster;M15;10th grade;fractions;nan
Randal Pennacci;M18;9th grade;fractions;63%
Noami McKay;F15;11th grade;fractions;75%
Mireielle Crebbin;F17;10th grade;fractions;73%
Panchito Mussett;M17;10th grade;fractions;71%
Kelvin McReynolds;M18;12th grade;fractions;61%
Keeley Walsham;F16;12th grade;fractions;77%
Audrie Rein;F17;11th grade;fractions;87%
Etienne Keoghan;M17;9th grade;fractions;95%
Claiborn Rylett;M14;10th grade;fractions;79%
Tanitansy Liddon;F14;10th grade;fractions;85%
Lennie Ashbey;M16;11th grade;fractions;nan
Denyse Dodgshun;F15;10th grade;fractions;66%
Alphard Ackland;M17;10th grade;fractions;58%
Bernie Bettridge;M14;12th grade;fractions;74%
Rodd Ahearne;M16;9th grade;fractions;79%
Adolphe Neljes;M17;10th grade;fractions;64%
Barrett Feragh;M14;9th grade;fractions;76%
Llewellyn Keech;M14;12th grade;fractions;83%
Llewellyn Keech;M14;12th grade;fractions;83%
Terrell Geri;M15;11th grade;fractions;80%
Gram Hallewell;M14;10th grade;fractions;67%
Stephana Boots;F18;9th grade;fractions;nan
Adrianne Bamfield;F14;11th grade;fractions;91%
Glynnis Eglise;F18;10th grade;fractions;nan
Ronnica Cough;F15;9th grade;fractions;77%
Kenyon Brisland;M18;12th grade;fractions;68%
Sherman Holdforth;M18;10th grade;fractions;79%
Zeke Marson;M14;10th grade;fractions;73%
Alexis Selbie;F17;12th grade;fractions;61%
Harcourt Bratton;M14;10th grade;fractions;73%
Cully Sandbatch;M16;9th grade;fractions;65%
Stephan Dufore;M14;10th grade;fractions;84%
Allayne Lettley;M15;10th grade;fractions;nan
Jamima Loweth;F16;12th grade;fractions;74%
Basil Choulerton;M18;12th grade;fractions;63%
Carmine Dewitt;M17;9th grade;fractions;79%
Carmine Dewitt;M17;9th grade;fractions;79%
"L;urette Preskett";F15;11th grade;fractions;73%
Thorvald Slograve;M18;11th grade;fractions;84%
Averil Petheridge;F16;10th grade;fractions;78%
Reece Haslam;M15;11th grade;fractions;71%
Rudolfo Welsby;M18;9th grade;fractions;80%
Page Vooght;F15;12th grade;fractions;77%
Charo Feragh;F18;9th grade;fractions;79%
Carmine Henriet;M18;9th grade;fractions;78%
Ado Hawlgarth;M16;10th grade;fractions;63%
Catlee Ilem;F15;9th grade;fractions;51%
Ursulina Robrow;F16;9th grade;fractions;71%
Garald Cawker;M15;10th grade;fractions;73%
Maxwell Dilliway;M16;10th grade;fractions;71%
Taite Kochel;M15;11th grade;fractions;nan
Porty Golding;M16;9th grade;fractions;65%
Mortie Bulmer;M15;9th grade;fractions;67%
Nadine Batteson;F14;11th grade;fractions;71%
Deloria Kerin;F15;11th grade;fractions;60%
Fremont MacInerney;M18;11th grade;fractions;73%
Lou Nelissen;M16;12th grade;fractions;66%
Elicia O'Meara;F17;12th grade;fractions;71%
Grantley Ruffey;M18;10th grade;fractions;62%
Lea Morigan;F18;10th grade;fractions;74%
Arleen Loveless;F18;9th grade;fractions;81%
Neille Wontner;F18;10th grade;fractions;83%
Augustus Caird;M14;9th grade;fractions;72%
Westbrook Celloni;M15;11th grade;fractions;65%
Granny Duligall;M15;9th grade;fractions;79%
Oran Reide;M18;9th grade;fractions;85%
Arleen MacAiline;F17;11th grade;fractions;85%
Caron Abthorpe;F14;10th grade;fractions;82%
Uri Birchenough;M14;9th grade;fractions;71%
Adelbert Pigot;M17;12th grade;fractions;80%
Vale Glanders;M14;12th grade;fractions;81%
Duane Gewer;M16;9th grade;fractions;57%
Carroll Cocksedge;M16;9th grade;fractions;78%
Mureil Doy;F15;9th grade;fractions;60%
Emelita Keggin;F17;9th grade;fractions;71%
Murielle Gartshore;F18;11th grade;fractions;75%
Kellen Litzmann;F17;11th grade;fractions;70%
Bentlee Mangeney;M17;10th grade;fractions;75%
Sid Vogl;M14;11th grade;fractions;72%
Dorella Alden;F17;9th grade;fractions;77%
Claudia Bever;F18;9th grade;fractions;68%
Phyllys Arnaudon;F18;11th grade;fractions;62%
Kevina Margrie;F17;11th grade;fractions;62%
Jolyn Noore;F15;11th grade;fractions;70%
Felizio Brittoner;M14;12th grade;fractions;70%
Christean Rollitt;F14;12th grade;fractions;66%
Sergeant Witherow;M15;11th grade;fractions;69%
Sharleen Broadey;F15;10th grade;fractions;80%
Deeann Duckworth;F16;10th grade;fractions;nan
Gerry Rangall;F15;12th grade;fractions;74%
Nissy Ogglebie;F14;12th grade;fractions;77%
Colver de Copeman;M18;10th grade;fractions;85%
Pammi Swaby;F14;11th grade;fractions;56%
Niels Lean;M17;9th grade;fractions;77%
Ali Ling;F17;12th grade;fractions;nan
Ode Evamy;M15;12th grade;fractions;88%
Claudetta Tyne;F17;12th grade;fractions;79%
Jennilee Megroff;F14;12th grade;fractions;85%
Sauveur Grouen;M15;9th grade;fractions;62%
Price Pallister;M14;12th grade;fractions;58%
Corabelle Zaniolo;F15;12th grade;fractions;67%
Ker Tween;M18;12th grade;fractions;87%
Norton Coleford;M15;11th grade;fractions;80%
Bonny Bartoszewicz;F16;12th grade;fractions;90%
Winonah Le-Good;F18;9th grade;fractions;84%
Lodovico Backhurst;M14;12th grade;fractions;79%
Bart Parres;M17;9th grade;fractions;87%
Jami Milam;F15;11th grade;fractions;63%
Merlina Aleshintsev;F16;11th grade;fractions;50%
Elysia Rime;F14;11th grade;fractions;73%
Lovell Coolican;M18;11th grade;fractions;70%
Halley Clunie;F14;12th grade;fractions;73%
Gale Mullender;F17;12th grade;fractions;72%
Ryun Denne;M17;11th grade;fractions;74%
Cazzie Potapczuk;M14;10th grade;fractions;71%
Verina Pasque;F18;10th grade;fractions;48%
Roseanna Gwinnell;F15;9th grade;fractions;89%
Ellissa Childrens;F14;12th grade;fractions;73%
Reeta Bramich;F18;12th grade;fractions;74%
Izabel Rymer;F15;11th grade;fractions;66%
Rosalie Donne;F18;11th grade;fractions;72%
Dulsea Burgot;F17;9th grade;fractions;77%
Dulsea Burgot;F17;9th grade;fractions;77%
Olin Youthead;M16;10th grade;fractions;67%
Alexine Faulconbridge;F14;11th grade;fractions;85%
Daile Stobbs;F16;12th grade;fractions;74%
Frans Olcot;M18;11th grade;fractions;76%
Abbe Addinall;M17;12th grade;fractions;80%
Anne-corinne Levens;F15;12th grade;fractions;74%
Randy Stuckford;F18;10th grade;fractions;77%
Diahann Pleven;F15;10th grade;fractions;83%
Cele Pavelka;F14;12th grade;fractions;82%
Roze Tregale;F15;9th grade;fractions;67%
Adams Davidsson;M16;12th grade;fractions;75%
Nonnah Karpfen;F18;10th grade;fractions;63%
Erena Stratton;F16;11th grade;fractions;nan
Chloe Payn;F18;10th grade;fractions;75%
Marie-ann Fishly;F15;12th grade;fractions;71%
Willetta McTurk;F17;10th grade;fractions;70%
Othello Karlsson;M15;11th grade;fractions;nan
Ashly Smeaton;F17;9th grade;fractions;78%
Eyde Kempshall;F17;12th grade;fractions;88%
Salmon Outridge;M17;10th grade;fractions;64%
Meade Moncarr;M16;10th grade;fractions;82%
Cletis Petricek;M18;9th grade;fractions;64%
Marlene Clue;F15;9th grade;fractions;75%
Reidar Dyneley;M14;11th grade;fractions;81%
Cam Stubbeley;M15;12th grade;fractions;56%
Walt Hebbs;M15;9th grade;fractions;73%
Georgia Ferraresi;F16;9th grade;fractions;73%
Maurice Lott;M17;11th grade;fractions;70%
Ambrosi Durnian;M15;11th grade;fractions;77%
Laurie Glandfield;F15;12th grade;fractions;64%
Ira Yurocjhin;M15;12th grade;fractions;66%
Carey Larvent;M15;11th grade;fractions;71%
Maridel Ghelardoni;F14;11th grade;fractions;86%
Aurilia Matejka;F15;12th grade;fractions;80%
Ingar Chaplain;M17;11th grade;fractions;79%
Berthe Annett;F17;10th grade;fractions;92%
Auberta Ciottoi;F18;10th grade;fractions;83%
Bogart Clemow;M16;11th grade;fractions;67%
Paige Bengtson;M14;10th grade;fractions;77%
Smitty Pettwood;M18;12th grade;fractions;81%
Teirtza Lewis;F14;12th grade;fractions;83%
Boote Gadie;M15;11th grade;fractions;73%
Agnesse Eronie;F18;10th grade;fractions;73%
Karoly Varker;M14;12th grade;fractions;77%
Franklyn Bevan;M17;12th grade;fractions;82%
Angil Lympany;F18;10th grade;fractions;85%
Trixie Mattussevich;F18;12th grade;fractions;86%
Kathie O'Lenane;F15;10th grade;fractions;75%
Philippine Fosdike;F16;9th grade;fractions;83%
Kelley Cherry Holme;M17;10th grade;fractions;73%
Gery Meegin;M17;11th grade;fractions;67%
Culver Chapelhow;M18;12th grade;fractions;80%
Goldi Kitchingham;F16;9th grade;fractions;68%
Shelby Shearsby;M17;10th grade;fractions;65%
Ainsley Longhirst;F14;10th grade;fractions;69%
Miriam Kapelhoff;F18;9th grade;fractions;84%
Wendeline Haney;F16;12th grade;fractions;70%
Calli Buckley;F18;10th grade;fractions;71%
Trumaine Cornwall;M16;12th grade;fractions;75%
Che Tomkinson;M14;11th grade;fractions;63%
Yard Santorini;M17;11th grade;fractions;57%
Ari Downing;M14;10th grade;fractions;69%
Blakeley Gibbard;F16;9th grade;fractions;81%
Colas Drennan;M15;12th grade;fractions;81%
Roderich Costell;M15;12th grade;fractions;80%
Kienan Simonard;M15;10th grade;fractions;72%
Claude Zuanazzi;F14;11th grade;fractions;78%
Burton Owbridge;M14;11th grade;fractions;82%
Hobey Bradlaugh;M18;11th grade;fractions;76%
Kermit Trusty;M16;9th grade;fractions;63%
Leona Vamplers;F14;12th grade;fractions;65%
Foster Paxton;M16;11th grade;fractions;82%
Raul Chrispin;M17;10th grade;fractions;77%
Carissa Bony;F17;10th grade;fractions;66%
Bealle Creeghan;M16;11th grade;fractions;87%
Arlette Gulvin;F17;10th grade;fractions;79%
Arlette Gulvin;F17;10th grade;fractions;79%
Vassili Galbreath;M18;9th grade;fractions;71%
Ingemar Bruyntjes;M16;9th grade;fractions;78%
Harbert Tripcony;M17;9th grade;fractions;65%
Minetta Cogar;F18;12th grade;fractions;86%
Wallie Leverich;F17;12th grade;fractions;83%
Mag Maneylaws;F16;11th grade;fractions;70%
Marja Pettiford;F16;9th grade;fractions;67%
Aarika Govett;F16;12th grade;fractions;64%
Tobi Marlon;F14;9th grade;fractions;76%
Ailina Shyre;F16;12th grade;fractions;80%
Benedetta MacSkeaghan;F15;9th grade;fractions;70%
Brig Meadowcroft;M16;12th grade;fractions;84%
Isidor Abrashkov;M14;11th grade;fractions;83%
Siana McKune;F17;12th grade;fractions;72%
Tuck Lyford;M17;11th grade;fractions;73%
Janie Paris;F17;11th grade;fractions;68%
Nikolia Rainsdon;F15;11th grade;fractions;66%
Libbie MacIver;F15;10th grade;fractions;71%
Caesar Arnison;M16;12th grade;fractions;70%
Leanora Cowup;F15;9th grade;fractions;72%
Leanora Cowup;F15;9th grade;fractions;72%
Ranna Fotherby;F14;10th grade;fractions;67%
Myrilla Pargiter;F16;9th grade;fractions;75%
Sheppard Fideler;M14;10th grade;fractions;72%
Leela Woollard;F17;11th grade;fractions;88%
Camille Mussotti;F16;9th grade;fractions;74%
Ari Watters;M17;9th grade;fractions;77%
Arne Glozman;M15;9th grade;fractions;67%
Carlina Illesley;F18;12th grade;fractions;64%
Rora Lomansey;F16;12th grade;fractions;88%
Lambert Henric;M18;12th grade;fractions;80%
Magda McCane;F18;10th grade;fractions;74%
Elmer Gettings;M18;10th grade;fractions;66%
Jodie Esslement;M15;10th grade;fractions;77%
Frederigo Gouch;M16;11th grade;fractions;nan
Datha Hay;F16;10th grade;fractions;82%
Joan Joint;F16;10th grade;fractions;nan
Calv Charlotte;M17;11th grade;fractions;75%
Letta Supple;F16;10th grade;fractions;60%
Mayne Brewers;M17;11th grade;fractions;73%
Valentia Blunsom;F16;11th grade;fractions;63%
Gillan Trahar;F17;11th grade;fractions;74%
Sibley Escott;F16;11th grade;fractions;68%
Edy Faussett;F15;11th grade;fractions;84%
Angelle Philippsohn;F15;12th grade;fractions;68%
Noah Rough;M15;10th grade;fractions;71%
Olly MacPhee;M16;10th grade;fractions;61%
Theobald Westraw;M15;11th grade;fractions;65%
Udall Cockland;M14;10th grade;fractions;71%
Kathi McGrorty;F15;10th grade;fractions;70%
Maggi Howship;F15;12th grade;fractions;65%
Mata Quiddington;M17;10th grade;fractions;79%
Barret Furby;M18;10th grade;fractions;69%
Mariejeanne Bullivent;F16;11th grade;fractions;84%
Edgard Cattle;M16;10th grade;fractions;79%
Rey Grisard;F14;11th grade;fractions;76%
Olvan O'Kielt;M18;12th grade;fractions;87%
Justen Pinkney;M17;10th grade;fractions;72%
Leopold Daniells;M16;9th grade;fractions;71%
Dalis Ausiello;M16;11th grade;fractions;70%
Dionisio Wickardt;M18;11th grade;fractions;79%
Boniface Mytton;M15;12th grade;fractions;78%
Ogden Camacho;M16;12th grade;fractions;91%
Alecia Harcase;F16;11th grade;fractions;82%
Nyssa Wauchope;F15;10th grade;fractions;84%
Tamarra Itzkov;F14;9th grade;fractions;69%
Giacopo Kassidy;M16;12th grade;fractions;82%
Trent Schruurs;M18;12th grade;fractions;76%
Wally Sinderland;F18;10th grade;fractions;80%
Filia Yvon;F15;9th grade;fractions;nan
Liesa Barabisch;F18;9th grade;fractions;77%
Correy Noquet;M17;10th grade;fractions;69%
Dulcie Dillon;F17;12th grade;fractions;78%
Aleen Rounsivall;F15;11th grade;fractions;73%
Reggy Burdoun;M17;10th grade;fractions;84%
Gayle Meaddowcroft;M15;12th grade;fractions;83%
Tremain Heephy;M14;12th grade;fractions;68%
Winnie Massenhove;M16;9th grade;fractions;73%
Josepha Ginnety;F16;10th grade;fractions;nan
Kelcey Jacob;F18;9th grade;fractions;64%
Miner Ogilby;M16;12th grade;fractions;80%
Maighdiln Esler;F14;11th grade;fractions;72%
Maryl Robeson;F14;11th grade;fractions;68%
Wye Brands;M16;9th grade;fractions;73%
Payton Entwhistle;M17;12th grade;fractions;87%
Daisy Norwich;F17;11th grade;fractions;82%
Robinet Crean;F15;12th grade;fractions;75%
Fred Kimmince;F16;9th grade;fractions;72%
Bondon Moloney;M17;10th grade;fractions;77%
Devan Sottell;F15;10th grade;fractions;78%
Hedwiga Gouck;F16;11th grade;fractions;84%
Kissiah Morrison;F17;10th grade;fractions;64%
Dionysus Chedgey;M18;10th grade;fractions;78%
Emmott Riddler;M15;9th grade;fractions;66%
Sharline Tinker;F17;9th grade;fractions;80%
Carmon Tetsall;F15;11th grade;fractions;74%
Tamara Poland;F16;9th grade;fractions;73%
Edwina Leschelle;F16;11th grade;fractions;85%
Antons Bembrick;M18;9th grade;fractions;72%
Clem McKeurtan;F18;12th grade;fractions;75%
Chaim Samper;M18;12th grade;fractions;72%
Brigitta Myhan;F15;12th grade;fractions;77%
Ursala Citrine;F16;12th grade;fractions;84%
Ursala Citrine;F16;12th grade;fractions;84%
Colly Garbutt;F17;11th grade;fractions;72%
Jermayne Fraanchyonok;M16;9th grade;fractions;nan
Franklin Shottin;M14;12th grade;fractions;78%
Cart Crew;M18;10th grade;fractions;67%
Bunni Ducket;F17;12th grade;fractions;76%
Abelard Bitchener;M16;11th grade;fractions;90%
Mattie Dewar;M18;12th grade;fractions;91%
Donia Stockoe;F18;10th grade;fractions;88%
Korella Spurden;F16;9th grade;fractions;79%
Basilius Sine;M17;10th grade;fractions;66%
Kingston Akaster;M14;9th grade;fractions;71%
Carita Utting;F16;11th grade;fractions;68%
Kizzee Kensington;F17;12th grade;fractions;68%
Garret Hartfleet;M17;12th grade;fractions;68%
Ingrid Meatyard;F18;12th grade;fractions;65%
Verney Sainsberry;M18;9th grade;fractions;85%
Lonni Bruhnicke;F16;9th grade;fractions;71%
Isa Staynes;M16;12th grade;fractions;57%
Hakim Stook;M18;10th grade;fractions;82%
Lucho Scarlet;M14;10th grade;fractions;69%
Wain Iacapucci;M15;11th grade;fractions;74%
Lorinda Coldbreath;F16;9th grade;fractions;64%
Emmalee Harrisson;F15;11th grade;fractions;65%
Pavel Makey;M17;9th grade;fractions;96%
Cristian Korba;M18;10th grade;fractions;84%
Vachel Bushrod;M15;11th grade;fractions;83%
Taddeusz Gavozzi;M16;10th grade;fractions;72%
Bil McCoole;M15;11th grade;fractions;nan
Lusa Swedeland;F18;9th grade;fractions;67%
Leonie Pashenkov;F18;9th grade;fractions;70%
Bruce Crebott;M16;11th grade;fractions;62%
Rikki McCauley;M17;12th grade;fractions;75%
Pauletta Austen;F18;9th grade;fractions;81%
Flynn Callicott;M16;10th grade;fractions;66%
Francesca Crumley;F14;11th grade;fractions;77%
Robinette Dillon;F15;12th grade;fractions;70%
Wendall Fontenot;M16;9th grade;fractions;84%
Cyndia Couchman;F16;12th grade;fractions;77%
Leeann Gregs;F14;12th grade;fractions;nan
Fran Gooderidge;M15;11th grade;fractions;nan
Zechariah Tuffield;M15;12th grade;fractions;70%
Demetris Lougheid;M15;9th grade;fractions;77%
Alis Truswell;F18;9th grade;fractions;94%
Wittie Caurah;M14;12th grade;fractions;89%
Cherie Gerant;F15;12th grade;fractions;71%
Wallis Eslie;M18;10th grade;fractions;78%
Trevor Mantle;M14;10th grade;fractions;75%
Fawnia Windram;F14;12th grade;fractions;76%
Heindrick Manilo;M18;11th grade;fractions;79%
Nadean Klasing;F17;11th grade;fractions;nan
Twila McKerton;F15;10th grade;fractions;59%
Gerry Sparling;M15;11th grade;fractions;70%
Denyse Bisseker;F15;9th grade;fractions;75%
Gweneth Churching;F18;12th grade;fractions;80%
Solomon Grainger;M17;12th grade;fractions;73%
Avram Esposi;M15;12th grade;fractions;nan
Quent McAughtry;M16;9th grade;fractions;77%
Manya Hafner;F18;9th grade;fractions;79%
Mateo Limbrick;M15;12th grade;fractions;79%
Marcela Samart;F16;10th grade;fractions;69%
Morry Foxen;M14;11th grade;fractions;84%
Johan Tenney;M14;10th grade;fractions;66%
Karisa Blackstock;F17;9th grade;fractions;75%
Kaila Salisbury;F18;12th grade;fractions;79%
Manolo Abramamov;M16;12th grade;fractions;90%
Jennilee Bernuzzi;F17;12th grade;fractions;80%
Selinda Takkos;F14;12th grade;fractions;75%
Cesare Spores;M18;11th grade;fractions;65%
Jacynth Scarrott;F18;12th grade;fractions;72%
Ariadne Dundridge;F18;9th grade;fractions;77%
Brander Grombridge;M16;9th grade;fractions;66%
Rupert Kiehnlt;M17;10th grade;fractions;nan
Dannie Gerber;M14;11th grade;fractions;80%
Kendall Nattriss;M18;11th grade;fractions;85%
Nowell Fender;M18;12th grade;fractions;78%
Darbee Marqyes;M14;12th grade;fractions;80%
Sarina Wakelin;F14;12th grade;fractions;77%
Vernen Boskell;M18;12th grade;fractions;62%
Rodge Bernardez;M16;10th grade;fractions;75%
Kip Innott;F17;11th grade;fractions;95%
Micah Moohan;M17;11th grade;fractions;nan
Gaston Oldroyd;M17;11th grade;fractions;94%
Garnet Yarranton;F17;11th grade;fractions;76%
Alverta Adolthine;F16;11th grade;fractions;73%
Cordey Kirkebye;F16;11th grade;fractions;90%
Carmelita Parkhouse;F15;12th grade;fractions;72%
Desdemona Jefferies;F16;10th grade;fractions;78%
Krissy Sanchis;F17;12th grade;fractions;77%
Corrianne Guerra;F14;12th grade;fractions;76%
Dominic Forsythe;M15;12th grade;fractions;90%
Ber Newlyn;M16;12th grade;fractions;70%
Trista Ruos;F18;10th grade;fractions;77%
Eldin Salmon;M15;11th grade;fractions;83%
Case Lighterness;M15;10th grade;fractions;71%
Donovan Peet;M17;12th grade;fractions;73%
Ingamar Ughi;M18;11th grade;fractions;73%
Pascale Doak;M18;9th grade;fractions;71%
Lauretta Rivelon;F17;12th grade;fractions;71%
Priscilla Savatier;F15;12th grade;fractions;71%
Hayes Cutsforth;M15;12th grade;fractions;93%
Anestassia Gasker;F17;10th grade;fractions;73%
Christin Cross;F17;12th grade;fractions;86%
Rochella Canete;F18;9th grade;fractions;82%
Janis Cardero;F16;10th grade;fractions;75%
Eolande Thorneywork;F17;11th grade;fractions;66%
Angelita Jancar;F16;9th grade;fractions;90%
Luise Laterza;F18;12th grade;fractions;86%
Massimo Babbs;M16;11th grade;fractions;84%
Garrek Manuely;M14;9th grade;fractions;70%
Winslow Lilliman;M15;11th grade;fractions;81%
Grantham Yate;M15;10th grade;fractions;77%
Dennie Chopping;M16;9th grade;fractions;81%
Garwin Crust;M16;9th grade;fractions;76%
Orren Heater;M15;11th grade;fractions;67%
Chiquita Bains;F17;10th grade;fractions;72%
Shalom Vittet;M18;10th grade;fractions;61%
Lelia MacKenzie;F14;12th grade;fractions;73%
Blair Chiles;M18;10th grade;fractions;79%
Norby Coney;M18;9th grade;fractions;73%
Adriane Guage;F16;12th grade;fractions;nan
Wendall Drinnan;M14;9th grade;fractions;74%
Mariya Rings;F17;10th grade;fractions;72%
Rollin Tointon;M14;9th grade;fractions;74%
Lexy Moan;F16;11th grade;fractions;nan
Ollie Extence;F17;10th grade;fractions;79%
Tito Wanklyn;M16;12th grade;fractions;55%
Zebadiah Josefovic;M14;12th grade;fractions;72%
Monte Passion;M17;11th grade;fractions;71%
Filmore Gummow;M14;12th grade;fractions;76%
Zarah Borgars;F16;11th grade;fractions;71%
Koo Woodfield;F16;12th grade;fractions;65%
Llywellyn Peniello;M15;9th grade;fractions;83%
Timofei Drummer;M16;10th grade;fractions;78%
Anna-maria Zaczek;F15;9th grade;fractions;76%
Quent Farrow;M18;11th grade;fractions;nan
Francklyn Pherps;M16;9th grade;fractions;73%
Hanson Zorro;M15;11th grade;fractions;79%
Janelle Schrei;F15;11th grade;fractions;89%
Sheila-kathryn Bartlomiej;F18;9th grade;fractions;79%
Dex Best;M17;10th grade;fractions;66%
Rodger McCrackem;M16;10th grade;fractions;68%
Idelle Moggach;F18;10th grade;fractions;64%
Crosby Yaknov;M18;9th grade;fractions;85%
Kristi Hutton;F18;10th grade;fractions;74%
Ali Halvosen;M18;11th grade;fractions;68%
Beitris Waltering;F14;9th grade;fractions;80%
Arabel Vallack;F17;9th grade;fractions;73%
Padraig Silburn;M18;11th grade;fractions;59%
Kippie Tomkinson;M15;12th grade;fractions;nan
Evan Gull;M15;10th grade;fractions;71%
Agnola Tchaikovsky;F14;10th grade;fractions;74%
Friedrick Murrock;M14;12th grade;fractions;75%
Joaquin Yakubov;M14;10th grade;fractions;66%
Archibald Phear;M14;12th grade;fractions;86%
Harri Klais;F15;11th grade;fractions;68%
Frederique Matijasevic;F18;11th grade;fractions;79%
Allsun Carnew;F15;12th grade;fractions;69%
Gwenore Dysert;F17;12th grade;fractions;70%
Darline Streetfield;F15;9th grade;fractions;72%
Winny Rackstraw;M18;11th grade;fractions;75%
Judon Stroobant;M15;10th grade;fractions;78%
Marcelo Riddell;M16;12th grade;fractions;64%
Goddard Mosson;M14;12th grade;fractions;nan
Kesley Neubigging;F16;12th grade;fractions;68%
Osborne Hurich;M17;9th grade;fractions;65%
Sara-ann Wraighte;F15;11th grade;fractions;70%
Jorey O Sullivan;F14;11th grade;fractions;66%
Laure Currier;F17;12th grade;fractions;62%
Lydia Lieber;F14;12th grade;fractions;70%
Artair Earland;M18;10th grade;fractions;62%
Adelbert Drane;M15;12th grade;fractions;67%
Arv Laphorn;M18;12th grade;fractions;76%
Alidia Narrie;F18;11th grade;fractions;91%
Sherwin De La Hay;M15;11th grade;fractions;74%
Wenda Warmington;F18;12th grade;fractions;81%
Errol Le Friec;M16;12th grade;fractions;70%
Rufus Bleasdille;M14;11th grade;fractions;75%
Jeddy Jelf;M16;12th grade;fractions;73%
Eustace Dawdary;M15;10th grade;fractions;79%
Ches Elkins;M17;10th grade;fractions;63%
Valene Brolly;F15;12th grade;fractions;59%
Zsa zsa Drayson;F17;9th grade;fractions;77%
Ephrayim Clapson;M18;9th grade;fractions;83%
Benoite Bourton;F14;10th grade;fractions;78%
Frannie Porker;F14;11th grade;fractions;75%
Aldridge Chesnut;M18;11th grade;fractions;62%
Tova Whyberd;F17;10th grade;fractions;72%
Willow Ordish;F18;10th grade;fractions;69%
Elmo Lievesley;M16;11th grade;fractions;63%
Wendall Widd;M16;12th grade;fractions;74%
Larissa MacKaig;F14;10th grade;fractions;75%
Keir Kirkhouse;M17;11th grade;fractions;73%
Liza Crichten;F15;9th grade;fractions;82%
Cherilyn Jobb;F18;11th grade;fractions;86%
Der Kauffman;M18;11th grade;fractions;91%
Antons Chander;M18;12th grade;fractions;82%
Pembroke Patinkin;M14;10th grade;fractions;71%
Giustina Coyett;F15;12th grade;fractions;68%
Tamra Boustred;F16;9th grade;fractions;72%
Cleon Puve;M15;11th grade;fractions;81%
Sarena Loseby;F16;10th grade;fractions;69%
Colby Elford;M15;9th grade;fractions;68%
Vassili Lankford;M18;12th grade;fractions;73%
Koren Gile;F17;9th grade;fractions;81%
Merwin Scneider;M17;10th grade;fractions;71%
Stormy Stranio;F17;11th grade;fractions;62%
Heinrick Annandale;M16;11th grade;fractions;75%
Maxi Dew;F16;10th grade;fractions;77%
Jewell Boas;F15;12th grade;fractions;57%
Lebbie Twine;F17;12th grade;fractions;72%
Garek Culbert;M14;11th grade;fractions;64%
Cristine Warboys;F16;12th grade;fractions;74%
Andros Magnus;M14;11th grade;fractions;73%
Micheline Trent;F14;9th grade;fractions;64%
Denna Mackrill;F16;10th grade;fractions;78%
Maegan Ebbrell;F18;11th grade;fractions;75%
Nikki Dashper;M17;11th grade;fractions;67%
Miran McDermott-Row;F17;12th grade;fractions;63%
Rick Druhan;M17;10th grade;fractions;79%
Doy Hatz;M17;9th grade;fractions;77%
Dina Jauncey;F15;11th grade;fractions;83%
Karyn Craft;F18;12th grade;fractions;78%
Olin Tarply;M15;12th grade;fractions;75%
Hatti Prisk;F15;11th grade;fractions;nan
Darnall Ostler;M15;10th grade;fractions;92%
Noam Gudgin;M18;9th grade;fractions;60%
Godart Goodbarne;M18;12th grade;fractions;81%
Sibyl Earles;M15;11th grade;fractions;nan
Michal Causier;M14;9th grade;fractions;68%
Ingrim Bottrell;M18;10th grade;fractions;84%
Isidora Brave;F18;11th grade;fractions;66%
Edythe Verdun;F18;12th grade;fractions;nan
Angelico Ferrulli;M15;9th grade;fractions;70%
Crawford Howsin;M16;11th grade;fractions;84%
Deanna Daviot;F17;12th grade;fractions;77%
Denyse Cuthbert;F14;12th grade;fractions;66%
Florencia Fairhurst;F17;12th grade;fractions;76%
Codi Cutridge;F18;9th grade;fractions;81%
Patty McDermid;F14;9th grade;fractions;80%
Elianora Medwell;F17;11th grade;fractions;nan
Neill Reightley;M16;12th grade;fractions;70%
Viviana Dadds;F17;12th grade;fractions;85%
Kaye Sterte;F17;9th grade;fractions;66%
Pascale Wathey;M18;9th grade;fractions;79%
Illa Camacho;F15;9th grade;fractions;82%
Johny Prys;M14;11th grade;fractions;59%
Barris Lemarie;M18;10th grade;fractions;67%
Federico Sevin;M15;12th grade;fractions;78%
Gardener Hussy;M14;12th grade;fractions;75%
Joshua Rosenhaus;M15;10th grade;fractions;73%
Koressa O'Cannavan;F16;12th grade;fractions;79%
Boonie Marfield;M14;9th grade;fractions;63%
Tony Danahar;M15;11th grade;fractions;79%
Tommi Cardenoza;F15;12th grade;fractions;78%
Vere Firebrace;F17;12th grade;fractions;83%
Evania Espinha;F14;9th grade;fractions;88%
Danette Pancoust;F15;12th grade;fractions;97%
Scarface Pevie;M17;11th grade;fractions;56%
Bobine Tordiffe;F14;9th grade;fractions;72%
Elberta Newsham;F16;9th grade;fractions;nan
Mercy Kinnoch;F14;12th grade;fractions;76%
Kylie Oldnall;M15;10th grade;fractions;68%
Jamaal Braidford;M15;12th grade;fractions;54%
Gaile McKnish;M16;9th grade;fractions;76%
Caralie Few;F17;11th grade;fractions;89%
Hedvig MacKnight;F14;10th grade;fractions;nan
Harrietta Audus;F14;11th grade;fractions;74%
Therine Bartkiewicz;F18;11th grade;fractions;79%
Sophi Balchin;F15;10th grade;fractions;67%
Westbrooke Boch;M16;11th grade;fractions;90%
Averill Hobbema;M17;10th grade;fractions;78%
Cherilynn Hawkslee;F18;9th grade;fractions;76%
Jaimie Abbie;M15;12th grade;fractions;65%
Boote Skuce;M14;10th grade;fractions;60%
Ansell Blais;M18;11th grade;fractions;70%
Carlos Playfair;M18;11th grade;fractions;66%
Karlene Plaskett;F14;10th grade;fractions;65%
Benedict Fotherby;M17;10th grade;fractions;61%
Keven Proffitt;M18;12th grade;fractions;69%
Murielle Hardwicke;F16;9th grade;fractions;68%
Jacqueline McCrie;F15;9th grade;fractions;71%
Ailey Calloway;F16;12th grade;fractions;83%
Kyle Capelow;M15;12th grade;fractions;78%
Antin Pandey;M14;12th grade;fractions;64%
Rochette McCoish;F18;12th grade;fractions;81%
Thorpe Danniell;M18;10th grade;fractions;94%
Malynda Jovicevic;F14;10th grade;fractions;76%
Wade Bowman;M15;10th grade;fractions;86%
Myer Levesley;M15;12th grade;fractions;69%
Dunstan Starking;M14;9th grade;fractions;67%
Joey Staddon;F15;12th grade;fractions;70%
Giffard Seid;M18;11th grade;fractions;79%
Kit Ventura;F17;9th grade;fractions;74%
Ellwood Schrir;M14;10th grade;fractions;67%
Aubrette MacTerlagh;F18;9th grade;fractions;69%
Cassaundra Goodbur;F14;11th grade;fractions;70%
Fletcher Rallinshaw;M15;11th grade;fractions;80%
De witt Zima;M15;10th grade;fractions;81%
Elfreda Wolvey;F16;12th grade;fractions;69%
Heidie Rodger;F14;12th grade;fractions;67%
Hillard Santos;M18;12th grade;fractions;94%
Roxanna Hartland;F14;10th grade;fractions;74%
Dorella Purves;F16;11th grade;fractions;73%
Ned Mullan;M15;10th grade;fractions;77%
Bertha Flancinbaum;F17;9th grade;fractions;74%
Ewen Salasar;M16;12th grade;fractions;66%
Nerti Bish;F14;11th grade;fractions;59%
Wilie Stillert;F14;9th grade;fractions;72%
Gertie Flicker;F15;11th grade;fractions;nan
Yettie Labes;F14;12th grade;fractions;81%
Lock McGuinley;M18;10th grade;fractions;nan
Bebe Lebbern;F15;12th grade;fractions;66%
Moses Kirckman;M14;11th grade;probability;89%
Timofei Strowan;M18;11th grade;probability;76%
Silvain Poll;M18;9th grade;probability;77%
Lezley Pinxton;M18;11th grade;probability;72%
Bernadene Saunper;F17;11th grade;probability;84%
Eldin Spitell;M16;11th grade;probability;83%
Christi Lesser;F17;9th grade;probability;84%
Papageno Rummin;M17;11th grade;probability;77%
Nissa Wrotchford;F18;12th grade;probability;75%
Vincent Blumer;M14;11th grade;probability;nan
Roanne Blomfield;F14;11th grade;probability;86%
Roanne Blomfield;F14;11th grade;probability;86%
Lyda Gandrich;F16;12th grade;probability;83%
Wanda Ivens;F18;10th grade;probability;82%
Jarvis Cluelow;M14;9th grade;probability;85%
Fabian Pratty;M18;12th grade;probability;79%
Kippy Grewer;M18;9th grade;probability;76%
Roanne Blomfield;F14;11th grade;probability;86%
Hedvig Switsur;F14;10th grade;probability;77%
Alene Paylie;F18;11th grade;probability;79%
Gwendolen Attwoul;F15;9th grade;probability;91%
Kevin Purkiss;M17;10th grade;probability;83%
Micky Beechcraft;M16;12th grade;probability;87%
Tybie Barrable;F15;12th grade;probability;88%
Judie Isakson;F15;10th grade;probability;85%
Harbert Traice;M16;12th grade;probability;85%
Erma Cowx;F15;12th grade;probability;98%
My Iskow;M15;10th grade;probability;98%
Mariann Sinott;F18;10th grade;probability;76%
Rad Hitcham;M14;10th grade;probability;76%
Rosalind Butterwick;F17;11th grade;probability;nan
Sherill Picton;F16;9th grade;probability;79%
Hadrian Yurshev;M16;10th grade;probability;80%
Andrea Cartmel;F16;12th grade;probability;83%
Kristoforo Wilcockes;M15;10th grade;probability;78%
Dyanne Raubenheim;F14;12th grade;probability;80%
Melly Hancill;F14;9th grade;probability;72%
Boyd Richt;M16;12th grade;probability;81%
Anthea Coleridge;F16;12th grade;probability;70%
Cad Shimoni;M14;11th grade;probability;90%
Jedidiah Berrick;M14;12th grade;probability;92%
Delaney Gartrell;M17;11th grade;probability;81%
Valentine Mattersley;F17;11th grade;probability;84%
Esta Woodger;F15;10th grade;probability;89%
Marsh Wyke;M14;10th grade;probability;82%
Hilliary Haycraft;F17;12th grade;probability;79%
Clo Galland;F16;10th grade;probability;70%
Reine Callingham;F16;11th grade;probability;80%
Carlie McQueen;M16;11th grade;probability;82%
Forrest Emery;M17;9th grade;probability;81%
Kerry Lilion;M18;10th grade;probability;81%
Penelopa Meace;F16;12th grade;probability;79%
Raine Raddenbury;F15;10th grade;probability;82%
Nerita Haslum;F17;11th grade;probability;73%
Trevor Andreopolos;M14;12th grade;probability;82%
Sargent Farlambe;M17;12th grade;probability;76%
Rolland Whotton;M16;12th grade;probability;73%
Vanny Lingard;F18;12th grade;probability;80%
Talbot Godney;M18;12th grade;probability;77%
D'arcy Farnfield;M17;10th grade;probability;85%
Matthaeus Skipworth;M15;12th grade;probability;83%
Roi Lethley;M17;12th grade;probability;76%
Beverie Slemmonds;F15;10th grade;probability;83%
Jessalyn Mateu;F17;12th grade;probability;87%
Sylvan Fonzo;M16;11th grade;probability;78%
Daron Gitsham;M15;10th grade;probability;79%
Dov Spriggin;M14;11th grade;probability;79%
Janene Perry;F17;12th grade;probability;70%
Tamara Livzey;F18;12th grade;probability;81%
Rutger Mumbey;M14;9th grade;probability;83%
Malcolm Klimkov;M16;12th grade;probability;73%
Sheppard Waszkiewicz;M18;10th grade;probability;89%
Madeleine Maier;F15;11th grade;probability;71%
Henrieta Brimilcombe;F17;10th grade;probability;74%
Bartel Archer;M15;9th grade;probability;80%
Lynde Hawtry;F16;9th grade;probability;71%
Laurie Manuel;M14;12th grade;probability;84%
Chen Morin;M14;12th grade;probability;80%
Christopher Lathbury;M16;12th grade;probability;80%
Randie Gilyott;M14;12th grade;probability;88%
Robyn Blindermann;F16;11th grade;probability;74%
Neron Klasen;M17;10th grade;probability;94%
Ilyssa Lindenman;F14;9th grade;probability;75%
Waneta Finnigan;F14;12th grade;probability;nan
Benyamin Lappine;M16;9th grade;probability;85%
Hasheem Carnihan;M15;10th grade;probability;nan
Sindee Whyke;F17;11th grade;probability;80%
Herbie Wheeler;M17;11th grade;probability;81%
Cosmo Swetmore;M15;9th grade;probability;87%
Guilbert Cheng;M18;11th grade;probability;70%
Sybyl Kneeland;F14;11th grade;probability;83%
Berte Disdel;F14;12th grade;probability;86%
Jakie Cremer;M17;10th grade;probability;78%
Owen Shaefer;M16;11th grade;probability;73%
Zollie Manshaw;M17;10th grade;probability;79%
Bria Seiller;F15;12th grade;probability;81%
Lilyan Cicutto;F14;12th grade;probability;81%
Grantham Maykin;M16;11th grade;probability;76%
Doralyn Bartels;F14;12th grade;probability;84%
Mariam Hallyburton;F18;9th grade;probability;87%
Morissa Skade;F16;10th grade;probability;70%
Jasper Comfort;M14;9th grade;probability;73%
Siana Pallas;F18;10th grade;probability;77%
Aldous Peele;M16;9th grade;probability;83%
Ethelred Easun;M14;12th grade;probability;nan
Goldarina Championnet;F14;10th grade;probability;85%
Gardie Sleeny;M14;11th grade;probability;89%
Ardyth Weaben;F14;11th grade;probability;74%
Tomi Curuclis;F16;9th grade;probability;86%
Rickie Toffler;F18;11th grade;probability;83%
Grover Knightly;M16;9th grade;probability;81%
Lowe Allatt;M17;11th grade;probability;76%
Aveline Sammes;F16;10th grade;probability;90%
Farlie Pawellek;M14;10th grade;probability;77%
Luca Scutching;M15;11th grade;probability;87%
Ardys Frid;F16;11th grade;probability;91%
Johnny Iveson;M17;10th grade;probability;85%
Mathilda De Vere;F17;9th grade;probability;74%
Delia Lightbourne;F14;9th grade;probability;78%
Traci de Verson;F14;9th grade;probability;83%
Hugh Andreou;M17;9th grade;probability;80%
William Eronie;M16;10th grade;probability;68%
Drake Freen;M17;12th grade;probability;68%
Teena Waulker;F18;9th grade;probability;87%
Jaye MacNucator;M16;10th grade;probability;71%
Averill Moth;M15;10th grade;probability;70%
Chanda Longmead;F18;11th grade;probability;82%
Arne Gartland;M14;10th grade;probability;79%
Deena Cayle;F15;9th grade;probability;82%
Thorpe Lindmark;M15;9th grade;probability;78%
Gunner Walentynowicz;M16;9th grade;probability;81%
Baird Loughnan;M16;12th grade;probability;81%
Diego Larwell;M17;12th grade;probability;71%
Harmon Seydlitz;M14;9th grade;probability;87%
Kevyn Lomax;F17;10th grade;probability;86%
Chico Ovenell;M14;11th grade;probability;90%
Romola Kettles;F18;10th grade;probability;80%
Betty Hubbuck;F18;9th grade;probability;79%
Harri Hendrichs;F14;12th grade;probability;75%
Gusti Jermey;F17;11th grade;probability;79%
Winslow Corona;M17;9th grade;probability;nan
Terese Ricketts;F15;11th grade;probability;nan
Nataniel Bohl;M15;11th grade;probability;80%
Bethany Hesbrook;F18;9th grade;probability;86%
Fernande Dockrey;F15;12th grade;probability;85%
Giordano Southon;M14;9th grade;probability;85%
Jerrine De Vaar;F17;12th grade;probability;75%
Andreas Morsley;M14;11th grade;probability;86%
Ber Ormond;M18;10th grade;probability;nan
Gian Smallpeace;M17;10th grade;probability;73%
Drona Maccaddie;F16;12th grade;probability;84%
Sella Swatton;F15;12th grade;probability;79%
Ches Alfuso;M15;12th grade;probability;80%
Rand Avison;M15;12th grade;probability;nan
Nichols Auld;M15;11th grade;probability;90%
Dion Dudson;M16;10th grade;probability;90%
Dedra Tune;F18;12th grade;probability;77%
Lowe Scamal;M15;10th grade;probability;82%
Phineas Concannon;M15;12th grade;probability;90%
Nertie Keast;F16;9th grade;probability;81%
Arluene Danson;F17;12th grade;probability;nan
Kelcey Cervantes;F15;12th grade;probability;87%
Tana Jeal;F15;9th grade;probability;69%
Eric Faber;M18;9th grade;probability;70%
Eddie Lambot;M14;11th grade;probability;85%
Pierrette Albro;F18;12th grade;probability;84%
Karyl Brosoli;F15;10th grade;probability;88%
Alexina Durham;F18;11th grade;probability;82%
Florie Pleat;F16;9th grade;probability;83%
Keefer Humbert;M18;11th grade;probability;79%
Meryl Exposito;F15;12th grade;probability;88%
Bing Son;M16;12th grade;probability;80%
Kingsley Evill;M15;11th grade;probability;nan
Scarlett Bancroft;F17;12th grade;probability;74%
Franciskus Ramsell;M16;12th grade;probability;77%
Whit Garrattley;M14;10th grade;probability;81%
Viv Room;F18;9th grade;probability;85%
Demott Boath;M16;11th grade;probability;91%
Marrilee Caldecott;F16;9th grade;probability;82%
Kat McCanny;F14;10th grade;probability;90%
Melvyn Duncanson;M18;10th grade;probability;nan
Ariadne Turville;F16;12th grade;probability;75%
Ilka Spillman;F17;11th grade;probability;88%
Rosina Dack;F18;12th grade;probability;75%
Darryl Southern;F16;9th grade;probability;86%
Bird Rodrig;F17;11th grade;probability;84%
Gian McGauhy;M18;12th grade;probability;81%
Lilia Craydon;F16;11th grade;probability;82%
Gabbi Dinsell;F14;11th grade;probability;77%
Ludovico Roskeilly;M15;12th grade;probability;61%
Riley Vedeneev;M16;11th grade;probability;67%
Levi Lifton;M14;9th grade;probability;72%
Fons Lauritzen;M16;11th grade;probability;84%
Ivory Deetch;F18;10th grade;probability;77%
Roslyn Kimmel;F17;10th grade;probability;87%
Eva Briant;F16;11th grade;probability;nan
Velvet Reedie;F15;12th grade;probability;80%
Garv Leathlay;M16;10th grade;probability;81%
Margit Read;F14;9th grade;probability;nan
Yurik Farrell;M18;9th grade;probability;85%
Gigi Erley;F14;10th grade;probability;83%
Madelaine Drees;F14;10th grade;probability;83%
Nevins O'Sesnane;M16;9th grade;probability;88%
Sonnie Yukhnev;F14;11th grade;probability;74%
Boigie Kaindl;M15;11th grade;probability;81%
Richmound Death;M18;9th grade;probability;82%
Erma Gallo;F17;11th grade;probability;79%
Lennard Dooney;M18;9th grade;probability;79%
Katlin Henrie;F18;10th grade;probability;83%
Loise Lackey;F15;9th grade;probability;89%
Loise Lackey;F15;9th grade;probability;89%
Loise Lackey;F15;9th grade;probability;89%
Franzen Buey;M17;10th grade;probability;70%
Malissia Kyd;F14;10th grade;probability;85%
Garland Knok;F16;9th grade;probability;73%
Ardelis Guilloux;F16;10th grade;probability;80%
Talbert Tommasuzzi;M16;11th grade;probability;76%
Minetta Cohen;F17;12th grade;probability;91%
Lorita Carayol;F18;11th grade;probability;75%
Cindelyn Grishin;F15;10th grade;probability;78%
Sheri Ratcliff;F16;10th grade;probability;77%
Magdalene Lilleman;F14;12th grade;probability;87%
Ibby Catlin;F16;10th grade;probability;90%
Garik Gerram;M17;10th grade;probability;81%
Starlin Danahar;F16;12th grade;probability;83%
Chuck Loffhead;M14;10th grade;probability;70%
Friederike Stainton - Skinn;F17;12th grade;probability;79%
Devin Sperwell;M14;11th grade;probability;75%
Kasey Rowberry;F15;9th grade;probability;75%
Manolo Tillerton;M17;10th grade;probability;76%
Vassili Elflain;M15;11th grade;probability;85%
Bjorn McLaverty;M18;12th grade;probability;83%
Shannan Lievesley;M18;12th grade;probability;79%
Pamela Powdrill;F16;11th grade;probability;88%
Kaila Cantrell;F17;12th grade;probability;nan
Eldredge Fawthorpe;M15;9th grade;probability;84%
Joyous Langforth;F16;11th grade;probability;79%
Ange Siveter;M18;12th grade;probability;85%
Henri Nizard;M18;12th grade;probability;93%
Hatti Olczak;F15;9th grade;probability;79%
Abbe Tallowin;F17;10th grade;probability;79%
Arvy Picott;M17;11th grade;probability;80%
Noni Scalia;F15;9th grade;probability;nan
Flossie Coulthard;F17;9th grade;probability;84%
Falkner Dragonette;M14;12th grade;probability;79%
Andy Foley;M14;11th grade;probability;83%
Lewiss Tomlins;M15;11th grade;probability;86%
Shoshana Littrell;F16;12th grade;probability;nan
Sheelah Coleiro;F15;11th grade;probability;86%
Bobbette Firebrace;F16;11th grade;probability;88%
Hastie Dies;M15;11th grade;probability;nan
Lee Stolberger;F17;12th grade;probability;87%
Eddy Wreak;F18;10th grade;probability;81%
Tris Leel;M18;10th grade;probability;83%
Kyla Morsom;F16;10th grade;probability;72%
Byram Nawton;M17;10th grade;probability;nan
Lawrence Olander;M15;9th grade;probability;77%
Sib Clotworthy;F15;12th grade;probability;nan
Yevette Duncanson;F16;12th grade;probability;80%
Clyde Shrubb;M15;11th grade;probability;81%
Putnem Vedenichev;M16;9th grade;probability;80%
Meade Scutter;M14;11th grade;probability;83%
Timmie O'Siaghail;F14;10th grade;probability;77%
Christiana Mechan;F18;12th grade;probability;86%
Teodoro Verne;M17;11th grade;probability;82%
Townie Attenbarrow;M14;11th grade;probability;75%
Jacynth Tranmer;F14;12th grade;probability;80%
Ugo Staniland;M17;11th grade;probability;82%
Tyne Tilson;F17;9th grade;probability;88%
Zorah Mazzei;F17;9th grade;probability;84%
Elyssa Pourvoieur;F17;11th grade;probability;84%
Vassily Andino;M14;9th grade;probability;83%
Hugibert Copplestone;M18;9th grade;probability;85%
Annelise O'Currane;F18;12th grade;probability;81%
Connie de Clerk;M16;10th grade;probability;81%
Lishe Beresfore;F18;10th grade;probability;72%
Lina Dufall;F14;11th grade;probability;74%
Jere Hawton;M16;9th grade;probability;83%
Westleigh Gower;M18;11th grade;probability;87%
Legra Alstead;F17;12th grade;probability;78%
Rosemonde Heinrici;F16;12th grade;probability;80%
Stanly Nolli;M17;9th grade;probability;82%
Misti Ayre;F16;10th grade;probability;84%
Idaline Uridge;F18;9th grade;probability;82%
Lock Krystek;M17;12th grade;probability;90%
Rollo Butterwick;M17;9th grade;probability;90%
Erminie Abad;F15;10th grade;probability;88%
Obadiah Gunbie;M15;12th grade;probability;81%
Prentice Wanstall;M16;11th grade;probability;83%
Stephannie Lill;F18;12th grade;probability;82%
Morris Brannan;M18;12th grade;probability;86%
Annabell Stoddard;F16;11th grade;probability;76%
Anna-diana Marlon;F16;11th grade;probability;84%
Schuyler Dairton;M14;9th grade;probability;86%
Wash Copestick;M16;10th grade;probability;81%
Arel Sissot;M15;9th grade;probability;nan
Ardath Castleton;F16;10th grade;probability;81%
Gregor Shingfield;M18;11th grade;probability;78%
Anette Snawden;F17;11th grade;probability;83%
Thurston Braiden;M14;9th grade;probability;86%
Luci Carwithim;F15;12th grade;probability;79%
Terrel Vosse;M18;10th grade;probability;83%
Cecil Celli;M18;10th grade;probability;81%
Tiffany Brocklehurst;F15;10th grade;probability;84%
Lionello Claricoates;M18;9th grade;probability;nan
Garv Leal;M15;12th grade;probability;77%
Francisca Jantet;F16;11th grade;probability;83%
Kimberli Corp;F15;10th grade;probability;75%
Kimberli Corp;F15;10th grade;probability;75%
Trude Keates;F15;10th grade;probability;88%
Melinda Crayker;F16;10th grade;probability;90%
Reta Band;F15;12th grade;probability;88%
Tonnie Boynes;M15;11th grade;probability;74%
Arlen Pinnick;M18;12th grade;probability;85%
Caroljean Liffe;F15;9th grade;probability;82%
Otis Hutten;M17;9th grade;probability;86%
Quincy Woodroffe;M16;10th grade;probability;81%
Quincy Woodroffe;M16;10th grade;probability;81%
Colman Wellan;M14;11th grade;probability;78%
Morris Lyman;M17;12th grade;probability;83%
Gwendolin Anyene;F15;11th grade;probability;75%
Deerdre Foukx;F17;11th grade;probability;89%
Aubrette Cottey;F15;11th grade;probability;83%
Ingrim Schwand;M18;11th grade;probability;75%
Rubie Lissandri;F17;12th grade;probability;nan
Jimmy Fedynski;M16;11th grade;probability;90%
Alanson Grieger;M14;9th grade;probability;77%
Mellicent Fullagar;F18;9th grade;probability;73%
Lula Karlqvist;F16;11th grade;probability;79%
Marna Vanelli;F18;9th grade;probability;76%
Cordie Jelleman;F14;12th grade;probability;80%
Raynell Ryson;F16;9th grade;probability;72%
Reade McCorley;M17;10th grade;probability;77%
Thedric Dwyer;M17;12th grade;probability;80%
Addi Duffie;F16;10th grade;probability;73%
Kleon Lewsley;M18;9th grade;probability;75%
Nesta Syratt;F16;11th grade;probability;79%
Bennie Dytham;F16;12th grade;probability;86%
Ancell Kimmings;M16;9th grade;probability;80%
Kit Wiggam;M18;10th grade;probability;75%
Francklin Bramhill;M14;12th grade;probability;87%
Mitch Doncom;M18;10th grade;probability;77%
Inga Cawthorn;F14;12th grade;probability;75%
Catherin Dresse;F18;11th grade;probability;77%
Hewie Gilgryst;M17;10th grade;probability;82%
Janifer Bartrum;F15;9th grade;probability;72%
Sergio Grinaway;M17;12th grade;probability;84%
Berrie Gamlyn;F15;11th grade;probability;85%
Lin Ziehms;M14;10th grade;probability;84%
Eimile Canniffe;F18;12th grade;probability;nan
Falito Jayume;M18;9th grade;probability;76%
Phil Simony;M17;11th grade;probability;89%
Woodman Bloore;M15;11th grade;probability;76%
Taryn Lambart;F14;10th grade;probability;78%
Odelia Dowzell;F16;12th grade;probability;nan
Tore Cracknell;M18;12th grade;probability;91%
Jacky Joel;M17;11th grade;probability;72%
Christiano Peto;M15;10th grade;probability;76%
Georas Basezzi;M16;12th grade;probability;87%
Zacharia Leroy;M15;10th grade;probability;86%
Gaby Gwynn;F15;12th grade;probability;77%
Georgianne Leavy;F17;12th grade;probability;84%
Wain Licciardo;M15;12th grade;probability;73%
Neall McElhinney;M17;9th grade;probability;88%
Adelaide Maybery;F18;10th grade;probability;72%
Corene Murrison;F14;10th grade;probability;91%
Willem Hollingdale;M16;10th grade;probability;86%
Fanya Beine;F18;12th grade;probability;85%
Marin Pindell;F18;11th grade;probability;80%
Herbie de la Valette Parisot;M17;12th grade;probability;80%
Ode Shaw;M16;12th grade;probability;74%
Melba Conkie;F18;10th grade;probability;78%
Ignaz Malt;M14;12th grade;probability;73%
Hamid Amiable;M18;11th grade;probability;85%
Gifford Bernli;M16;10th grade;probability;nan
Sigismundo Theml;M18;11th grade;probability;86%
Anica Besnard;F16;12th grade;probability;84%
Valeria Reynalds;F15;9th grade;probability;74%
Neille Dell;F15;9th grade;probability;90%
Pacorro Dingsdale;M16;9th grade;probability;85%
Erica Coushe;F14;10th grade;probability;79%
Mikkel Mallaby;M16;12th grade;probability;80%
Legra Tye;F14;11th grade;probability;81%
Linn Huster;M15;10th grade;probability;nan
Randal Pennacci;M18;9th grade;probability;83%
Noami McKay;F15;11th grade;probability;76%
Mireielle Crebbin;F17;10th grade;probability;73%
Panchito Mussett;M17;10th grade;probability;87%
Kelvin McReynolds;M18;12th grade;probability;90%
Keeley Walsham;F16;12th grade;probability;85%
Audrie Rein;F17;11th grade;probability;86%
Etienne Keoghan;M17;9th grade;probability;81%
Claiborn Rylett;M14;10th grade;probability;69%
Tanitansy Liddon;F14;10th grade;probability;86%
Lennie Ashbey;M16;11th grade;probability;91%
Denyse Dodgshun;F15;10th grade;probability;81%
Alphard Ackland;M17;10th grade;probability;nan
Bernie Bettridge;M14;12th grade;probability;83%
Rodd Ahearne;M16;9th grade;probability;81%
Adolphe Neljes;M17;10th grade;probability;87%
Barrett Feragh;M14;9th grade;probability;72%
Llewellyn Keech;M14;12th grade;probability;nan
Llewellyn Keech;M14;12th grade;probability;nan
Terrell Geri;M15;11th grade;probability;86%
Gram Hallewell;M14;10th grade;probability;78%
Stephana Boots;F18;9th grade;probability;85%
Adrianne Bamfield;F14;11th grade;probability;75%
Glynnis Eglise;F18;10th grade;probability;74%
Ronnica Cough;F15;9th grade;probability;84%
Kenyon Brisland;M18;12th grade;probability;91%
Sherman Holdforth;M18;10th grade;probability;69%
Zeke Marson;M14;10th grade;probability;69%
Alexis Selbie;F17;12th grade;probability;84%
Harcourt Bratton;M14;10th grade;probability;76%
Cully Sandbatch;M16;9th grade;probability;88%
Stephan Dufore;M14;10th grade;probability;77%
Allayne Lettley;M15;10th grade;probability;81%
Jamima Loweth;F16;12th grade;probability;90%
Basil Choulerton;M18;12th grade;probability;80%
Carmine Dewitt;M17;9th grade;probability;83%
Carmine Dewitt;M17;9th grade;probability;83%
"L;urette Preskett";F15;11th grade;probability;85%
Thorvald Slograve;M18;11th grade;probability;88%
Averil Petheridge;F16;10th grade;probability;nan
Reece Haslam;M15;11th grade;probability;67%
Rudolfo Welsby;M18;9th grade;probability;75%
Page Vooght;F15;12th grade;probability;77%
Charo Feragh;F18;9th grade;probability;79%
Carmine Henriet;M18;9th grade;probability;86%
Ado Hawlgarth;M16;10th grade;probability;82%
Catlee Ilem;F15;9th grade;probability;87%
Ursulina Robrow;F16;9th grade;probability;83%
Garald Cawker;M15;10th grade;probability;86%
Maxwell Dilliway;M16;10th grade;probability;75%
Taite Kochel;M15;11th grade;probability;82%
Porty Golding;M16;9th grade;probability;85%
Mortie Bulmer;M15;9th grade;probability;68%
Nadine Batteson;F14;11th grade;probability;82%
Deloria Kerin;F15;11th grade;probability;82%
Fremont MacInerney;M18;11th grade;probability;92%
Lou Nelissen;M16;12th grade;probability;82%
Elicia O'Meara;F17;12th grade;probability;77%
Grantley Ruffey;M18;10th grade;probability;78%
Lea Morigan;F18;10th grade;probability;77%
Arleen Loveless;F18;9th grade;probability;80%
Neille Wontner;F18;10th grade;probability;91%
Augustus Caird;M14;9th grade;probability;81%
Westbrook Celloni;M15;11th grade;probability;82%
Granny Duligall;M15;9th grade;probability;77%
Oran Reide;M18;9th grade;probability;nan
Arleen MacAiline;F17;11th grade;probability;86%
Caron Abthorpe;F14;10th grade;probability;81%
Uri Birchenough;M14;9th grade;probability;81%
Adelbert Pigot;M17;12th grade;probability;nan
Vale Glanders;M14;12th grade;probability;78%
Duane Gewer;M16;9th grade;probability;nan
Carroll Cocksedge;M16;9th grade;probability;84%
Mureil Doy;F15;9th grade;probability;78%
Emelita Keggin;F17;9th grade;probability;87%
Murielle Gartshore;F18;11th grade;probability;79%
Kellen Litzmann;F17;11th grade;probability;87%
Bentlee Mangeney;M17;10th grade;probability;83%
Sid Vogl;M14;11th grade;probability;88%
Dorella Alden;F17;9th grade;probability;81%
Claudia Bever;F18;9th grade;probability;nan
Phyllys Arnaudon;F18;11th grade;probability;85%
Kevina Margrie;F17;11th grade;probability;83%
Jolyn Noore;F15;11th grade;probability;85%
Felizio Brittoner;M14;12th grade;probability;77%
Christean Rollitt;F14;12th grade;probability;84%
Sergeant Witherow;M15;11th grade;probability;89%
Sharleen Broadey;F15;10th grade;probability;81%
Deeann Duckworth;F16;10th grade;probability;83%
Gerry Rangall;F15;12th grade;probability;74%
Nissy Ogglebie;F14;12th grade;probability;82%
Colver de Copeman;M18;10th grade;probability;86%
Pammi Swaby;F14;11th grade;probability;75%
Niels Lean;M17;9th grade;probability;74%
Ali Ling;F17;12th grade;probability;nan
Ode Evamy;M15;12th grade;probability;nan
Claudetta Tyne;F17;12th grade;probability;95%
Jennilee Megroff;F14;12th grade;probability;79%
Sauveur Grouen;M15;9th grade;probability;87%
Price Pallister;M14;12th grade;probability;76%
Corabelle Zaniolo;F15;12th grade;probability;76%
Ker Tween;M18;12th grade;probability;84%
Norton Coleford;M15;11th grade;probability;74%
Bonny Bartoszewicz;F16;12th grade;probability;89%
Winonah Le-Good;F18;9th grade;probability;84%
Lodovico Backhurst;M14;12th grade;probability;88%
Bart Parres;M17;9th grade;probability;77%
Jami Milam;F15;11th grade;probability;76%
Merlina Aleshintsev;F16;11th grade;probability;86%
Elysia Rime;F14;11th grade;probability;89%
Lovell Coolican;M18;11th grade;probability;84%
Halley Clunie;F14;12th grade;probability;82%
Gale Mullender;F17;12th grade;probability;81%
Ryun Denne;M17;11th grade;probability;78%
Cazzie Potapczuk;M14;10th grade;probability;78%
Verina Pasque;F18;10th grade;probability;77%
Roseanna Gwinnell;F15;9th grade;probability;65%
Ellissa Childrens;F14;12th grade;probability;84%
Reeta Bramich;F18;12th grade;probability;92%
Izabel Rymer;F15;11th grade;probability;81%
Rosalie Donne;F18;11th grade;probability;86%
Dulsea Burgot;F17;9th grade;probability;83%
Dulsea Burgot;F17;9th grade;probability;83%
Olin Youthead;M16;10th grade;probability;77%
Alexine Faulconbridge;F14;11th grade;probability;86%
Daile Stobbs;F16;12th grade;probability;85%
Frans Olcot;M18;11th grade;probability;86%
Abbe Addinall;M17;12th grade;probability;70%
Anne-corinne Levens;F15;12th grade;probability;86%
Randy Stuckford;F18;10th grade;probability;85%
Diahann Pleven;F15;10th grade;probability;84%
Cele Pavelka;F14;12th grade;probability;79%
Roze Tregale;F15;9th grade;probability;84%
Adams Davidsson;M16;12th grade;probability;89%
Nonnah Karpfen;F18;10th grade;probability;79%
Erena Stratton;F16;11th grade;probability;81%
Chloe Payn;F18;10th grade;probability;78%
Marie-ann Fishly;F15;12th grade;probability;83%
Willetta McTurk;F17;10th grade;probability;88%
Othello Karlsson;M15;11th grade;probability;88%
Ashly Smeaton;F17;9th grade;probability;83%
Eyde Kempshall;F17;12th grade;probability;77%
Salmon Outridge;M17;10th grade;probability;90%
Meade Moncarr;M16;10th grade;probability;76%
Cletis Petricek;M18;9th grade;probability;87%
Marlene Clue;F15;9th grade;probability;75%
Reidar Dyneley;M14;11th grade;probability;79%
Cam Stubbeley;M15;12th grade;probability;79%
Walt Hebbs;M15;9th grade;probability;78%
Georgia Ferraresi;F16;9th grade;probability;82%
Maurice Lott;M17;11th grade;probability;74%
Ambrosi Durnian;M15;11th grade;probability;78%
Laurie Glandfield;F15;12th grade;probability;nan
Ira Yurocjhin;M15;12th grade;probability;89%
Carey Larvent;M15;11th grade;probability;78%
Maridel Ghelardoni;F14;11th grade;probability;85%
Aurilia Matejka;F15;12th grade;probability;83%
Ingar Chaplain;M17;11th grade;probability;84%
Berthe Annett;F17;10th grade;probability;77%
Auberta Ciottoi;F18;10th grade;probability;86%
Bogart Clemow;M16;11th grade;probability;77%
Paige Bengtson;M14;10th grade;probability;71%
Smitty Pettwood;M18;12th grade;probability;86%
Teirtza Lewis;F14;12th grade;probability;83%
Boote Gadie;M15;11th grade;probability;65%
Agnesse Eronie;F18;10th grade;probability;72%
Karoly Varker;M14;12th grade;probability;94%
Franklyn Bevan;M17;12th grade;probability;77%
Angil Lympany;F18;10th grade;probability;96%
Trixie Mattussevich;F18;12th grade;probability;78%
Kathie O'Lenane;F15;10th grade;probability;87%
Philippine Fosdike;F16;9th grade;probability;70%
Kelley Cherry Holme;M17;10th grade;probability;80%
Gery Meegin;M17;11th grade;probability;68%
Culver Chapelhow;M18;12th grade;probability;74%
Goldi Kitchingham;F16;9th grade;probability;77%
Shelby Shearsby;M17;10th grade;probability;89%
Ainsley Longhirst;F14;10th grade;probability;95%
Miriam Kapelhoff;F18;9th grade;probability;86%
Wendeline Haney;F16;12th grade;probability;80%
Calli Buckley;F18;10th grade;probability;nan
Trumaine Cornwall;M16;12th grade;probability;77%
Che Tomkinson;M14;11th grade;probability;77%
Yard Santorini;M17;11th grade;probability;82%
Ari Downing;M14;10th grade;probability;80%
Blakeley Gibbard;F16;9th grade;probability;77%
Colas Drennan;M15;12th grade;probability;nan
Roderich Costell;M15;12th grade;probability;nan
Kienan Simonard;M15;10th grade;probability;81%
Claude Zuanazzi;F14;11th grade;probability;72%
Burton Owbridge;M14;11th grade;probability;81%
Hobey Bradlaugh;M18;11th grade;probability;73%
Kermit Trusty;M16;9th grade;probability;88%
Leona Vamplers;F14;12th grade;probability;nan
Foster Paxton;M16;11th grade;probability;77%
Raul Chrispin;M17;10th grade;probability;81%
Carissa Bony;F17;10th grade;probability;76%
Bealle Creeghan;M16;11th grade;probability;77%
Arlette Gulvin;F17;10th grade;probability;83%
Arlette Gulvin;F17;10th grade;probability;83%
Vassili Galbreath;M18;9th grade;probability;76%
Ingemar Bruyntjes;M16;9th grade;probability;73%
Harbert Tripcony;M17;9th grade;probability;74%
Minetta Cogar;F18;12th grade;probability;79%
Wallie Leverich;F17;12th grade;probability;81%
Mag Maneylaws;F16;11th grade;probability;70%
Marja Pettiford;F16;9th grade;probability;73%
Aarika Govett;F16;12th grade;probability;81%
Tobi Marlon;F14;9th grade;probability;74%
Ailina Shyre;F16;12th grade;probability;82%
Benedetta MacSkeaghan;F15;9th grade;probability;76%
Brig Meadowcroft;M16;12th grade;probability;nan
Isidor Abrashkov;M14;11th grade;probability;78%
Siana McKune;F17;12th grade;probability;76%
Tuck Lyford;M17;11th grade;probability;84%
Janie Paris;F17;11th grade;probability;82%
Nikolia Rainsdon;F15;11th grade;probability;74%
Libbie MacIver;F15;10th grade;probability;83%
Caesar Arnison;M16;12th grade;probability;78%
Leanora Cowup;F15;9th grade;probability;74%
Leanora Cowup;F15;9th grade;probability;74%
Ranna Fotherby;F14;10th grade;probability;82%
Myrilla Pargiter;F16;9th grade;probability;83%
Sheppard Fideler;M14;10th grade;probability;85%
Leela Woollard;F17;11th grade;probability;78%
Camille Mussotti;F16;9th grade;probability;85%
Ari Watters;M17;9th grade;probability;81%
Arne Glozman;M15;9th grade;probability;80%
Carlina Illesley;F18;12th grade;probability;67%
Rora Lomansey;F16;12th grade;probability;83%
Lambert Henric;M18;12th grade;probability;75%
Magda McCane;F18;10th grade;probability;71%
Elmer Gettings;M18;10th grade;probability;84%
Jodie Esslement;M15;10th grade;probability;86%
Frederigo Gouch;M16;11th grade;probability;74%
Datha Hay;F16;10th grade;probability;86%
Joan Joint;F16;10th grade;probability;80%
Calv Charlotte;M17;11th grade;probability;77%
Letta Supple;F16;10th grade;probability;88%
Mayne Brewers;M17;11th grade;probability;74%
Valentia Blunsom;F16;11th grade;probability;90%
Gillan Trahar;F17;11th grade;probability;76%
Sibley Escott;F16;11th grade;probability;95%
Edy Faussett;F15;11th grade;probability;85%
Angelle Philippsohn;F15;12th grade;probability;89%
Noah Rough;M15;10th grade;probability;83%
Olly MacPhee;M16;10th grade;probability;86%
Theobald Westraw;M15;11th grade;probability;91%
Udall Cockland;M14;10th grade;probability;82%
Kathi McGrorty;F15;10th grade;probability;84%
Maggi Howship;F15;12th grade;probability;85%
Mata Quiddington;M17;10th grade;probability;83%
Barret Furby;M18;10th grade;probability;97%
Mariejeanne Bullivent;F16;11th grade;probability;nan
Edgard Cattle;M16;10th grade;probability;80%
Rey Grisard;F14;11th grade;probability;79%
Olvan O'Kielt;M18;12th grade;probability;95%
Justen Pinkney;M17;10th grade;probability;84%
Leopold Daniells;M16;9th grade;probability;78%
Dalis Ausiello;M16;11th grade;probability;85%
Dionisio Wickardt;M18;11th grade;probability;nan
Boniface Mytton;M15;12th grade;probability;84%
Ogden Camacho;M16;12th grade;probability;85%
Alecia Harcase;F16;11th grade;probability;nan
Nyssa Wauchope;F15;10th grade;probability;82%
Tamarra Itzkov;F14;9th grade;probability;85%
Giacopo Kassidy;M16;12th grade;probability;80%
Trent Schruurs;M18;12th grade;probability;70%
Wally Sinderland;F18;10th grade;probability;79%
Filia Yvon;F15;9th grade;probability;88%
Liesa Barabisch;F18;9th grade;probability;77%
Correy Noquet;M17;10th grade;probability;70%
Dulcie Dillon;F17;12th grade;probability;85%
Aleen Rounsivall;F15;11th grade;probability;93%
Reggy Burdoun;M17;10th grade;probability;nan
Gayle Meaddowcroft;M15;12th grade;probability;92%
Tremain Heephy;M14;12th grade;probability;82%
Winnie Massenhove;M16;9th grade;probability;87%
Josepha Ginnety;F16;10th grade;probability;75%
Kelcey Jacob;F18;9th grade;probability;84%
Miner Ogilby;M16;12th grade;probability;79%
Maighdiln Esler;F14;11th grade;probability;nan
Maryl Robeson;F14;11th grade;probability;81%
Wye Brands;M16;9th grade;probability;91%
Payton Entwhistle;M17;12th grade;probability;77%
Daisy Norwich;F17;11th grade;probability;75%
Robinet Crean;F15;12th grade;probability;76%
Fred Kimmince;F16;9th grade;probability;82%
Bondon Moloney;M17;10th grade;probability;73%
Devan Sottell;F15;10th grade;probability;81%
Hedwiga Gouck;F16;11th grade;probability;74%
Kissiah Morrison;F17;10th grade;probability;84%
Dionysus Chedgey;M18;10th grade;probability;92%
Emmott Riddler;M15;9th grade;probability;81%
Sharline Tinker;F17;9th grade;probability;86%
Carmon Tetsall;F15;11th grade;probability;83%
Tamara Poland;F16;9th grade;probability;75%
Edwina Leschelle;F16;11th grade;probability;81%
Antons Bembrick;M18;9th grade;probability;86%
Clem McKeurtan;F18;12th grade;probability;93%
Chaim Samper;M18;12th grade;probability;77%
Brigitta Myhan;F15;12th grade;probability;nan
Ursala Citrine;F16;12th grade;probability;90%
Ursala Citrine;F16;12th grade;probability;90%
Colly Garbutt;F17;11th grade;probability;82%
Jermayne Fraanchyonok;M16;9th grade;probability;nan
Franklin Shottin;M14;12th grade;probability;75%
Cart Crew;M18;10th grade;probability;80%
Bunni Ducket;F17;12th grade;probability;87%
Abelard Bitchener;M16;11th grade;probability;84%
Mattie Dewar;M18;12th grade;probability;87%
Donia Stockoe;F18;10th grade;probability;84%
Korella Spurden;F16;9th grade;probability;81%
Basilius Sine;M17;10th grade;probability;85%
Kingston Akaster;M14;9th grade;probability;75%
Carita Utting;F16;11th grade;probability;83%
Kizzee Kensington;F17;12th grade;probability;76%
Garret Hartfleet;M17;12th grade;probability;90%
Ingrid Meatyard;F18;12th grade;probability;nan
Verney Sainsberry;M18;9th grade;probability;76%
Lonni Bruhnicke;F16;9th grade;probability;81%
Isa Staynes;M16;12th grade;probability;87%
Hakim Stook;M18;10th grade;probability;nan
Lucho Scarlet;M14;10th grade;probability;74%
Wain Iacapucci;M15;11th grade;probability;89%
Lorinda Coldbreath;F16;9th grade;probability;75%
Emmalee Harrisson;F15;11th grade;probability;84%
Pavel Makey;M17;9th grade;probability;91%
Cristian Korba;M18;10th grade;probability;80%
Vachel Bushrod;M15;11th grade;probability;85%
Taddeusz Gavozzi;M16;10th grade;probability;83%
Bil McCoole;M15;11th grade;probability;73%
Lusa Swedeland;F18;9th grade;probability;77%
Leonie Pashenkov;F18;9th grade;probability;94%
Bruce Crebott;M16;11th grade;probability;74%
Rikki McCauley;M17;12th grade;probability;80%
Pauletta Austen;F18;9th grade;probability;73%
Flynn Callicott;M16;10th grade;probability;90%
Francesca Crumley;F14;11th grade;probability;72%
Robinette Dillon;F15;12th grade;probability;88%
Wendall Fontenot;M16;9th grade;probability;78%
Cyndia Couchman;F16;12th grade;probability;78%
Leeann Gregs;F14;12th grade;probability;81%
Fran Gooderidge;M15;11th grade;probability;87%
Zechariah Tuffield;M15;12th grade;probability;94%
Demetris Lougheid;M15;9th grade;probability;80%
Alis Truswell;F18;9th grade;probability;nan
Wittie Caurah;M14;12th grade;probability;85%
Cherie Gerant;F15;12th grade;probability;82%
Wallis Eslie;M18;10th grade;probability;nan
Trevor Mantle;M14;10th grade;probability;88%
Fawnia Windram;F14;12th grade;probability;94%
Heindrick Manilo;M18;11th grade;probability;86%
Nadean Klasing;F17;11th grade;probability;83%
Twila McKerton;F15;10th grade;probability;84%
Gerry Sparling;M15;11th grade;probability;81%
Denyse Bisseker;F15;9th grade;probability;92%
Gweneth Churching;F18;12th grade;probability;75%
Solomon Grainger;M17;12th grade;probability;84%
Avram Esposi;M15;12th grade;probability;76%
Quent McAughtry;M16;9th grade;probability;85%
Manya Hafner;F18;9th grade;probability;73%
Mateo Limbrick;M15;12th grade;probability;90%
Marcela Samart;F16;10th grade;probability;95%
Morry Foxen;M14;11th grade;probability;84%
Johan Tenney;M14;10th grade;probability;83%
Karisa Blackstock;F17;9th grade;probability;84%
Kaila Salisbury;F18;12th grade;probability;84%
Manolo Abramamov;M16;12th grade;probability;76%
Jennilee Bernuzzi;F17;12th grade;probability;73%
Selinda Takkos;F14;12th grade;probability;75%
Cesare Spores;M18;11th grade;probability;78%
Jacynth Scarrott;F18;12th grade;probability;95%
Ariadne Dundridge;F18;9th grade;probability;77%
Brander Grombridge;M16;9th grade;probability;85%
Rupert Kiehnlt;M17;10th grade;probability;79%
Dannie Gerber;M14;11th grade;probability;80%
Kendall Nattriss;M18;11th grade;probability;81%
Nowell Fender;M18;12th grade;probability;82%
Darbee Marqyes;M14;12th grade;probability;80%
Sarina Wakelin;F14;12th grade;probability;80%
Vernen Boskell;M18;12th grade;probability;83%
Rodge Bernardez;M16;10th grade;probability;86%
Kip Innott;F17;11th grade;probability;72%
Micah Moohan;M17;11th grade;probability;82%
Gaston Oldroyd;M17;11th grade;probability;nan
Garnet Yarranton;F17;11th grade;probability;67%
Alverta Adolthine;F16;11th grade;probability;82%
Cordey Kirkebye;F16;11th grade;probability;74%
Carmelita Parkhouse;F15;12th grade;probability;80%
Desdemona Jefferies;F16;10th grade;probability;81%
Krissy Sanchis;F17;12th grade;probability;62%
Corrianne Guerra;F14;12th grade;probability;86%
Dominic Forsythe;M15;12th grade;probability;80%
Ber Newlyn;M16;12th grade;probability;86%
Trista Ruos;F18;10th grade;probability;75%
Eldin Salmon;M15;11th grade;probability;78%
Case Lighterness;M15;10th grade;probability;72%
Donovan Peet;M17;12th grade;probability;88%
Ingamar Ughi;M18;11th grade;probability;81%
Pascale Doak;M18;9th grade;probability;83%
Lauretta Rivelon;F17;12th grade;probability;86%
Priscilla Savatier;F15;12th grade;probability;nan
Hayes Cutsforth;M15;12th grade;probability;80%
Anestassia Gasker;F17;10th grade;probability;nan
Christin Cross;F17;12th grade;probability;82%
Rochella Canete;F18;9th grade;probability;83%
Janis Cardero;F16;10th grade;probability;86%
Eolande Thorneywork;F17;11th grade;probability;85%
Angelita Jancar;F16;9th grade;probability;83%
Luise Laterza;F18;12th grade;probability;74%
Massimo Babbs;M16;11th grade;probability;83%
Garrek Manuely;M14;9th grade;probability;85%
Winslow Lilliman;M15;11th grade;probability;83%
Grantham Yate;M15;10th grade;probability;87%
Dennie Chopping;M16;9th grade;probability;83%
Garwin Crust;M16;9th grade;probability;78%
Orren Heater;M15;11th grade;probability;94%
Chiquita Bains;F17;10th grade;probability;77%
Shalom Vittet;M18;10th grade;probability;85%
Lelia MacKenzie;F14;12th grade;probability;79%
Blair Chiles;M18;10th grade;probability;82%
Norby Coney;M18;9th grade;probability;87%
Adriane Guage;F16;12th grade;probability;79%
Wendall Drinnan;M14;9th grade;probability;70%
Mariya Rings;F17;10th grade;probability;87%
Rollin Tointon;M14;9th grade;probability;71%
Lexy Moan;F16;11th grade;probability;75%
Ollie Extence;F17;10th grade;probability;76%
Tito Wanklyn;M16;12th grade;probability;61%
Zebadiah Josefovic;M14;12th grade;probability;75%
Monte Passion;M17;11th grade;probability;85%
Filmore Gummow;M14;12th grade;probability;83%
Zarah Borgars;F16;11th grade;probability;74%
Koo Woodfield;F16;12th grade;probability;79%
Llywellyn Peniello;M15;9th grade;probability;75%
Timofei Drummer;M16;10th grade;probability;83%
Anna-maria Zaczek;F15;9th grade;probability;84%
Quent Farrow;M18;11th grade;probability;86%
Francklyn Pherps;M16;9th grade;probability;93%
Hanson Zorro;M15;11th grade;probability;nan
Janelle Schrei;F15;11th grade;probability;78%
Sheila-kathryn Bartlomiej;F18;9th grade;probability;81%
Dex Best;M17;10th grade;probability;77%
Rodger McCrackem;M16;10th grade;probability;82%
Idelle Moggach;F18;10th grade;probability;86%
Crosby Yaknov;M18;9th grade;probability;80%
Kristi Hutton;F18;10th grade;probability;nan
Ali Halvosen;M18;11th grade;probability;76%
Beitris Waltering;F14;9th grade;probability;85%
Arabel Vallack;F17;9th grade;probability;77%
Padraig Silburn;M18;11th grade;probability;88%
Kippie Tomkinson;M15;12th grade;probability;88%
Evan Gull;M15;10th grade;probability;84%
Agnola Tchaikovsky;F14;10th grade;probability;76%
Friedrick Murrock;M14;12th grade;probability;90%
Joaquin Yakubov;M14;10th grade;probability;nan
Archibald Phear;M14;12th grade;probability;79%
Harri Klais;F15;11th grade;probability;67%
Frederique Matijasevic;F18;11th grade;probability;79%
Allsun Carnew;F15;12th grade;probability;73%
Gwenore Dysert;F17;12th grade;probability;85%
Darline Streetfield;F15;9th grade;probability;56%
Winny Rackstraw;M18;11th grade;probability;82%
Judon Stroobant;M15;10th grade;probability;81%
Marcelo Riddell;M16;12th grade;probability;82%
Goddard Mosson;M14;12th grade;probability;80%
Kesley Neubigging;F16;12th grade;probability;73%
Osborne Hurich;M17;9th grade;probability;77%
Sara-ann Wraighte;F15;11th grade;probability;81%
Jorey O Sullivan;F14;11th grade;probability;86%
Laure Currier;F17;12th grade;probability;74%
Lydia Lieber;F14;12th grade;probability;81%
Artair Earland;M18;10th grade;probability;84%
Adelbert Drane;M15;12th grade;probability;83%
Arv Laphorn;M18;12th grade;probability;nan
Alidia Narrie;F18;11th grade;probability;73%
Sherwin De La Hay;M15;11th grade;probability;83%
Wenda Warmington;F18;12th grade;probability;89%
Errol Le Friec;M16;12th grade;probability;80%
Rufus Bleasdille;M14;11th grade;probability;59%
Jeddy Jelf;M16;12th grade;probability;83%
Eustace Dawdary;M15;10th grade;probability;81%
Ches Elkins;M17;10th grade;probability;93%
Valene Brolly;F15;12th grade;probability;89%
Zsa zsa Drayson;F17;9th grade;probability;81%
Ephrayim Clapson;M18;9th grade;probability;70%
Benoite Bourton;F14;10th grade;probability;80%
Frannie Porker;F14;11th grade;probability;85%
Aldridge Chesnut;M18;11th grade;probability;nan
Tova Whyberd;F17;10th grade;probability;78%
Willow Ordish;F18;10th grade;probability;84%
Elmo Lievesley;M16;11th grade;probability;86%
Wendall Widd;M16;12th grade;probability;nan
Larissa MacKaig;F14;10th grade;probability;73%
Keir Kirkhouse;M17;11th grade;probability;66%
Liza Crichten;F15;9th grade;probability;83%
Cherilyn Jobb;F18;11th grade;probability;77%
Der Kauffman;M18;11th grade;probability;81%
Antons Chander;M18;12th grade;probability;83%
Pembroke Patinkin;M14;10th grade;probability;89%
Giustina Coyett;F15;12th grade;probability;73%
Tamra Boustred;F16;9th grade;probability;nan
Cleon Puve;M15;11th grade;probability;nan
Sarena Loseby;F16;10th grade;probability;79%
Colby Elford;M15;9th grade;probability;nan
Vassili Lankford;M18;12th grade;probability;83%
Koren Gile;F17;9th grade;probability;75%
Merwin Scneider;M17;10th grade;probability;84%
Stormy Stranio;F17;11th grade;probability;85%
Heinrick Annandale;M16;11th grade;probability;85%
Maxi Dew;F16;10th grade;probability;71%
Jewell Boas;F15;12th grade;probability;90%
Lebbie Twine;F17;12th grade;probability;91%
Garek Culbert;M14;11th grade;probability;nan
Cristine Warboys;F16;12th grade;probability;74%
Andros Magnus;M14;11th grade;probability;85%
Micheline Trent;F14;9th grade;probability;81%
Denna Mackrill;F16;10th grade;probability;70%
Maegan Ebbrell;F18;11th grade;probability;77%
Nikki Dashper;M17;11th grade;probability;81%
Miran McDermott-Row;F17;12th grade;probability;77%
Rick Druhan;M17;10th grade;probability;73%
Doy Hatz;M17;9th grade;probability;nan
Dina Jauncey;F15;11th grade;probability;82%
Karyn Craft;F18;12th grade;probability;88%
Olin Tarply;M15;12th grade;probability;88%
Hatti Prisk;F15;11th grade;probability;nan
Darnall Ostler;M15;10th grade;probability;84%
Noam Gudgin;M18;9th grade;probability;91%
Godart Goodbarne;M18;12th grade;probability;78%
Sibyl Earles;M15;11th grade;probability;74%
Michal Causier;M14;9th grade;probability;86%
Ingrim Bottrell;M18;10th grade;probability;93%
Isidora Brave;F18;11th grade;probability;79%
Edythe Verdun;F18;12th grade;probability;80%
Angelico Ferrulli;M15;9th grade;probability;72%
Crawford Howsin;M16;11th grade;probability;75%
Deanna Daviot;F17;12th grade;probability;77%
Denyse Cuthbert;F14;12th grade;probability;86%
Florencia Fairhurst;F17;12th grade;probability;81%
Codi Cutridge;F18;9th grade;probability;81%
Patty McDermid;F14;9th grade;probability;79%
Elianora Medwell;F17;11th grade;probability;74%
Neill Reightley;M16;12th grade;probability;74%
Viviana Dadds;F17;12th grade;probability;75%
Kaye Sterte;F17;9th grade;probability;81%
Pascale Wathey;M18;9th grade;probability;77%
Illa Camacho;F15;9th grade;probability;90%
Johny Prys;M14;11th grade;probability;84%
Barris Lemarie;M18;10th grade;probability;74%
Federico Sevin;M15;12th grade;probability;83%
Gardener Hussy;M14;12th grade;probability;88%
Joshua Rosenhaus;M15;10th grade;probability;75%
Koressa O'Cannavan;F16;12th grade;probability;79%
Boonie Marfield;M14;9th grade;probability;81%
Tony Danahar;M15;11th grade;probability;74%
Tommi Cardenoza;F15;12th grade;probability;nan
Vere Firebrace;F17;12th grade;probability;76%
Evania Espinha;F14;9th grade;probability;80%
Danette Pancoust;F15;12th grade;probability;89%
Scarface Pevie;M17;11th grade;probability;84%
Bobine Tordiffe;F14;9th grade;probability;78%
Elberta Newsham;F16;9th grade;probability;86%
Mercy Kinnoch;F14;12th grade;probability;83%
Kylie Oldnall;M15;10th grade;probability;72%
Jamaal Braidford;M15;12th grade;probability;90%
Gaile McKnish;M16;9th grade;probability;79%
Caralie Few;F17;11th grade;probability;73%
Hedvig MacKnight;F14;10th grade;probability;75%
Harrietta Audus;F14;11th grade;probability;72%
Therine Bartkiewicz;F18;11th grade;probability;80%
Sophi Balchin;F15;10th grade;probability;89%
Westbrooke Boch;M16;11th grade;probability;91%
Averill Hobbema;M17;10th grade;probability;76%
Cherilynn Hawkslee;F18;9th grade;probability;nan
Jaimie Abbie;M15;12th grade;probability;74%
Boote Skuce;M14;10th grade;probability;75%
Ansell Blais;M18;11th grade;probability;80%
Carlos Playfair;M18;11th grade;probability;82%
Karlene Plaskett;F14;10th grade;probability;77%
Benedict Fotherby;M17;10th grade;probability;78%
Keven Proffitt;M18;12th grade;probability;73%
Murielle Hardwicke;F16;9th grade;probability;78%
Jacqueline McCrie;F15;9th grade;probability;72%
Ailey Calloway;F16;12th grade;probability;82%
Kyle Capelow;M15;12th grade;probability;80%
Antin Pandey;M14;12th grade;probability;75%
Rochette McCoish;F18;12th grade;probability;81%
Thorpe Danniell;M18;10th grade;probability;78%
Malynda Jovicevic;F14;10th grade;probability;85%
Wade Bowman;M15;10th grade;probability;80%
Myer Levesley;M15;12th grade;probability;86%
Dunstan Starking;M14;9th grade;probability;86%
Joey Staddon;F15;12th grade;probability;91%
Giffard Seid;M18;11th grade;probability;79%
Kit Ventura;F17;9th grade;probability;72%
Ellwood Schrir;M14;10th grade;probability;79%
Aubrette MacTerlagh;F18;9th grade;probability;88%
Cassaundra Goodbur;F14;11th grade;probability;87%
Fletcher Rallinshaw;M15;11th grade;probability;83%
De witt Zima;M15;10th grade;probability;76%
Elfreda Wolvey;F16;12th grade;probability;77%
Heidie Rodger;F14;12th grade;probability;82%
Hillard Santos;M18;12th grade;probability;90%
Roxanna Hartland;F14;10th grade;probability;77%
Dorella Purves;F16;11th grade;probability;66%
Ned Mullan;M15;10th grade;probability;79%
Bertha Flancinbaum;F17;9th grade;probability;76%
Ewen Salasar;M16;12th grade;probability;79%
Nerti Bish;F14;11th grade;probability;91%
Wilie Stillert;F14;9th grade;probability;69%
Gertie Flicker;F15;11th grade;probability;86%
Yettie Labes;F14;12th grade;probability;82%
Lock McGuinley;M18;10th grade;probability;84%
Bebe Lebbern;F15;12th grade;probability;91%
