	full_name	gender_age	grade	exam	score
0	Moses Kirckman	M14	11th grade	fractions	69%
1	Timofei Strowan	M18	11th grade	fractions	63%
2	Silvain Poll	M18	9th grade	fractions	69%
3	Lezley Pinxton	M18	11th grade	fractions	nan
4	Bernadene Saunper	F17	11th grade	fractions	72%
5	Eldin Spitell	M16	11th grade	fractions	nan
6	Christi Lesser	F17	9th grade	fractions	86%
7	Papageno Rummin	M17	11th grade	fractions	81%
8	Nissa Wrotchford	F18	12th grade	fractions	68%
9	Vincent Blumer	M14	11th grade	fractions	59%
10	Roanne Blomfield	F14	11th grade	fractions	72%
11	Roanne Blomfield	F14	11th grade	fractions	72%
12	Lyda Gandrich	F16	12th grade	fractions	71%
13	Wanda Ivens	F18	10th grade	fractions	85%
14	Jarvis Cluelow	M14	9th grade	fractions	69%
15	Fabian Pratty	M18	12th grade	fractions	77%
16	Kippy Grewer	M18	9th grade	fractions	76%
17	Roanne Blomfield	F14	11th grade	fractions	72%
18	Hedvig Switsur	F14	10th grade	fractions	nan
19	Alene Paylie	F18	11th grade	fractions	86%
20	Gwendolen Attwoul	F15	9th grade	fractions	72%
21	Kevin Purkiss	M17	10th grade	fractions	81%
22	Micky Beechcraft	M16	12th grade	fractions	78%
23	Tybie Barrable	F15	12th grade	fractions	nan
24	Judie Isakson	F15	10th grade	fractions	67%
25	Harbert Traice	M16	12th grade	fractions	70%
26	Erma Cowx	F15	12th grade	fractions	61%
27	My Iskow	M15	10th grade	fractions	74%
28	Mariann Sinott	F18	10th grade	fractions	76%
29	Rad Hitcham	M14	10th grade	fractions	77%
30	Rosalind Butterwick	F17	11th grade	fractions	68%
31	Sherill Picton	F16	9th grade	fractions	71%
32	Hadrian Yurshev	M16	10th grade	fractions	84%
33	Andrea Cartmel	F16	12th grade	fractions	81%
34	Kristoforo Wilcockes	M15	10th grade	fractions	78%
35	Dyanne Raubenheim	F14	12th grade	fractions	nan
36	Melly Hancill	F14	9th grade	fractions	76%
37	Boyd Richt	M16	12th grade	fractions	81%
38	Anthea Coleridge	F16	12th grade	fractions	81%
39	Cad Shimoni	M14	11th grade	fractions	75%
40	Jedidiah Berrick	M14	12th grade	fractions	67%
41	Delaney Gartrell	M17	11th grade	fractions	87%
42	Valentine Mattersley	F17	11th grade	fractions	67%
43	Esta Woodger	F15	10th grade	fractions	69%
44	Marsh Wyke	M14	10th grade	fractions	90%
45	Hilliary Haycraft	F17	12th grade	fractions	64%
46	Clo Galland	F16	10th grade	fractions	82%
47	Reine Callingham	F16	11th grade	fractions	69%
48	Carlie McQueen	M16	11th grade	fractions	89%
49	Forrest Emery	M17	9th grade	fractions	94%
50	Kerry Lilion	M18	10th grade	fractions	80%
51	Penelopa Meace	F16	12th grade	fractions	69%
52	Raine Raddenbury	F15	10th grade	fractions	76%
53	Nerita Haslum	F17	11th grade	fractions	78%
54	Trevor Andreopolos	M14	12th grade	fractions	64%
55	Sargent Farlambe	M17	12th grade	fractions	81%
56	Rolland Whotton	M16	12th grade	fractions	64%
57	Vanny Lingard	F18	12th grade	fractions	78%
58	Talbot Godney	M18	12th grade	fractions	75%
59	D'arcy Farnfield	M17	10th grade	fractions	74%
60	Matthaeus Skipworth	M15	12th grade	fractions	70%
61	Roi Lethley	M17	12th grade	fractions	71%
62	Beverie Slemmonds	F15	10th grade	fractions	81%
63	Jessalyn Mateu	F17	12th grade	fractions	90%
64	Sylvan Fonzo	M16	11th grade	fractions	69%
65	Daron Gitsham	M15	10th grade	fractions	79%
66	Dov Spriggin	M14	11th grade	fractions	83%
67	Janene Perry	F17	12th grade	fractions	69%
68	Tamara Livzey	F18	12th grade	fractions	74%
69	Rutger Mumbey	M14	9th grade	fractions	64%
70	Malcolm Klimkov	M16	12th grade	fractions	75%
71	Sheppard Waszkiewicz	M18	10th grade	fractions	75%
72	Madeleine Maier	F15	11th grade	fractions	68%
73	Henrieta Brimilcombe	F17	10th grade	fractions	72%
74	Bartel Archer	M15	9th grade	fractions	84%
75	Lynde Hawtry	F16	9th grade	fractions	nan
76	Laurie Manuel	M14	12th grade	fractions	80%
77	Chen Morin	M14	12th grade	fractions	74%
78	Christopher Lathbury	M16	12th grade	fractions	79%
79	Randie Gilyott	M14	12th grade	fractions	71%
80	Robyn Blindermann	F16	11th grade	fractions	92%
81	Neron Klasen	M17	10th grade	fractions	71%
82	Ilyssa Lindenman	F14	9th grade	fractions	75%
83	Waneta Finnigan	F14	12th grade	fractions	62%
84	Benyamin Lappine	M16	9th grade	fractions	84%
85	Hasheem Carnihan	M15	10th grade	fractions	79%
86	Sindee Whyke	F17	11th grade	fractions	73%
87	Herbie Wheeler	M17	11th grade	fractions	70%
88	Cosmo Swetmore	M15	9th grade	fractions	76%
89	Guilbert Cheng	M18	11th grade	fractions	81%
90	Sybyl Kneeland	F14	11th grade	fractions	82%
91	Berte Disdel	F14	12th grade	fractions	83%
92	Jakie Cremer	M17	10th grade	fractions	69%
93	Owen Shaefer	M16	11th grade	fractions	69%
94	Zollie Manshaw	M17	10th grade	fractions	73%
95	Bria Seiller	F15	12th grade	fractions	72%
96	Lilyan Cicutto	F14	12th grade	fractions	88%
97	Grantham Maykin	M16	11th grade	fractions	75%
98	Doralyn Bartels	F14	12th grade	fractions	85%
99	Mariam Hallyburton	F18	9th grade	fractions	80%
100	Morissa Skade	F16	10th grade	fractions	72%
101	Jasper Comfort	M14	9th grade	fractions	76%
102	Siana Pallas	F18	10th grade	fractions	58%
103	Aldous Peele	M16	9th grade	fractions	86%
104	Ethelred Easun	M14	12th grade	fractions	85%
105	Goldarina Championnet	F14	10th grade	fractions	83%
106	Gardie Sleeny	M14	11th grade	fractions	67%
107	Ardyth Weaben	F14	11th grade	fractions	60%
108	Tomi Curuclis	F16	9th grade	fractions	71%
109	Rickie Toffler	F18	11th grade	fractions	73%
110	Grover Knightly	M16	9th grade	fractions	84%
111	Lowe Allatt	M17	11th grade	fractions	81%
112	Aveline Sammes	F16	10th grade	fractions	70%
113	Farlie Pawellek	M14	10th grade	fractions	87%
114	Luca Scutching	M15	11th grade	fractions	75%
115	Ardys Frid	F16	11th grade	fractions	83%
116	Johnny Iveson	M17	10th grade	fractions	70%
117	Mathilda De Vere	F17	9th grade	fractions	nan
118	Delia Lightbourne	F14	9th grade	fractions	58%
119	Traci de Verson	F14	9th grade	fractions	71%
120	Hugh Andreou	M17	9th grade	fractions	63%
121	William Eronie	M16	10th grade	fractions	73%
122	Drake Freen	M17	12th grade	fractions	84%
123	Teena Waulker	F18	9th grade	fractions	80%
124	Jaye MacNucator	M16	10th grade	fractions	72%
125	Averill Moth	M15	10th grade	fractions	72%
126	Chanda Longmead	F18	11th grade	fractions	65%
127	Arne Gartland	M14	10th grade	fractions	91%
128	Deena Cayle	F15	9th grade	fractions	71%
129	Thorpe Lindmark	M15	9th grade	fractions	68%
130	Gunner Walentynowicz	M16	9th grade	fractions	79%
131	Baird Loughnan	M16	12th grade	fractions	93%
132	Diego Larwell	M17	12th grade	fractions	81%
133	Harmon Seydlitz	M14	9th grade	fractions	82%
134	Kevyn Lomax	F17	10th grade	fractions	83%
135	Chico Ovenell	M14	11th grade	fractions	75%
136	Romola Kettles	F18	10th grade	fractions	71%
137	Betty Hubbuck	F18	9th grade	fractions	95%
138	Harri Hendrichs	F14	12th grade	fractions	83%
139	Gusti Jermey	F17	11th grade	fractions	76%
140	Winslow Corona	M17	9th grade	fractions	75%
141	Terese Ricketts	F15	11th grade	fractions	64%
142	Nataniel Bohl	M15	11th grade	fractions	77%
143	Bethany Hesbrook	F18	9th grade	fractions	65%
144	Fernande Dockrey	F15	12th grade	fractions	70%
145	Giordano Southon	M14	9th grade	fractions	64%
146	Jerrine De Vaar	F17	12th grade	fractions	88%
147	Andreas Morsley	M14	11th grade	fractions	70%
148	Ber Ormond	M18	10th grade	fractions	69%
149	Gian Smallpeace	M17	10th grade	fractions	74%
150	Drona Maccaddie	F16	12th grade	fractions	91%
151	Sella Swatton	F15	12th grade	fractions	85%
152	Ches Alfuso	M15	12th grade	fractions	74%
153	Rand Avison	M15	12th grade	fractions	83%
154	Nichols Auld	M15	11th grade	fractions	nan
155	Dion Dudson	M16	10th grade	fractions	67%
156	Dedra Tune	F18	12th grade	fractions	75%
157	Lowe Scamal	M15	10th grade	fractions	98%
158	Phineas Concannon	M15	12th grade	fractions	83%
159	Nertie Keast	F16	9th grade	fractions	66%
160	Arluene Danson	F17	12th grade	fractions	72%
161	Kelcey Cervantes	F15	12th grade	fractions	77%
162	Tana Jeal	F15	9th grade	fractions	69%
163	Eric Faber	M18	9th grade	fractions	65%
164	Eddie Lambot	M14	11th grade	fractions	77%
165	Pierrette Albro	F18	12th grade	fractions	64%
166	Karyl Brosoli	F15	10th grade	fractions	68%
167	Alexina Durham	F18	11th grade	fractions	74%
168	Florie Pleat	F16	9th grade	fractions	90%
169	Keefer Humbert	M18	11th grade	fractions	81%
170	Meryl Exposito	F15	12th grade	fractions	79%
171	Bing Son	M16	12th grade	fractions	51%
172	Kingsley Evill	M15	11th grade	fractions	83%
173	Scarlett Bancroft	F17	12th grade	fractions	93%
174	Franciskus Ramsell	M16	12th grade	fractions	87%
175	Whit Garrattley	M14	10th grade	fractions	88%
176	Viv Room	F18	9th grade	fractions	66%
177	Demott Boath	M16	11th grade	fractions	71%
178	Marrilee Caldecott	F16	9th grade	fractions	82%
179	Kat McCanny	F14	10th grade	fractions	nan
180	Melvyn Duncanson	M18	10th grade	fractions	74%
181	Ariadne Turville	F16	12th grade	fractions	nan
182	Ilka Spillman	F17	11th grade	fractions	58%
183	Rosina Dack	F18	12th grade	fractions	63%
184	Darryl Southern	F16	9th grade	fractions	81%
185	Bird Rodrig	F17	11th grade	fractions	82%
186	Gian McGauhy	M18	12th grade	fractions	73%
187	Lilia Craydon	F16	11th grade	fractions	71%
188	Gabbi Dinsell	F14	11th grade	fractions	60%
189	Ludovico Roskeilly	M15	12th grade	fractions	73%
190	Riley Vedeneev	M16	11th grade	fractions	64%
191	Levi Lifton	M14	9th grade	fractions	76%
192	Fons Lauritzen	M16	11th grade	fractions	53%
193	Ivory Deetch	F18	10th grade	fractions	65%
194	Roslyn Kimmel	F17	10th grade	fractions	54%
195	Eva Briant	F16	11th grade	fractions	71%
196	Velvet Reedie	F15	12th grade	fractions	76%
197	Garv Leathlay	M16	10th grade	fractions	69%
198	Margit Read	F14	9th grade	fractions	84%
199	Yurik Farrell	M18	9th grade	fractions	68%
200	Gigi Erley	F14	10th grade	fractions	63%
201	Madelaine Drees	F14	10th grade	fractions	73%
202	Nevins O'Sesnane	M16	9th grade	fractions	nan
203	Sonnie Yukhnev	F14	11th grade	fractions	83%
204	Boigie Kaindl	M15	11th grade	fractions	81%
205	Richmound Death	M18	9th grade	fractions	91%
206	Erma Gallo	F17	11th grade	fractions	55%
207	Lennard Dooney	M18	9th grade	fractions	67%
208	Katlin Henrie	F18	10th grade	fractions	73%
209	Loise Lackey	F15	9th grade	fractions	85%
210	Loise Lackey	F15	9th grade	fractions	85%
211	Loise Lackey	F15	9th grade	fractions	85%
212	Franzen Buey	M17	10th grade	fractions	58%
213	Malissia Kyd	F14	10th grade	fractions	87%
214	Garland Knok	F16	9th grade	fractions	79%
215	Ardelis Guilloux	F16	10th grade	fractions	68%
216	Talbert Tommasuzzi	M16	11th grade	fractions	nan
217	Minetta Cohen	F17	12th grade	fractions	71%
218	Lorita Carayol	F18	11th grade	fractions	88%
219	Cindelyn Grishin	F15	10th grade	fractions	78%
220	Sheri Ratcliff	F16	10th grade	fractions	73%
221	Magdalene Lilleman	F14	12th grade	fractions	83%
222	Ibby Catlin	F16	10th grade	fractions	73%
223	Garik Gerram	M17	10th grade	fractions	70%
224	Starlin Danahar	F16	12th grade	fractions	76%
225	Chuck Loffhead	M14	10th grade	fractions	74%
226	Friederike Stainton - Skinn	F17	12th grade	fractions	87%
227	Devin Sperwell	M14	11th grade	fractions	82%
228	Kasey Rowberry	F15	9th grade	fractions	81%
229	Manolo Tillerton	M17	10th grade	fractions	89%
230	Vassili Elflain	M15	11th grade	fractions	76%
231	Bjorn McLaverty	M18	12th grade	fractions	56%
232	Shannan Lievesley	M18	12th grade	fractions	77%
233	Pamela Powdrill	F16	11th grade	fractions	nan
234	Kaila Cantrell	F17	12th grade	fractions	nan
235	Eldredge Fawthorpe	M15	9th grade	fractions	74%
236	Joyous Langforth	F16	11th grade	fractions	80%
237	Ange Siveter	M18	12th grade	fractions	82%
238	Henri Nizard	M18	12th grade	fractions	68%
239	Hatti Olczak	F15	9th grade	fractions	nan
240	Abbe Tallowin	F17	10th grade	fractions	78%
241	Arvy Picott	M17	11th grade	fractions	81%
242	Noni Scalia	F15	9th grade	fractions	72%
243	Flossie Coulthard	F17	9th grade	fractions	70%
244	Falkner Dragonette	M14	12th grade	fractions	77%
245	Andy Foley	M14	11th grade	fractions	79%
246	Lewiss Tomlins	M15	11th grade	fractions	72%
247	Shoshana Littrell	F16	12th grade	fractions	74%
248	Sheelah Coleiro	F15	11th grade	fractions	70%
249	Bobbette Firebrace	F16	11th grade	fractions	86%
250	Hastie Dies	M15	11th grade	fractions	74%
251	Lee Stolberger	F17	12th grade	fractions	91%
252	Eddy Wreak	F18	10th grade	fractions	89%
253	Tris Leel	M18	10th grade	fractions	63%
254	Kyla Morsom	F16	10th grade	fractions	70%
255	Byram Nawton	M17	10th grade	fractions	76%
256	Lawrence Olander	M15	9th grade	fractions	69%
257	Sib Clotworthy	F15	12th grade	fractions	64%
258	Yevette Duncanson	F16	12th grade	fractions	87%
259	Clyde Shrubb	M15	11th grade	fractions	73%
260	Putnem Vedenichev	M16	9th grade	fractions	nan
261	Meade Scutter	M14	11th grade	fractions	69%
262	Timmie O'Siaghail	F14	10th grade	fractions	60%
263	Christiana Mechan	F18	12th grade	fractions	nan
264	Teodoro Verne	M17	11th grade	fractions	57%
265	Townie Attenbarrow	M14	11th grade	fractions	67%
266	Jacynth Tranmer	F14	12th grade	fractions	nan
267	Ugo Staniland	M17	11th grade	fractions	80%
268	Tyne Tilson	F17	9th grade	fractions	76%
269	Zorah Mazzei	F17	9th grade	fractions	67%
270	Elyssa Pourvoieur	F17	11th grade	fractions	72%
271	Vassily Andino	M14	9th grade	fractions	78%
272	Hugibert Copplestone	M18	9th grade	fractions	77%
273	Annelise O'Currane	F18	12th grade	fractions	74%
274	Connie de Clerk	M16	10th grade	fractions	71%
275	Lishe Beresfore	F18	10th grade	fractions	75%
276	Lina Dufall	F14	11th grade	fractions	78%
277	Jere Hawton	M16	9th grade	fractions	82%
278	Westleigh Gower	M18	11th grade	fractions	78%
279	Legra Alstead	F17	12th grade	fractions	74%
280	Rosemonde Heinrici	F16	12th grade	fractions	67%
281	Stanly Nolli	M17	9th grade	fractions	74%
282	Misti Ayre	F16	10th grade	fractions	82%
283	Idaline Uridge	F18	9th grade	fractions	73%
284	Lock Krystek	M17	12th grade	fractions	79%
285	Rollo Butterwick	M17	9th grade	fractions	81%
286	Erminie Abad	F15	10th grade	fractions	nan
287	Obadiah Gunbie	M15	12th grade	fractions	75%
288	Prentice Wanstall	M16	11th grade	fractions	76%
289	Stephannie Lill	F18	12th grade	fractions	89%
290	Morris Brannan	M18	12th grade	fractions	70%
291	Annabell Stoddard	F16	11th grade	fractions	72%
292	Anna-diana Marlon	F16	11th grade	fractions	nan
293	Schuyler Dairton	M14	9th grade	fractions	70%
294	Wash Copestick	M16	10th grade	fractions	82%
295	Arel Sissot	M15	9th grade	fractions	70%
296	Ardath Castleton	F16	10th grade	fractions	75%
297	Gregor Shingfield	M18	11th grade	fractions	80%
298	Anette Snawden	F17	11th grade	fractions	79%
299	Thurston Braiden	M14	9th grade	fractions	nan
300	Luci Carwithim	F15	12th grade	fractions	79%
301	Terrel Vosse	M18	10th grade	fractions	74%
302	Cecil Celli	M18	10th grade	fractions	70%
303	Tiffany Brocklehurst	F15	10th grade	fractions	66%
304	Lionello Claricoates	M18	9th grade	fractions	nan
305	Garv Leal	M15	12th grade	fractions	74%
306	Francisca Jantet	F16	11th grade	fractions	71%
307	Kimberli Corp	F15	10th grade	fractions	nan
308	Kimberli Corp	F15	10th grade	fractions	nan
309	Trude Keates	F15	10th grade	fractions	73%
310	Melinda Crayker	F16	10th grade	fractions	82%
311	Reta Band	F15	12th grade	fractions	84%
312	Tonnie Boynes	M15	11th grade	fractions	64%
313	Arlen Pinnick	M18	12th grade	fractions	70%
314	Caroljean Liffe	F15	9th grade	fractions	83%
315	Otis Hutten	M17	9th grade	fractions	76%
316	Quincy Woodroffe	M16	10th grade	fractions	67%
317	Quincy Woodroffe	M16	10th grade	fractions	67%
318	Colman Wellan	M14	11th grade	fractions	70%
319	Morris Lyman	M17	12th grade	fractions	94%
320	Gwendolin Anyene	F15	11th grade	fractions	84%
321	Deerdre Foukx	F17	11th grade	fractions	78%
322	Aubrette Cottey	F15	11th grade	fractions	73%
323	Ingrim Schwand	M18	11th grade	fractions	73%
324	Rubie Lissandri	F17	12th grade	fractions	nan
325	Jimmy Fedynski	M16	11th grade	fractions	64%
326	Alanson Grieger	M14	9th grade	fractions	76%
327	Mellicent Fullagar	F18	9th grade	fractions	63%
328	Lula Karlqvist	F16	11th grade	fractions	79%
329	Marna Vanelli	F18	9th grade	fractions	65%
330	Cordie Jelleman	F14	12th grade	fractions	72%
331	Raynell Ryson	F16	9th grade	fractions	78%
332	Reade McCorley	M17	10th grade	fractions	61%
333	Thedric Dwyer	M17	12th grade	fractions	87%
334	Addi Duffie	F16	10th grade	fractions	86%
335	Kleon Lewsley	M18	9th grade	fractions	81%
336	Nesta Syratt	F16	11th grade	fractions	59%
337	Bennie Dytham	F16	12th grade	fractions	nan
338	Ancell Kimmings	M16	9th grade	fractions	69%
339	Kit Wiggam	M18	10th grade	fractions	76%
340	Francklin Bramhill	M14	12th grade	fractions	75%
341	Mitch Doncom	M18	10th grade	fractions	nan
342	Inga Cawthorn	F14	12th grade	fractions	70%
343	Catherin Dresse	F18	11th grade	fractions	72%
344	Hewie Gilgryst	M17	10th grade	fractions	61%
345	Janifer Bartrum	F15	9th grade	fractions	62%
346	Sergio Grinaway	M17	12th grade	fractions	76%
347	Berrie Gamlyn	F15	11th grade	fractions	65%
348	Lin Ziehms	M14	10th grade	fractions	71%
349	Eimile Canniffe	F18	12th grade	fractions	nan
350	Falito Jayume	M18	9th grade	fractions	63%
351	Phil Simony	M17	11th grade	fractions	78%
352	Woodman Bloore	M15	11th grade	fractions	80%
353	Taryn Lambart	F14	10th grade	fractions	68%
354	Odelia Dowzell	F16	12th grade	fractions	75%
355	Tore Cracknell	M18	12th grade	fractions	nan
356	Jacky Joel	M17	11th grade	fractions	76%
357	Christiano Peto	M15	10th grade	fractions	66%
358	Georas Basezzi	M16	12th grade	fractions	86%
359	Zacharia Leroy	M15	10th grade	fractions	70%
360	Gaby Gwynn	F15	12th grade	fractions	nan
361	Georgianne Leavy	F17	12th grade	fractions	83%
362	Wain Licciardo	M15	12th grade	fractions	67%
363	Neall McElhinney	M17	9th grade	fractions	64%
364	Adelaide Maybery	F18	10th grade	fractions	69%
365	Corene Murrison	F14	10th grade	fractions	67%
366	Willem Hollingdale	M16	10th grade	fractions	70%
367	Fanya Beine	F18	12th grade	fractions	73%
368	Marin Pindell	F18	11th grade	fractions	nan
369	Herbie de la Valette Parisot	M17	12th grade	fractions	77%
370	Ode Shaw	M16	12th grade	fractions	73%
371	Melba Conkie	F18	10th grade	fractions	65%
372	Ignaz Malt	M14	12th grade	fractions	nan
373	Hamid Amiable	M18	11th grade	fractions	78%
374	Gifford Bernli	M16	10th grade	fractions	85%
375	Sigismundo Theml	M18	11th grade	fractions	67%
376	Anica Besnard	F16	12th grade	fractions	68%
377	Valeria Reynalds	F15	9th grade	fractions	85%
378	Neille Dell	F15	9th grade	fractions	75%
379	Pacorro Dingsdale	M16	9th grade	fractions	87%
380	Erica Coushe	F14	10th grade	fractions	74%
381	Mikkel Mallaby	M16	12th grade	fractions	nan
382	Legra Tye	F14	11th grade	fractions	80%
383	Linn Huster	M15	10th grade	fractions	nan
384	Randal Pennacci	M18	9th grade	fractions	63%
385	Noami McKay	F15	11th grade	fractions	75%
386	Mireielle Crebbin	F17	10th grade	fractions	73%
387	Panchito Mussett	M17	10th grade	fractions	71%
388	Kelvin McReynolds	M18	12th grade	fractions	61%
389	Keeley Walsham	F16	12th grade	fractions	77%
390	Audrie Rein	F17	11th grade	fractions	87%
391	Etienne Keoghan	M17	9th grade	fractions	95%
392	Claiborn Rylett	M14	10th grade	fractions	79%
393	Tanitansy Liddon	F14	10th grade	fractions	85%
394	Lennie Ashbey	M16	11th grade	fractions	nan
395	Denyse Dodgshun	F15	10th grade	fractions	66%
396	Alphard Ackland	M17	10th grade	fractions	58%
397	Bernie Bettridge	M14	12th grade	fractions	74%
398	Rodd Ahearne	M16	9th grade	fractions	79%
399	Adolphe Neljes	M17	10th grade	fractions	64%
400	Barrett Feragh	M14	9th grade	fractions	76%
401	Llewellyn Keech	M14	12th grade	fractions	83%
402	Llewellyn Keech	M14	12th grade	fractions	83%
403	Terrell Geri	M15	11th grade	fractions	80%
404	Gram Hallewell	M14	10th grade	fractions	67%
405	Stephana Boots	F18	9th grade	fractions	nan
406	Adrianne Bamfield	F14	11th grade	fractions	91%
407	Glynnis Eglise	F18	10th grade	fractions	nan
408	Ronnica Cough	F15	9th grade	fractions	77%
409	Kenyon Brisland	M18	12th grade	fractions	68%
410	Sherman Holdforth	M18	10th grade	fractions	79%
411	Zeke Marson	M14	10th grade	fractions	73%
412	Alexis Selbie	F17	12th grade	fractions	61%
413	Harcourt Bratton	M14	10th grade	fractions	73%
414	Cully Sandbatch	M16	9th grade	fractions	65%
415	Stephan Dufore	M14	10th grade	fractions	84%
416	Allayne Lettley	M15	10th grade	fractions	nan
417	Jamima Loweth	F16	12th grade	fractions	74%
418	Basil Choulerton	M18	12th grade	fractions	63%
419	Carmine Dewitt	M17	9th grade	fractions	79%
420	Carmine Dewitt	M17	9th grade	fractions	79%
421	L;urette Preskett	F15	11th grade	fractions	73%
422	Thorvald Slograve	M18	11th grade	fractions	84%
423	Averil Petheridge	F16	10th grade	fractions	78%
424	Reece Haslam	M15	11th grade	fractions	71%
425	Rudolfo Welsby	M18	9th grade	fractions	80%
426	Page Vooght	F15	12th grade	fractions	77%
427	Charo Feragh	F18	9th grade	fractions	79%
428	Carmine Henriet	M18	9th grade	fractions	78%
429	Ado Hawlgarth	M16	10th grade	fractions	63%
430	Catlee Ilem	F15	9th grade	fractions	51%
431	Ursulina Robrow	F16	9th grade	fractions	71%
432	Garald Cawker	M15	10th grade	fractions	73%
433	Maxwell Dilliway	M16	10th grade	fractions	71%
434	Taite Kochel	M15	11th grade	fractions	nan
435	Porty Golding	M16	9th grade	fractions	65%
436	Mortie Bulmer	M15	9th grade	fractions	67%
437	Nadine Batteson	F14	11th grade	fractions	71%
438	Deloria Kerin	F15	11th grade	fractions	60%
439	Fremont MacInerney	M18	11th grade	fractions	73%
440	Lou Nelissen	M16	12th grade	fractions	66%
441	Elicia O'Meara	F17	12th grade	fractions	71%
442	Grantley Ruffey	M18	10th grade	fractions	62%
443	Lea Morigan	F18	10th grade	fractions	74%
444	Arleen Loveless	F18	9th grade	fractions	81%
445	Neille Wontner	F18	10th grade	fractions	83%
446	Augustus Caird	M14	9th grade	fractions	72%
447	Westbrook Celloni	M15	11th grade	fractions	65%
448	Granny Duligall	M15	9th grade	fractions	79%
449	Oran Reide	M18	9th grade	fractions	85%
450	Arleen MacAiline	F17	11th grade	fractions	85%
451	Caron Abthorpe	F14	10th grade	fractions	82%
452	Uri Birchenough	M14	9th grade	fractions	71%
453	Adelbert Pigot	M17	12th grade	fractions	80%
454	Vale Glanders	M14	12th grade	fractions	81%
455	Duane Gewer	M16	9th grade	fractions	57%
456	Carroll Cocksedge	M16	9th grade	fractions	78%
457	Mureil Doy	F15	9th grade	fractions	60%
458	Emelita Keggin	F17	9th grade	fractions	71%
459	Murielle Gartshore	F18	11th grade	fractions	75%
460	Kellen Litzmann	F17	11th grade	fractions	70%
461	Bentlee Mangeney	M17	10th grade	fractions	75%
462	Sid Vogl	M14	11th grade	fractions	72%
463	Dorella Alden	F17	9th grade	fractions	77%
464	Claudia Bever	F18	9th grade	fractions	68%
465	Phyllys Arnaudon	F18	11th grade	fractions	62%
466	Kevina Margrie	F17	11th grade	fractions	62%
467	Jolyn Noore	F15	11th grade	fractions	70%
468	Felizio Brittoner	M14	12th grade	fractions	70%
469	Christean Rollitt	F14	12th grade	fractions	66%
470	Sergeant Witherow	M15	11th grade	fractions	69%
471	Sharleen Broadey	F15	10th grade	fractions	80%
472	Deeann Duckworth	F16	10th grade	fractions	nan
473	Gerry Rangall	F15	12th grade	fractions	74%
474	Nissy Ogglebie	F14	12th grade	fractions	77%
475	Colver de Copeman	M18	10th grade	fractions	85%
476	Pammi Swaby	F14	11th grade	fractions	56%
477	Niels Lean	M17	9th grade	fractions	77%
478	Ali Ling	F17	12th grade	fractions	nan
479	Ode Evamy	M15	12th grade	fractions	88%
480	Claudetta Tyne	F17	12th grade	fractions	79%
481	Jennilee Megroff	F14	12th grade	fractions	85%
482	Sauveur Grouen	M15	9th grade	fractions	62%
483	Price Pallister	M14	12th grade	fractions	58%
484	Corabelle Zaniolo	F15	12th grade	fractions	67%
485	Ker Tween	M18	12th grade	fractions	87%
486	Norton Coleford	M15	11th grade	fractions	80%
487	Bonny Bartoszewicz	F16	12th grade	fractions	90%
488	Winonah Le-Good	F18	9th grade	fractions	84%
489	Lodovico Backhurst	M14	12th grade	fractions	79%
490	Bart Parres	M17	9th grade	fractions	87%
491	Jami Milam	F15	11th grade	fractions	63%
492	Merlina Aleshintsev	F16	11th grade	fractions	50%
493	Elysia Rime	F14	11th grade	fractions	73%
494	Lovell Coolican	M18	11th grade	fractions	70%
495	Halley Clunie	F14	12th grade	fractions	73%
496	Gale Mullender	F17	12th grade	fractions	72%
497	Ryun Denne	M17	11th grade	fractions	74%
498	Cazzie Potapczuk	M14	10th grade	fractions	71%
499	Verina Pasque	F18	10th grade	fractions	48%
500	Roseanna Gwinnell	F15	9th grade	fractions	89%
501	Ellissa Childrens	F14	12th grade	fractions	73%
502	Reeta Bramich	F18	12th grade	fractions	74%
503	Izabel Rymer	F15	11th grade	fractions	66%
504	Rosalie Donne	F18	11th grade	fractions	72%
505	Dulsea Burgot	F17	9th grade	fractions	77%
506	Dulsea Burgot	F17	9th grade	fractions	77%
507	Olin Youthead	M16	10th grade	fractions	67%
508	Alexine Faulconbridge	F14	11th grade	fractions	85%
509	Daile Stobbs	F16	12th grade	fractions	74%
510	Frans Olcot	M18	11th grade	fractions	76%
511	Abbe Addinall	M17	12th grade	fractions	80%
512	Anne-corinne Levens	F15	12th grade	fractions	74%
513	Randy Stuckford	F18	10th grade	fractions	77%
514	Diahann Pleven	F15	10th grade	fractions	83%
515	Cele Pavelka	F14	12th grade	fractions	82%
516	Roze Tregale	F15	9th grade	fractions	67%
517	Adams Davidsson	M16	12th grade	fractions	75%
518	Nonnah Karpfen	F18	10th grade	fractions	63%
519	Erena Stratton	F16	11th grade	fractions	nan
520	Chloe Payn	F18	10th grade	fractions	75%
521	Marie-ann Fishly	F15	12th grade	fractions	71%
522	Willetta McTurk	F17	10th grade	fractions	70%
523	Othello Karlsson	M15	11th grade	fractions	nan
524	Ashly Smeaton	F17	9th grade	fractions	78%
525	Eyde Kempshall	F17	12th grade	fractions	88%
526	Salmon Outridge	M17	10th grade	fractions	64%
527	Meade Moncarr	M16	10th grade	fractions	82%
528	Cletis Petricek	M18	9th grade	fractions	64%
529	Marlene Clue	F15	9th grade	fractions	75%
530	Reidar Dyneley	M14	11th grade	fractions	81%
531	Cam Stubbeley	M15	12th grade	fractions	56%
532	Walt Hebbs	M15	9th grade	fractions	73%
533	Georgia Ferraresi	F16	9th grade	fractions	73%
534	Maurice Lott	M17	11th grade	fractions	70%
535	Ambrosi Durnian	M15	11th grade	fractions	77%
536	Laurie Glandfield	F15	12th grade	fractions	64%
537	Ira Yurocjhin	M15	12th grade	fractions	66%
538	Carey Larvent	M15	11th grade	fractions	71%
539	Maridel Ghelardoni	F14	11th grade	fractions	86%
540	Aurilia Matejka	F15	12th grade	fractions	80%
541	Ingar Chaplain	M17	11th grade	fractions	79%
542	Berthe Annett	F17	10th grade	fractions	92%
543	Auberta Ciottoi	F18	10th grade	fractions	83%
544	Bogart Clemow	M16	11th grade	fractions	67%
545	Paige Bengtson	M14	10th grade	fractions	77%
546	Smitty Pettwood	M18	12th grade	fractions	81%
547	Teirtza Lewis	F14	12th grade	fractions	83%
548	Boote Gadie	M15	11th grade	fractions	73%
549	Agnesse Eronie	F18	10th grade	fractions	73%
550	Karoly Varker	M14	12th grade	fractions	77%
551	Franklyn Bevan	M17	12th grade	fractions	82%
552	Angil Lympany	F18	10th grade	fractions	85%
553	Trixie Mattussevich	F18	12th grade	fractions	86%
554	Kathie O'Lenane	F15	10th grade	fractions	75%
555	Philippine Fosdike	F16	9th grade	fractions	83%
556	Kelley Cherry Holme	M17	10th grade	fractions	73%
557	Gery Meegin	M17	11th grade	fractions	67%
558	Culver Chapelhow	M18	12th grade	fractions	80%
559	Goldi Kitchingham	F16	9th grade	fractions	68%
560	Shelby Shearsby	M17	10th grade	fractions	65%
561	Ainsley Longhirst	F14	10th grade	fractions	69%
562	Miriam Kapelhoff	F18	9th grade	fractions	84%
563	Wendeline Haney	F16	12th grade	fractions	70%
564	Calli Buckley	F18	10th grade	fractions	71%
565	Trumaine Cornwall	M16	12th grade	fractions	75%
566	Che Tomkinson	M14	11th grade	fractions	63%
567	Yard Santorini	M17	11th grade	fractions	57%
568	Ari Downing	M14	10th grade	fractions	69%
569	Blakeley Gibbard	F16	9th grade	fractions	81%
570	Colas Drennan	M15	12th grade	fractions	81%
571	Roderich Costell	M15	12th grade	fractions	80%
572	Kienan Simonard	M15	10th grade	fractions	72%
573	Claude Zuanazzi	F14	11th grade	fractions	78%
574	Burton Owbridge	M14	11th grade	fractions	82%
575	Hobey Bradlaugh	M18	11th grade	fractions	76%
576	Kermit Trusty	M16	9th grade	fractions	63%
577	Leona Vamplers	F14	12th grade	fractions	65%
578	Foster Paxton	M16	11th grade	fractions	82%
579	Raul Chrispin	M17	10th grade	fractions	77%
580	Carissa Bony	F17	10th grade	fractions	66%
581	Bealle Creeghan	M16	11th grade	fractions	87%
582	Arlette Gulvin	F17	10th grade	fractions	79%
583	Arlette Gulvin	F17	10th grade	fractions	79%
584	Vassili Galbreath	M18	9th grade	fractions	71%
585	Ingemar Bruyntjes	M16	9th grade	fractions	78%
586	Harbert Tripcony	M17	9th grade	fractions	65%
587	Minetta Cogar	F18	12th grade	fractions	86%
588	Wallie Leverich	F17	12th grade	fractions	83%
589	Mag Maneylaws	F16	11th grade	fractions	70%
590	Marja Pettiford	F16	9th grade	fractions	67%
591	Aarika Govett	F16	12th grade	fractions	64%
592	Tobi Marlon	F14	9th grade	fractions	76%
593	Ailina Shyre	F16	12th grade	fractions	80%
594	Benedetta MacSkeaghan	F15	9th grade	fractions	70%
595	Brig Meadowcroft	M16	12th grade	fractions	84%
596	Isidor Abrashkov	M14	11th grade	fractions	83%
597	Siana McKune	F17	12th grade	fractions	72%
598	Tuck Lyford	M17	11th grade	fractions	73%
599	Janie Paris	F17	11th grade	fractions	68%
600	Nikolia Rainsdon	F15	11th grade	fractions	66%
601	Libbie MacIver	F15	10th grade	fractions	71%
602	Caesar Arnison	M16	12th grade	fractions	70%
603	Leanora Cowup	F15	9th grade	fractions	72%
604	Leanora Cowup	F15	9th grade	fractions	72%
605	Ranna Fotherby	F14	10th grade	fractions	67%
606	Myrilla Pargiter	F16	9th grade	fractions	75%
607	Sheppard Fideler	M14	10th grade	fractions	72%
608	Leela Woollard	F17	11th grade	fractions	88%
609	Camille Mussotti	F16	9th grade	fractions	74%
610	Ari Watters	M17	9th grade	fractions	77%
611	Arne Glozman	M15	9th grade	fractions	67%
612	Carlina Illesley	F18	12th grade	fractions	64%
613	Rora Lomansey	F16	12th grade	fractions	88%
614	Lambert Henric	M18	12th grade	fractions	80%
615	Magda McCane	F18	10th grade	fractions	74%
616	Elmer Gettings	M18	10th grade	fractions	66%
617	Jodie Esslement	M15	10th grade	fractions	77%
618	Frederigo Gouch	M16	11th grade	fractions	nan
619	Datha Hay	F16	10th grade	fractions	82%
620	Joan Joint	F16	10th grade	fractions	nan
621	Calv Charlotte	M17	11th grade	fractions	75%
622	Letta Supple	F16	10th grade	fractions	60%
623	Mayne Brewers	M17	11th grade	fractions	73%
624	Valentia Blunsom	F16	11th grade	fractions	63%
625	Gillan Trahar	F17	11th grade	fractions	74%
626	Sibley Escott	F16	11th grade	fractions	68%
627	Edy Faussett	F15	11th grade	fractions	84%
628	Angelle Philippsohn	F15	12th grade	fractions	68%
629	Noah Rough	M15	10th grade	fractions	71%
630	Olly MacPhee	M16	10th grade	fractions	61%
631	Theobald Westraw	M15	11th grade	fractions	65%
632	Udall Cockland	M14	10th grade	fractions	71%
633	Kathi McGrorty	F15	10th grade	fractions	70%
634	Maggi Howship	F15	12th grade	fractions	65%
635	Mata Quiddington	M17	10th grade	fractions	79%
636	Barret Furby	M18	10th grade	fractions	69%
637	Mariejeanne Bullivent	F16	11th grade	fractions	84%
638	Edgard Cattle	M16	10th grade	fractions	79%
639	Rey Grisard	F14	11th grade	fractions	76%
640	Olvan O'Kielt	M18	12th grade	fractions	87%
641	Justen Pinkney	M17	10th grade	fractions	72%
642	Leopold Daniells	M16	9th grade	fractions	71%
643	Dalis Ausiello	M16	11th grade	fractions	70%
644	Dionisio Wickardt	M18	11th grade	fractions	79%
645	Boniface Mytton	M15	12th grade	fractions	78%
646	Ogden Camacho	M16	12th grade	fractions	91%
647	Alecia Harcase	F16	11th grade	fractions	82%
648	Nyssa Wauchope	F15	10th grade	fractions	84%
649	Tamarra Itzkov	F14	9th grade	fractions	69%
650	Giacopo Kassidy	M16	12th grade	fractions	82%
651	Trent Schruurs	M18	12th grade	fractions	76%
652	Wally Sinderland	F18	10th grade	fractions	80%
653	Filia Yvon	F15	9th grade	fractions	nan
654	Liesa Barabisch	F18	9th grade	fractions	77%
655	Correy Noquet	M17	10th grade	fractions	69%
656	Dulcie Dillon	F17	12th grade	fractions	78%
657	Aleen Rounsivall	F15	11th grade	fractions	73%
658	Reggy Burdoun	M17	10th grade	fractions	84%
659	Gayle Meaddowcroft	M15	12th grade	fractions	83%
660	Tremain Heephy	M14	12th grade	fractions	68%
661	Winnie Massenhove	M16	9th grade	fractions	73%
662	Josepha Ginnety	F16	10th grade	fractions	nan
663	Kelcey Jacob	F18	9th grade	fractions	64%
664	Miner Ogilby	M16	12th grade	fractions	80%
665	Maighdiln Esler	F14	11th grade	fractions	72%
666	Maryl Robeson	F14	11th grade	fractions	68%
667	Wye Brands	M16	9th grade	fractions	73%
668	Payton Entwhistle	M17	12th grade	fractions	87%
669	Daisy Norwich	F17	11th grade	fractions	82%
670	Robinet Crean	F15	12th grade	fractions	75%
671	Fred Kimmince	F16	9th grade	fractions	72%
672	Bondon Moloney	M17	10th grade	fractions	77%
673	Devan Sottell	F15	10th grade	fractions	78%
674	Hedwiga Gouck	F16	11th grade	fractions	84%
675	Kissiah Morrison	F17	10th grade	fractions	64%
676	Dionysus Chedgey	M18	10th grade	fractions	78%
677	Emmott Riddler	M15	9th grade	fractions	66%
678	Sharline Tinker	F17	9th grade	fractions	80%
679	Carmon Tetsall	F15	11th grade	fractions	74%
680	Tamara Poland	F16	9th grade	fractions	73%
681	Edwina Leschelle	F16	11th grade	fractions	85%
682	Antons Bembrick	M18	9th grade	fractions	72%
683	Clem McKeurtan	F18	12th grade	fractions	75%
684	Chaim Samper	M18	12th grade	fractions	72%
685	Brigitta Myhan	F15	12th grade	fractions	77%
686	Ursala Citrine	F16	12th grade	fractions	84%
687	Ursala Citrine	F16	12th grade	fractions	84%
688	Colly Garbutt	F17	11th grade	fractions	72%
689	Jermayne Fraanchyonok	M16	9th grade	fractions	nan
690	Franklin Shottin	M14	12th grade	fractions	78%
691	Cart Crew	M18	10th grade	fractions	67%
692	Bunni Ducket	F17	12th grade	fractions	76%
693	Abelard Bitchener	M16	11th grade	fractions	90%
694	Mattie Dewar	M18	12th grade	fractions	91%
695	Donia Stockoe	F18	10th grade	fractions	88%
696	Korella Spurden	F16	9th grade	fractions	79%
697	Basilius Sine	M17	10th grade	fractions	66%
698	Kingston Akaster	M14	9th grade	fractions	71%
699	Carita Utting	F16	11th grade	fractions	68%
700	Kizzee Kensington	F17	12th grade	fractions	68%
701	Garret Hartfleet	M17	12th grade	fractions	68%
702	Ingrid Meatyard	F18	12th grade	fractions	65%
703	Verney Sainsberry	M18	9th grade	fractions	85%
704	Lonni Bruhnicke	F16	9th grade	fractions	71%
705	Isa Staynes	M16	12th grade	fractions	57%
706	Hakim Stook	M18	10th grade	fractions	82%
707	Lucho Scarlet	M14	10th grade	fractions	69%
708	Wain Iacapucci	M15	11th grade	fractions	74%
709	Lorinda Coldbreath	F16	9th grade	fractions	64%
710	Emmalee Harrisson	F15	11th grade	fractions	65%
711	Pavel Makey	M17	9th grade	fractions	96%
712	Cristian Korba	M18	10th grade	fractions	84%
713	Vachel Bushrod	M15	11th grade	fractions	83%
714	Taddeusz Gavozzi	M16	10th grade	fractions	72%
715	Bil McCoole	M15	11th grade	fractions	nan
716	Lusa Swedeland	F18	9th grade	fractions	67%
717	Leonie Pashenkov	F18	9th grade	fractions	70%
718	Bruce Crebott	M16	11th grade	fractions	62%
719	Rikki McCauley	M17	12th grade	fractions	75%
720	Pauletta Austen	F18	9th grade	fractions	81%
721	Flynn Callicott	M16	10th grade	fractions	66%
722	Francesca Crumley	F14	11th grade	fractions	77%
723	Robinette Dillon	F15	12th grade	fractions	70%
724	Wendall Fontenot	M16	9th grade	fractions	84%
725	Cyndia Couchman	F16	12th grade	fractions	77%
726	Leeann Gregs	F14	12th grade	fractions	nan
727	Fran Gooderidge	M15	11th grade	fractions	nan
728	Zechariah Tuffield	M15	12th grade	fractions	70%
729	Demetris Lougheid	M15	9th grade	fractions	77%
730	Alis Truswell	F18	9th grade	fractions	94%
731	Wittie Caurah	M14	12th grade	fractions	89%
732	Cherie Gerant	F15	12th grade	fractions	71%
733	Wallis Eslie	M18	10th grade	fractions	78%
734	Trevor Mantle	M14	10th grade	fractions	75%
735	Fawnia Windram	F14	12th grade	fractions	76%
736	Heindrick Manilo	M18	11th grade	fractions	79%
737	Nadean Klasing	F17	11th grade	fractions	nan
738	Twila McKerton	F15	10th grade	fractions	59%
739	Gerry Sparling	M15	11th grade	fractions	70%
740	Denyse Bisseker	F15	9th grade	fractions	75%
741	Gweneth Churching	F18	12th grade	fractions	80%
742	Solomon Grainger	M17	12th grade	fractions	73%
743	Avram Esposi	M15	12th grade	fractions	nan
744	Quent McAughtry	M16	9th grade	fractions	77%
745	Manya Hafner	F18	9th grade	fractions	79%
746	Mateo Limbrick	M15	12th grade	fractions	79%
747	Marcela Samart	F16	10th grade	fractions	69%
748	Morry Foxen	M14	11th grade	fractions	84%
749	Johan Tenney	M14	10th grade	fractions	66%
750	Karisa Blackstock	F17	9th grade	fractions	75%
751	Kaila Salisbury	F18	12th grade	fractions	79%
752	Manolo Abramamov	M16	12th grade	fractions	90%
753	Jennilee Bernuzzi	F17	12th grade	fractions	80%
754	Selinda Takkos	F14	12th grade	fractions	75%
755	Cesare Spores	M18	11th grade	fractions	65%
756	Jacynth Scarrott	F18	12th grade	fractions	72%
757	Ariadne Dundridge	F18	9th grade	fractions	77%
758	Brander Grombridge	M16	9th grade	fractions	66%
759	Rupert Kiehnlt	M17	10th grade	fractions	nan
760	Dannie Gerber	M14	11th grade	fractions	80%
761	Kendall Nattriss	M18	11th grade	fractions	85%
762	Nowell Fender	M18	12th grade	fractions	78%
763	Darbee Marqyes	M14	12th grade	fractions	80%
764	Sarina Wakelin	F14	12th grade	fractions	77%
765	Vernen Boskell	M18	12th grade	fractions	62%
766	Rodge Bernardez	M16	10th grade	fractions	75%
767	Kip Innott	F17	11th grade	fractions	95%
768	Micah Moohan	M17	11th grade	fractions	nan
769	Gaston Oldroyd	M17	11th grade	fractions	94%
770	Garnet Yarranton	F17	11th grade	fractions	76%
771	Alverta Adolthine	F16	11th grade	fractions	73%
772	Cordey Kirkebye	F16	11th grade	fractions	90%
773	Carmelita Parkhouse	F15	12th grade	fractions	72%
774	Desdemona Jefferies	F16	10th grade	fractions	78%
775	Krissy Sanchis	F17	12th grade	fractions	77%
776	Corrianne Guerra	F14	12th grade	fractions	76%
777	Dominic Forsythe	M15	12th grade	fractions	90%
778	Ber Newlyn	M16	12th grade	fractions	70%
779	Trista Ruos	F18	10th grade	fractions	77%
780	Eldin Salmon	M15	11th grade	fractions	83%
781	Case Lighterness	M15	10th grade	fractions	71%
782	Donovan Peet	M17	12th grade	fractions	73%
783	Ingamar Ughi	M18	11th grade	fractions	73%
784	Pascale Doak	M18	9th grade	fractions	71%
785	Lauretta Rivelon	F17	12th grade	fractions	71%
786	Priscilla Savatier	F15	12th grade	fractions	71%
787	Hayes Cutsforth	M15	12th grade	fractions	93%
788	Anestassia Gasker	F17	10th grade	fractions	73%
789	Christin Cross	F17	12th grade	fractions	86%
790	Rochella Canete	F18	9th grade	fractions	82%
791	Janis Cardero	F16	10th grade	fractions	75%
792	Eolande Thorneywork	F17	11th grade	fractions	66%
793	Angelita Jancar	F16	9th grade	fractions	90%
794	Luise Laterza	F18	12th grade	fractions	86%
795	Massimo Babbs	M16	11th grade	fractions	84%
796	Garrek Manuely	M14	9th grade	fractions	70%
797	Winslow Lilliman	M15	11th grade	fractions	81%
798	Grantham Yate	M15	10th grade	fractions	77%
799	Dennie Chopping	M16	9th grade	fractions	81%
800	Garwin Crust	M16	9th grade	fractions	76%
801	Orren Heater	M15	11th grade	fractions	67%
802	Chiquita Bains	F17	10th grade	fractions	72%
803	Shalom Vittet	M18	10th grade	fractions	61%
804	Lelia MacKenzie	F14	12th grade	fractions	73%
805	Blair Chiles	M18	10th grade	fractions	79%
806	Norby Coney	M18	9th grade	fractions	73%
807	Adriane Guage	F16	12th grade	fractions	nan
808	Wendall Drinnan	M14	9th grade	fractions	74%
809	Mariya Rings	F17	10th grade	fractions	72%
810	Rollin Tointon	M14	9th grade	fractions	74%
811	Lexy Moan	F16	11th grade	fractions	nan
812	Ollie Extence	F17	10th grade	fractions	79%
813	Tito Wanklyn	M16	12th grade	fractions	55%
814	Zebadiah Josefovic	M14	12th grade	fractions	72%
815	Monte Passion	M17	11th grade	fractions	71%
816	Filmore Gummow	M14	12th grade	fractions	76%
817	Zarah Borgars	F16	11th grade	fractions	71%
818	Koo Woodfield	F16	12th grade	fractions	65%
819	Llywellyn Peniello	M15	9th grade	fractions	83%
820	Timofei Drummer	M16	10th grade	fractions	78%
821	Anna-maria Zaczek	F15	9th grade	fractions	76%
822	Quent Farrow	M18	11th grade	fractions	nan
823	Francklyn Pherps	M16	9th grade	fractions	73%
824	Hanson Zorro	M15	11th grade	fractions	79%
825	Janelle Schrei	F15	11th grade	fractions	89%
826	Sheila-kathryn Bartlomiej	F18	9th grade	fractions	79%
827	Dex Best	M17	10th grade	fractions	66%
828	Rodger McCrackem	M16	10th grade	fractions	68%
829	Idelle Moggach	F18	10th grade	fractions	64%
830	Crosby Yaknov	M18	9th grade	fractions	85%
831	Kristi Hutton	F18	10th grade	fractions	74%
832	Ali Halvosen	M18	11th grade	fractions	68%
833	Beitris Waltering	F14	9th grade	fractions	80%
834	Arabel Vallack	F17	9th grade	fractions	73%
835	Padraig Silburn	M18	11th grade	fractions	59%
836	Kippie Tomkinson	M15	12th grade	fractions	nan
837	Evan Gull	M15	10th grade	fractions	71%
838	Agnola Tchaikovsky	F14	10th grade	fractions	74%
839	Friedrick Murrock	M14	12th grade	fractions	75%
840	Joaquin Yakubov	M14	10th grade	fractions	66%
841	Archibald Phear	M14	12th grade	fractions	86%
842	Harri Klais	F15	11th grade	fractions	68%
843	Frederique Matijasevic	F18	11th grade	fractions	79%
844	Allsun Carnew	F15	12th grade	fractions	69%
845	Gwenore Dysert	F17	12th grade	fractions	70%
846	Darline Streetfield	F15	9th grade	fractions	72%
847	Winny Rackstraw	M18	11th grade	fractions	75%
848	Judon Stroobant	M15	10th grade	fractions	78%
849	Marcelo Riddell	M16	12th grade	fractions	64%
850	Goddard Mosson	M14	12th grade	fractions	nan
851	Kesley Neubigging	F16	12th grade	fractions	68%
852	Osborne Hurich	M17	9th grade	fractions	65%
853	Sara-ann Wraighte	F15	11th grade	fractions	70%
854	Jorey O Sullivan	F14	11th grade	fractions	66%
855	Laure Currier	F17	12th grade	fractions	62%
856	Lydia Lieber	F14	12th grade	fractions	70%
857	Artair Earland	M18	10th grade	fractions	62%
858	Adelbert Drane	M15	12th grade	fractions	67%
859	Arv Laphorn	M18	12th grade	fractions	76%
860	Alidia Narrie	F18	11th grade	fractions	91%
861	Sherwin De La Hay	M15	11th grade	fractions	74%
862	Wenda Warmington	F18	12th grade	fractions	81%
863	Errol Le Friec	M16	12th grade	fractions	70%
864	Rufus Bleasdille	M14	11th grade	fractions	75%
865	Jeddy Jelf	M16	12th grade	fractions	73%
866	Eustace Dawdary	M15	10th grade	fractions	79%
867	Ches Elkins	M17	10th grade	fractions	63%
868	Valene Brolly	F15	12th grade	fractions	59%
869	Zsa zsa Drayson	F17	9th grade	fractions	77%
870	Ephrayim Clapson	M18	9th grade	fractions	83%
871	Benoite Bourton	F14	10th grade	fractions	78%
872	Frannie Porker	F14	11th grade	fractions	75%
873	Aldridge Chesnut	M18	11th grade	fractions	62%
874	Tova Whyberd	F17	10th grade	fractions	72%
875	Willow Ordish	F18	10th grade	fractions	69%
876	Elmo Lievesley	M16	11th grade	fractions	63%
877	Wendall Widd	M16	12th grade	fractions	74%
878	Larissa MacKaig	F14	10th grade	fractions	75%
879	Keir Kirkhouse	M17	11th grade	fractions	73%
880	Liza Crichten	F15	9th grade	fractions	82%
881	Cherilyn Jobb	F18	11th grade	fractions	86%
882	Der Kauffman	M18	11th grade	fractions	91%
883	Antons Chander	M18	12th grade	fractions	82%
884	Pembroke Patinkin	M14	10th grade	fractions	71%
885	Giustina Coyett	F15	12th grade	fractions	68%
886	Tamra Boustred	F16	9th grade	fractions	72%
887	Cleon Puve	M15	11th grade	fractions	81%
888	Sarena Loseby	F16	10th grade	fractions	69%
889	Colby Elford	M15	9th grade	fractions	68%
890	Vassili Lankford	M18	12th grade	fractions	73%
891	Koren Gile	F17	9th grade	fractions	81%
892	Merwin Scneider	M17	10th grade	fractions	71%
893	Stormy Stranio	F17	11th grade	fractions	62%
894	Heinrick Annandale	M16	11th grade	fractions	75%
895	Maxi Dew	F16	10th grade	fractions	77%
896	Jewell Boas	F15	12th grade	fractions	57%
897	Lebbie Twine	F17	12th grade	fractions	72%
898	Garek Culbert	M14	11th grade	fractions	64%
899	Cristine Warboys	F16	12th grade	fractions	74%
900	Andros Magnus	M14	11th grade	fractions	73%
901	Micheline Trent	F14	9th grade	fractions	64%
902	Denna Mackrill	F16	10th grade	fractions	78%
903	Maegan Ebbrell	F18	11th grade	fractions	75%
904	Nikki Dashper	M17	11th grade	fractions	67%
905	Miran McDermott-Row	F17	12th grade	fractions	63%
906	Rick Druhan	M17	10th grade	fractions	79%
907	Doy Hatz	M17	9th grade	fractions	77%
908	Dina Jauncey	F15	11th grade	fractions	83%
909	Karyn Craft	F18	12th grade	fractions	78%
910	Olin Tarply	M15	12th grade	fractions	75%
911	Hatti Prisk	F15	11th grade	fractions	nan
912	Darnall Ostler	M15	10th grade	fractions	92%
913	Noam Gudgin	M18	9th grade	fractions	60%
914	Godart Goodbarne	M18	12th grade	fractions	81%
915	Sibyl Earles	M15	11th grade	fractions	nan
916	Michal Causier	M14	9th grade	fractions	68%
917	Ingrim Bottrell	M18	10th grade	fractions	84%
918	Isidora Brave	F18	11th grade	fractions	66%
919	Edythe Verdun	F18	12th grade	fractions	nan
920	Angelico Ferrulli	M15	9th grade	fractions	70%
921	Crawford Howsin	M16	11th grade	fractions	84%
922	Deanna Daviot	F17	12th grade	fractions	77%
923	Denyse Cuthbert	F14	12th grade	fractions	66%
924	Florencia Fairhurst	F17	12th grade	fractions	76%
925	Codi Cutridge	F18	9th grade	fractions	81%
926	Patty McDermid	F14	9th grade	fractions	80%
927	Elianora Medwell	F17	11th grade	fractions	nan
928	Neill Reightley	M16	12th grade	fractions	70%
929	Viviana Dadds	F17	12th grade	fractions	85%
930	Kaye Sterte	F17	9th grade	fractions	66%
931	Pascale Wathey	M18	9th grade	fractions	79%
932	Illa Camacho	F15	9th grade	fractions	82%
933	Johny Prys	M14	11th grade	fractions	59%
934	Barris Lemarie	M18	10th grade	fractions	67%
935	Federico Sevin	M15	12th grade	fractions	78%
936	Gardener Hussy	M14	12th grade	fractions	75%
937	Joshua Rosenhaus	M15	10th grade	fractions	73%
938	Koressa O'Cannavan	F16	12th grade	fractions	79%
939	Boonie Marfield	M14	9th grade	fractions	63%
940	Tony Danahar	M15	11th grade	fractions	79%
941	Tommi Cardenoza	F15	12th grade	fractions	78%
942	Vere Firebrace	F17	12th grade	fractions	83%
943	Evania Espinha	F14	9th grade	fractions	88%
944	Danette Pancoust	F15	12th grade	fractions	97%
945	Scarface Pevie	M17	11th grade	fractions	56%
946	Bobine Tordiffe	F14	9th grade	fractions	72%
947	Elberta Newsham	F16	9th grade	fractions	nan
948	Mercy Kinnoch	F14	12th grade	fractions	76%
949	Kylie Oldnall	M15	10th grade	fractions	68%
950	Jamaal Braidford	M15	12th grade	fractions	54%
951	Gaile McKnish	M16	9th grade	fractions	76%
952	Caralie Few	F17	11th grade	fractions	89%
953	Hedvig MacKnight	F14	10th grade	fractions	nan
954	Harrietta Audus	F14	11th grade	fractions	74%
955	Therine Bartkiewicz	F18	11th grade	fractions	79%
956	Sophi Balchin	F15	10th grade	fractions	67%
957	Westbrooke Boch	M16	11th grade	fractions	90%
958	Averill Hobbema	M17	10th grade	fractions	78%
959	Cherilynn Hawkslee	F18	9th grade	fractions	76%
960	Jaimie Abbie	M15	12th grade	fractions	65%
961	Boote Skuce	M14	10th grade	fractions	60%
962	Ansell Blais	M18	11th grade	fractions	70%
963	Carlos Playfair	M18	11th grade	fractions	66%
964	Karlene Plaskett	F14	10th grade	fractions	65%
965	Benedict Fotherby	M17	10th grade	fractions	61%
966	Keven Proffitt	M18	12th grade	fractions	69%
967	Murielle Hardwicke	F16	9th grade	fractions	68%
968	Jacqueline McCrie	F15	9th grade	fractions	71%
969	Ailey Calloway	F16	12th grade	fractions	83%
970	Kyle Capelow	M15	12th grade	fractions	78%
971	Antin Pandey	M14	12th grade	fractions	64%
972	Rochette McCoish	F18	12th grade	fractions	81%
973	Thorpe Danniell	M18	10th grade	fractions	94%
974	Malynda Jovicevic	F14	10th grade	fractions	76%
975	Wade Bowman	M15	10th grade	fractions	86%
976	Myer Levesley	M15	12th grade	fractions	69%
977	Dunstan Starking	M14	9th grade	fractions	67%
978	Joey Staddon	F15	12th grade	fractions	70%
979	Giffard Seid	M18	11th grade	fractions	79%
980	Kit Ventura	F17	9th grade	fractions	74%
981	Ellwood Schrir	M14	10th grade	fractions	67%
982	Aubrette MacTerlagh	F18	9th grade	fractions	69%
983	Cassaundra Goodbur	F14	11th grade	fractions	70%
984	Fletcher Rallinshaw	M15	11th grade	fractions	80%
985	De witt Zima	M15	10th grade	fractions	81%
986	Elfreda Wolvey	F16	12th grade	fractions	69%
987	Heidie Rodger	F14	12th grade	fractions	67%
988	Hillard Santos	M18	12th grade	fractions	94%
989	Roxanna Hartland	F14	10th grade	fractions	74%
990	Dorella Purves	F16	11th grade	fractions	73%
991	Ned Mullan	M15	10th grade	fractions	77%
992	Bertha Flancinbaum	F17	9th grade	fractions	74%
993	Ewen Salasar	M16	12th grade	fractions	66%
994	Nerti Bish	F14	11th grade	fractions	59%
995	Wilie Stillert	F14	9th grade	fractions	72%
996	Gertie Flicker	F15	11th grade	fractions	nan
997	Yettie Labes	F14	12th grade	fractions	81%
998	Lock McGuinley	M18	10th grade	fractions	nan
999	Bebe Lebbern	F15	12th grade	fractions	66%
1000	Moses Kirckman	M14	11th grade	probability	89%
1001	Timofei Strowan	M18	11th grade	probability	76%
1002	Silvain Poll	M18	9th grade	probability	77%
1003	Lezley Pinxton	M18	11th grade	probability	72%
1004	Bernadene Saunper	F17	11th grade	probability	84%
1005	Eldin Spitell	M16	11th grade	probability	83%
1006	Christi Lesser	F17	9th grade	probability	84%
1007	Papageno Rummin	M17	11th grade	probability	77%
1008	Nissa Wrotchford	F18	12th grade	probability	75%
1009	Vincent Blumer	M14	11th grade	probability	nan
1010	Roanne Blomfield	F14	11th grade	probability	86%
1011	Roanne Blomfield	F14	11th grade	probability	86%
1012	Lyda Gandrich	F16	12th grade	probability	83%
1013	Wanda Ivens	F18	10th grade	probability	82%
1014	Jarvis Cluelow	M14	9th grade	probability	85%
1015	Fabian Pratty	M18	12th grade	probability	79%
1016	Kippy Grewer	M18	9th grade	probability	76%
1017	Roanne Blomfield	F14	11th grade	probability	86%
1018	Hedvig Switsur	F14	10th grade	probability	77%
1019	Alene Paylie	F18	11th grade	probability	79%
1020	Gwendolen Attwoul	F15	9th grade	probability	91%
1021	Kevin Purkiss	M17	10th grade	probability	83%
1022	Micky Beechcraft	M16	12th grade	probability	87%
1023	Tybie Barrable	F15	12th grade	probability	88%
1024	Judie Isakson	F15	10th grade	probability	85%
1025	Harbert Traice	M16	12th grade	probability	85%
1026	Erma Cowx	F15	12th grade	probability	98%
1027	My Iskow	M15	10th grade	probability	98%
1028	Mariann Sinott	F18	10th grade	probability	76%
1029	Rad Hitcham	M14	10th grade	probability	76%
1030	Rosalind Butterwick	F17	11th grade	probability	nan
1031	Sherill Picton	F16	9th grade	probability	79%
1032	Hadrian Yurshev	M16	10th grade	probability	80%
1033	Andrea Cartmel	F16	12th grade	probability	83%
1034	Kristoforo Wilcockes	M15	10th grade	probability	78%
1035	Dyanne Raubenheim	F14	12th grade	probability	80%
1036	Melly Hancill	F14	9th grade	probability	72%
1037	Boyd Richt	M16	12th grade	probability	81%
1038	Anthea Coleridge	F16	12th grade	probability	70%
1039	Cad Shimoni	M14	11th grade	probability	90%
1040	Jedidiah Berrick	M14	12th grade	probability	92%
1041	Delaney Gartrell	M17	11th grade	probability	81%
1042	Valentine Mattersley	F17	11th grade	probability	84%
1043	Esta Woodger	F15	10th grade	probability	89%
1044	Marsh Wyke	M14	10th grade	probability	82%
1045	Hilliary Haycraft	F17	12th grade	probability	79%
1046	Clo Galland	F16	10th grade	probability	70%
1047	Reine Callingham	F16	11th grade	probability	80%
1048	Carlie McQueen	M16	11th grade	probability	82%
1049	Forrest Emery	M17	9th grade	probability	81%
1050	Kerry Lilion	M18	10th grade	probability	81%
1051	Penelopa Meace	F16	12th grade	probability	79%
1052	Raine Raddenbury	F15	10th grade	probability	82%
1053	Nerita Haslum	F17	11th grade	probability	73%
1054	Trevor Andreopolos	M14	12th grade	probability	82%
1055	Sargent Farlambe	M17	12th grade	probability	76%
1056	Rolland Whotton	M16	12th grade	probability	73%
1057	Vanny Lingard	F18	12th grade	probability	80%
1058	Talbot Godney	M18	12th grade	probability	77%
1059	D'arcy Farnfield	M17	10th grade	probability	85%
1060	Matthaeus Skipworth	M15	12th grade	probability	83%
1061	Roi Lethley	M17	12th grade	probability	76%
1062	Beverie Slemmonds	F15	10th grade	probability	83%
1063	Jessalyn Mateu	F17	12th grade	probability	87%
1064	Sylvan Fonzo	M16	11th grade	probability	78%
1065	Daron Gitsham	M15	10th grade	probability	79%
1066	Dov Spriggin	M14	11th grade	probability	79%
1067	Janene Perry	F17	12th grade	probability	70%
1068	Tamara Livzey	F18	12th grade	probability	81%
1069	Rutger Mumbey	M14	9th grade	probability	83%
1070	Malcolm Klimkov	M16	12th grade	probability	73%
1071	Sheppard Waszkiewicz	M18	10th grade	probability	89%
1072	Madeleine Maier	F15	11th grade	probability	71%
1073	Henrieta Brimilcombe	F17	10th grade	probability	74%
1074	Bartel Archer	M15	9th grade	probability	80%
1075	Lynde Hawtry	F16	9th grade	probability	71%
1076	Laurie Manuel	M14	12th grade	probability	84%
1077	Chen Morin	M14	12th grade	probability	80%
1078	Christopher Lathbury	M16	12th grade	probability	80%
1079	Randie Gilyott	M14	12th grade	probability	88%
1080	Robyn Blindermann	F16	11th grade	probability	74%
1081	Neron Klasen	M17	10th grade	probability	94%
1082	Ilyssa Lindenman	F14	9th grade	probability	75%
1083	Waneta Finnigan	F14	12th grade	probability	nan
1084	Benyamin Lappine	M16	9th grade	probability	85%
1085	Hasheem Carnihan	M15	10th grade	probability	nan
1086	Sindee Whyke	F17	11th grade	probability	80%
1087	Herbie Wheeler	M17	11th grade	probability	81%
1088	Cosmo Swetmore	M15	9th grade	probability	87%
1089	Guilbert Cheng	M18	11th grade	probability	70%
1090	Sybyl Kneeland	F14	11th grade	probability	83%
1091	Berte Disdel	F14	12th grade	probability	86%
1092	Jakie Cremer	M17	10th grade	probability	78%
1093	Owen Shaefer	M16	11th grade	probability	73%
1094	Zollie Manshaw	M17	10th grade	probability	79%
1095	Bria Seiller	F15	12th grade	probability	81%
1096	Lilyan Cicutto	F14	12th grade	probability	81%
1097	Grantham Maykin	M16	11th grade	probability	76%
1098	Doralyn Bartels	F14	12th grade	probability	84%
1099	Mariam Hallyburton	F18	9th grade	probability	87%
1100	Morissa Skade	F16	10th grade	probability	70%
1101	Jasper Comfort	M14	9th grade	probability	73%
1102	Siana Pallas	F18	10th grade	probability	77%
1103	Aldous Peele	M16	9th grade	probability	83%
1104	Ethelred Easun	M14	12th grade	probability	nan
1105	Goldarina Championnet	F14	10th grade	probability	85%
1106	Gardie Sleeny	M14	11th grade	probability	89%
1107	Ardyth Weaben	F14	11th grade	probability	74%
1108	Tomi Curuclis	F16	9th grade	probability	86%
1109	Rickie Toffler	F18	11th grade	probability	83%
1110	Grover Knightly	M16	9th grade	probability	81%
1111	Lowe Allatt	M17	11th grade	probability	76%
1112	Aveline Sammes	F16	10th grade	probability	90%
1113	Farlie Pawellek	M14	10th grade	probability	77%
1114	Luca Scutching	M15	11th grade	probability	87%
1115	Ardys Frid	F16	11th grade	probability	91%
1116	Johnny Iveson	M17	10th grade	probability	85%
1117	Mathilda De Vere	F17	9th grade	probability	74%
1118	Delia Lightbourne	F14	9th grade	probability	78%
1119	Traci de Verson	F14	9th grade	probability	83%
1120	Hugh Andreou	M17	9th grade	probability	80%
1121	William Eronie	M16	10th grade	probability	68%
1122	Drake Freen	M17	12th grade	probability	68%
1123	Teena Waulker	F18	9th grade	probability	87%
1124	Jaye MacNucator	M16	10th grade	probability	71%
1125	Averill Moth	M15	10th grade	probability	70%
1126	Chanda Longmead	F18	11th grade	probability	82%
1127	Arne Gartland	M14	10th grade	probability	79%
1128	Deena Cayle	F15	9th grade	probability	82%
1129	Thorpe Lindmark	M15	9th grade	probability	78%
1130	Gunner Walentynowicz	M16	9th grade	probability	81%
1131	Baird Loughnan	M16	12th grade	probability	81%
1132	Diego Larwell	M17	12th grade	probability	71%
1133	Harmon Seydlitz	M14	9th grade	probability	87%
1134	Kevyn Lomax	F17	10th grade	probability	86%
1135	Chico Ovenell	M14	11th grade	probability	90%
1136	Romola Kettles	F18	10th grade	probability	80%
1137	Betty Hubbuck	F18	9th grade	probability	79%
1138	Harri Hendrichs	F14	12th grade	probability	75%
1139	Gusti Jermey	F17	11th grade	probability	79%
1140	Winslow Corona	M17	9th grade	probability	nan
1141	Terese Ricketts	F15	11th grade	probability	nan
1142	Nataniel Bohl	M15	11th grade	probability	80%
1143	Bethany Hesbrook	F18	9th grade	probability	86%
1144	Fernande Dockrey	F15	12th grade	probability	85%
1145	Giordano Southon	M14	9th grade	probability	85%
1146	Jerrine De Vaar	F17	12th grade	probability	75%
1147	Andreas Morsley	M14	11th grade	probability	86%
1148	Ber Ormond	M18	10th grade	probability	nan
1149	Gian Smallpeace	M17	10th grade	probability	73%
1150	Drona Maccaddie	F16	12th grade	probability	84%
1151	Sella Swatton	F15	12th grade	probability	79%
1152	Ches Alfuso	M15	12th grade	probability	80%
1153	Rand Avison	M15	12th grade	probability	nan
1154	Nichols Auld	M15	11th grade	probability	90%
1155	Dion Dudson	M16	10th grade	probability	90%
1156	Dedra Tune	F18	12th grade	probability	77%
1157	Lowe Scamal	M15	10th grade	probability	82%
1158	Phineas Concannon	M15	12th grade	probability	90%
1159	Nertie Keast	F16	9th grade	probability	81%
1160	Arluene Danson	F17	12th grade	probability	nan
1161	Kelcey Cervantes	F15	12th grade	probability	87%
1162	Tana Jeal	F15	9th grade	probability	69%
1163	Eric Faber	M18	9th grade	probability	70%
1164	Eddie Lambot	M14	11th grade	probability	85%
1165	Pierrette Albro	F18	12th grade	probability	84%
1166	Karyl Brosoli	F15	10th grade	probability	88%
1167	Alexina Durham	F18	11th grade	probability	82%
1168	Florie Pleat	F16	9th grade	probability	83%
1169	Keefer Humbert	M18	11th grade	probability	79%
1170	Meryl Exposito	F15	12th grade	probability	88%
1171	Bing Son	M16	12th grade	probability	80%
1172	Kingsley Evill	M15	11th grade	probability	nan
1173	Scarlett Bancroft	F17	12th grade	probability	74%
1174	Franciskus Ramsell	M16	12th grade	probability	77%
1175	Whit Garrattley	M14	10th grade	probability	81%
1176	Viv Room	F18	9th grade	probability	85%
1177	Demott Boath	M16	11th grade	probability	91%
1178	Marrilee Caldecott	F16	9th grade	probability	82%
1179	Kat McCanny	F14	10th grade	probability	90%
1180	Melvyn Duncanson	M18	10th grade	probability	nan
1181	Ariadne Turville	F16	12th grade	probability	75%
1182	Ilka Spillman	F17	11th grade	probability	88%
1183	Rosina Dack	F18	12th grade	probability	75%
1184	Darryl Southern	F16	9th grade	probability	86%
1185	Bird Rodrig	F17	11th grade	probability	84%
1186	Gian McGauhy	M18	12th grade	probability	81%
1187	Lilia Craydon	F16	11th grade	probability	82%
1188	Gabbi Dinsell	F14	11th grade	probability	77%
1189	Ludovico Roskeilly	M15	12th grade	probability	61%
1190	Riley Vedeneev	M16	11th grade	probability	67%
1191	Levi Lifton	M14	9th grade	probability	72%
1192	Fons Lauritzen	M16	11th grade	probability	84%
1193	Ivory Deetch	F18	10th grade	probability	77%
1194	Roslyn Kimmel	F17	10th grade	probability	87%
1195	Eva Briant	F16	11th grade	probability	nan
1196	Velvet Reedie	F15	12th grade	probability	80%
1197	Garv Leathlay	M16	10th grade	probability	81%
1198	Margit Read	F14	9th grade	probability	nan
1199	Yurik Farrell	M18	9th grade	probability	85%
1200	Gigi Erley	F14	10th grade	probability	83%
1201	Madelaine Drees	F14	10th grade	probability	83%
1202	Nevins O'Sesnane	M16	9th grade	probability	88%
1203	Sonnie Yukhnev	F14	11th grade	probability	74%
1204	Boigie Kaindl	M15	11th grade	probability	81%
1205	Richmound Death	M18	9th grade	probability	82%
1206	Erma Gallo	F17	11th grade	probability	79%
1207	Lennard Dooney	M18	9th grade	probability	79%
1208	Katlin Henrie	F18	10th grade	probability	83%
1209	Loise Lackey	F15	9th grade	probability	89%
1210	Loise Lackey	F15	9th grade	probability	89%
1211	Loise Lackey	F15	9th grade	probability	89%
1212	Franzen Buey	M17	10th grade	probability	70%
1213	Malissia Kyd	F14	10th grade	probability	85%
1214	Garland Knok	F16	9th grade	probability	73%
1215	Ardelis Guilloux	F16	10th grade	probability	80%
1216	Talbert Tommasuzzi	M16	11th grade	probability	76%
1217	Minetta Cohen	F17	12th grade	probability	91%
1218	Lorita Carayol	F18	11th grade	probability	75%
1219	Cindelyn Grishin	F15	10th grade	probability	78%
1220	Sheri Ratcliff	F16	10th grade	probability	77%
1221	Magdalene Lilleman	F14	12th grade	probability	87%
1222	Ibby Catlin	F16	10th grade	probability	90%
1223	Garik Gerram	M17	10th grade	probability	81%
1224	Starlin Danahar	F16	12th grade	probability	83%
1225	Chuck Loffhead	M14	10th grade	probability	70%
1226	Friederike Stainton - Skinn	F17	12th grade	probability	79%
1227	Devin Sperwell	M14	11th grade	probability	75%
1228	Kasey Rowberry	F15	9th grade	probability	75%
1229	Manolo Tillerton	M17	10th grade	probability	76%
1230	Vassili Elflain	M15	11th grade	probability	85%
1231	Bjorn McLaverty	M18	12th grade	probability	83%
1232	Shannan Lievesley	M18	12th grade	probability	79%
1233	Pamela Powdrill	F16	11th grade	probability	88%
1234	Kaila Cantrell	F17	12th grade	probability	nan
1235	Eldredge Fawthorpe	M15	9th grade	probability	84%
1236	Joyous Langforth	F16	11th grade	probability	79%
1237	Ange Siveter	M18	12th grade	probability	85%
1238	Henri Nizard	M18	12th grade	probability	93%
1239	Hatti Olczak	F15	9th grade	probability	79%
1240	Abbe Tallowin	F17	10th grade	probability	79%
1241	Arvy Picott	M17	11th grade	probability	80%
1242	Noni Scalia	F15	9th grade	probability	nan
1243	Flossie Coulthard	F17	9th grade	probability	84%
1244	Falkner Dragonette	M14	12th grade	probability	79%
1245	Andy Foley	M14	11th grade	probability	83%
1246	Lewiss Tomlins	M15	11th grade	probability	86%
1247	Shoshana Littrell	F16	12th grade	probability	nan
1248	Sheelah Coleiro	F15	11th grade	probability	86%
1249	Bobbette Firebrace	F16	11th grade	probability	88%
1250	Hastie Dies	M15	11th grade	probability	nan
1251	Lee Stolberger	F17	12th grade	probability	87%
1252	Eddy Wreak	F18	10th grade	probability	81%
1253	Tris Leel	M18	10th grade	probability	83%
1254	Kyla Morsom	F16	10th grade	probability	72%
1255	Byram Nawton	M17	10th grade	probability	nan
1256	Lawrence Olander	M15	9th grade	probability	77%
1257	Sib Clotworthy	F15	12th grade	probability	nan
1258	Yevette Duncanson	F16	12th grade	probability	80%
1259	Clyde Shrubb	M15	11th grade	probability	81%
1260	Putnem Vedenichev	M16	9th grade	probability	80%
1261	Meade Scutter	M14	11th grade	probability	83%
1262	Timmie O'Siaghail	F14	10th grade	probability	77%
1263	Christiana Mechan	F18	12th grade	probability	86%
1264	Teodoro Verne	M17	11th grade	probability	82%
1265	Townie Attenbarrow	M14	11th grade	probability	75%
1266	Jacynth Tranmer	F14	12th grade	probability	80%
1267	Ugo Staniland	M17	11th grade	probability	82%
1268	Tyne Tilson	F17	9th grade	probability	88%
1269	Zorah Mazzei	F17	9th grade	probability	84%
1270	Elyssa Pourvoieur	F17	11th grade	probability	84%
1271	Vassily Andino	M14	9th grade	probability	83%
1272	Hugibert Copplestone	M18	9th grade	probability	85%
1273	Annelise O'Currane	F18	12th grade	probability	81%
1274	Connie de Clerk	M16	10th grade	probability	81%
1275	Lishe Beresfore	F18	10th grade	probability	72%
1276	Lina Dufall	F14	11th grade	probability	74%
1277	Jere Hawton	M16	9th grade	probability	83%
1278	Westleigh Gower	M18	11th grade	probability	87%
1279	Legra Alstead	F17	12th grade	probability	78%
1280	Rosemonde Heinrici	F16	12th grade	probability	80%
1281	Stanly Nolli	M17	9th grade	probability	82%
1282	Misti Ayre	F16	10th grade	probability	84%
1283	Idaline Uridge	F18	9th grade	probability	82%
1284	Lock Krystek	M17	12th grade	probability	90%
1285	Rollo Butterwick	M17	9th grade	probability	90%
1286	Erminie Abad	F15	10th grade	probability	88%
1287	Obadiah Gunbie	M15	12th grade	probability	81%
1288	Prentice Wanstall	M16	11th grade	probability	83%
1289	Stephannie Lill	F18	12th grade	probability	82%
1290	Morris Brannan	M18	12th grade	probability	86%
1291	Annabell Stoddard	F16	11th grade	probability	76%
1292	Anna-diana Marlon	F16	11th grade	probability	84%
1293	Schuyler Dairton	M14	9th grade	probability	86%
1294	Wash Copestick	M16	10th grade	probability	81%
1295	Arel Sissot	M15	9th grade	probability	nan
1296	Ardath Castleton	F16	10th grade	probability	81%
1297	Gregor Shingfield	M18	11th grade	probability	78%
1298	Anette Snawden	F17	11th grade	probability	83%
1299	Thurston Braiden	M14	9th grade	probability	86%
1300	Luci Carwithim	F15	12th grade	probability	79%
1301	Terrel Vosse	M18	10th grade	probability	83%
1302	Cecil Celli	M18	10th grade	probability	81%
1303	Tiffany Brocklehurst	F15	10th grade	probability	84%
1304	Lionello Claricoates	M18	9th grade	probability	nan
1305	Garv Leal	M15	12th grade	probability	77%
1306	Francisca Jantet	F16	11th grade	probability	83%
1307	Kimberli Corp	F15	10th grade	probability	75%
1308	Kimberli Corp	F15	10th grade	probability	75%
1309	Trude Keates	F15	10th grade	probability	88%
1310	Melinda Crayker	F16	10th grade	probability	90%
1311	Reta Band	F15	12th grade	probability	88%
1312	Tonnie Boynes	M15	11th grade	probability	74%
1313	Arlen Pinnick	M18	12th grade	probability	85%
1314	Caroljean Liffe	F15	9th grade	probability	82%
1315	Otis Hutten	M17	9th grade	probability	86%
1316	Quincy Woodroffe	M16	10th grade	probability	81%
1317	Quincy Woodroffe	M16	10th grade	probability	81%
1318	Colman Wellan	M14	11th grade	probability	78%
1319	Morris Lyman	M17	12th grade	probability	83%
1320	Gwendolin Anyene	F15	11th grade	probability	75%
1321	Deerdre Foukx	F17	11th grade	probability	89%
1322	Aubrette Cottey	F15	11th grade	probability	83%
1323	Ingrim Schwand	M18	11th grade	probability	75%
1324	Rubie Lissandri	F17	12th grade	probability	nan
1325	Jimmy Fedynski	M16	11th grade	probability	90%
1326	Alanson Grieger	M14	9th grade	probability	77%
1327	Mellicent Fullagar	F18	9th grade	probability	73%
1328	Lula Karlqvist	F16	11th grade	probability	79%
1329	Marna Vanelli	F18	9th grade	probability	76%
1330	Cordie Jelleman	F14	12th grade	probability	80%
1331	Raynell Ryson	F16	9th grade	probability	72%
1332	Reade McCorley	M17	10th grade	probability	77%
1333	Thedric Dwyer	M17	12th grade	probability	80%
1334	Addi Duffie	F16	10th grade	probability	73%
1335	Kleon Lewsley	M18	9th grade	probability	75%
1336	Nesta Syratt	F16	11th grade	probability	79%
1337	Bennie Dytham	F16	12th grade	probability	86%
1338	Ancell Kimmings	M16	9th grade	probability	80%
1339	Kit Wiggam	M18	10th grade	probability	75%
1340	Francklin Bramhill	M14	12th grade	probability	87%
1341	Mitch Doncom	M18	10th grade	probability	77%
1342	Inga Cawthorn	F14	12th grade	probability	75%
1343	Catherin Dresse	F18	11th grade	probability	77%
1344	Hewie Gilgryst	M17	10th grade	probability	82%
1345	Janifer Bartrum	F15	9th grade	probability	72%
1346	Sergio Grinaway	M17	12th grade	probability	84%
1347	Berrie Gamlyn	F15	11th grade	probability	85%
1348	Lin Ziehms	M14	10th grade	probability	84%
1349	Eimile Canniffe	F18	12th grade	probability	nan
1350	Falito Jayume	M18	9th grade	probability	76%
1351	Phil Simony	M17	11th grade	probability	89%
1352	Woodman Bloore	M15	11th grade	probability	76%
1353	Taryn Lambart	F14	10th grade	probability	78%
1354	Odelia Dowzell	F16	12th grade	probability	nan
1355	Tore Cracknell	M18	12th grade	probability	91%
1356	Jacky Joel	M17	11th grade	probability	72%
1357	Christiano Peto	M15	10th grade	probability	76%
1358	Georas Basezzi	M16	12th grade	probability	87%
1359	Zacharia Leroy	M15	10th grade	probability	86%
1360	Gaby Gwynn	F15	12th grade	probability	77%
1361	Georgianne Leavy	F17	12th grade	probability	84%
1362	Wain Licciardo	M15	12th grade	probability	73%
1363	Neall McElhinney	M17	9th grade	probability	88%
1364	Adelaide Maybery	F18	10th grade	probability	72%
1365	Corene Murrison	F14	10th grade	probability	91%
1366	Willem Hollingdale	M16	10th grade	probability	86%
1367	Fanya Beine	F18	12th grade	probability	85%
1368	Marin Pindell	F18	11th grade	probability	80%
1369	Herbie de la Valette Parisot	M17	12th grade	probability	80%
1370	Ode Shaw	M16	12th grade	probability	74%
1371	Melba Conkie	F18	10th grade	probability	78%
1372	Ignaz Malt	M14	12th grade	probability	73%
1373	Hamid Amiable	M18	11th grade	probability	85%
1374	Gifford Bernli	M16	10th grade	probability	nan
1375	Sigismundo Theml	M18	11th grade	probability	86%
1376	Anica Besnard	F16	12th grade	probability	84%
1377	Valeria Reynalds	F15	9th grade	probability	74%
1378	Neille Dell	F15	9th grade	probability	90%
1379	Pacorro Dingsdale	M16	9th grade	probability	85%
1380	Erica Coushe	F14	10th grade	probability	79%
1381	Mikkel Mallaby	M16	12th grade	probability	80%
1382	Legra Tye	F14	11th grade	probability	81%
1383	Linn Huster	M15	10th grade	probability	nan
1384	Randal Pennacci	M18	9th grade	probability	83%
1385	Noami McKay	F15	11th grade	probability	76%
1386	Mireielle Crebbin	F17	10th grade	probability	73%
1387	Panchito Mussett	M17	10th grade	probability	87%
1388	Kelvin McReynolds	M18	12th grade	probability	90%
1389	Keeley Walsham	F16	12th grade	probability	85%
1390	Audrie Rein	F17	11th grade	probability	86%
1391	Etienne Keoghan	M17	9th grade	probability	81%
1392	Claiborn Rylett	M14	10th grade	probability	69%
1393	Tanitansy Liddon	F14	10th grade	probability	86%
1394	Lennie Ashbey	M16	11th grade	probability	91%
1395	Denyse Dodgshun	F15	10th grade	probability	81%
1396	Alphard Ackland	M17	10th grade	probability	nan
1397	Bernie Bettridge	M14	12th grade	probability	83%
1398	Rodd Ahearne	M16	9th grade	probability	81%
1399	Adolphe Neljes	M17	10th grade	probability	87%
1400	Barrett Feragh	M14	9th grade	probability	72%
1401	Llewellyn Keech	M14	12th grade	probability	nan
1402	Llewellyn Keech	M14	12th grade	probability	nan
1403	Terrell Geri	M15	11th grade	probability	86%
1404	Gram Hallewell	M14	10th grade	probability	78%
1405	Stephana Boots	F18	9th grade	probability	85%
1406	Adrianne Bamfield	F14	11th grade	probability	75%
1407	Glynnis Eglise	F18	10th grade	probability	74%
1408	Ronnica Cough	F15	9th grade	probability	84%
1409	Kenyon Brisland	M18	12th grade	probability	91%
1410	Sherman Holdforth	M18	10th grade	probability	69%
1411	Zeke Marson	M14	10th grade	probability	69%
1412	Alexis Selbie	F17	12th grade	probability	84%
1413	Harcourt Bratton	M14	10th grade	probability	76%
1414	Cully Sandbatch	M16	9th grade	probability	88%
1415	Stephan Dufore	M14	10th grade	probability	77%
1416	Allayne Lettley	M15	10th grade	probability	81%
1417	Jamima Loweth	F16	12th grade	probability	90%
1418	Basil Choulerton	M18	12th grade	probability	80%
1419	Carmine Dewitt	M17	9th grade	probability	83%
1420	Carmine Dewitt	M17	9th grade	probability	83%
1421	L;urette Preskett	F15	11th grade	probability	85%
1422	Thorvald Slograve	M18	11th grade	probability	88%
1423	Averil Petheridge	F16	10th grade	probability	nan
1424	Reece Haslam	M15	11th grade	probability	67%
1425	Rudolfo Welsby	M18	9th grade	probability	75%
1426	Page Vooght	F15	12th grade	probability	77%
1427	Charo Feragh	F18	9th grade	probability	79%
1428	Carmine Henriet	M18	9th grade	probability	86%
1429	Ado Hawlgarth	M16	10th grade	probability	82%
1430	Catlee Ilem	F15	9th grade	probability	87%
1431	Ursulina Robrow	F16	9th grade	probability	83%
1432	Garald Cawker	M15	10th grade	probability	86%
1433	Maxwell Dilliway	M16	10th grade	probability	75%
1434	Taite Kochel	M15	11th grade	probability	82%
1435	Porty Golding	M16	9th grade	probability	85%
1436	Mortie Bulmer	M15	9th grade	probability	68%
1437	Nadine Batteson	F14	11th grade	probability	82%
1438	Deloria Kerin	F15	11th grade	probability	82%
1439	Fremont MacInerney	M18	11th grade	probability	92%
1440	Lou Nelissen	M16	12th grade	probability	82%
1441	Elicia O'Meara	F17	12th grade	probability	77%
1442	Grantley Ruffey	M18	10th grade	probability	78%
1443	Lea Morigan	F18	10th grade	probability	77%
1444	Arleen Loveless	F18	9th grade	probability	80%
1445	Neille Wontner	F18	10th grade	probability	91%
1446	Augustus Caird	M14	9th grade	probability	81%
1447	Westbrook Celloni	M15	11th grade	probability	82%
1448	Granny Duligall	M15	9th grade	probability	77%
1449	Oran Reide	M18	9th grade	probability	nan
1450	Arleen MacAiline	F17	11th grade	probability	86%
1451	Caron Abthorpe	F14	10th grade	probability	81%
1452	Uri Birchenough	M14	9th grade	probability	81%
1453	Adelbert Pigot	M17	12th grade	probability	nan
1454	Vale Glanders	M14	12th grade	probability	78%
1455	Duane Gewer	M16	9th grade	probability	nan
1456	Carroll Cocksedge	M16	9th grade	probability	84%
1457	Mureil Doy	F15	9th grade	probability	78%
1458	Emelita Keggin	F17	9th grade	probability	87%
1459	Murielle Gartshore	F18	11th grade	probability	79%
1460	Kellen Litzmann	F17	11th grade	probability	87%
1461	Bentlee Mangeney	M17	10th grade	probability	83%
1462	Sid Vogl	M14	11th grade	probability	88%
1463	Dorella Alden	F17	9th grade	probability	81%
1464	Claudia Bever	F18	9th grade	probability	nan
1465	Phyllys Arnaudon	F18	11th grade	probability	85%
1466	Kevina Margrie	F17	11th grade	probability	83%
1467	Jolyn Noore	F15	11th grade	probability	85%
1468	Felizio Brittoner	M14	12th grade	probability	77%
1469	Christean Rollitt	F14	12th grade	probability	84%
1470	Sergeant Witherow	M15	11th grade	probability	89%
1471	Sharleen Broadey	F15	10th grade	probability	81%
1472	Deeann Duckworth	F16	10th grade	probability	83%
1473	Gerry Rangall	F15	12th grade	probability	74%
1474	Nissy Ogglebie	F14	12th grade	probability	82%
1475	Colver de Copeman	M18	10th grade	probability	86%
1476	Pammi Swaby	F14	11th grade	probability	75%
1477	Niels Lean	M17	9th grade	probability	74%
1478	Ali Ling	F17	12th grade	probability	nan
1479	Ode Evamy	M15	12th grade	probability	nan
1480	Claudetta Tyne	F17	12th grade	probability	95%
1481	Jennilee Megroff	F14	12th grade	probability	79%
1482	Sauveur Grouen	M15	9th grade	probability	87%
1483	Price Pallister	M14	12th grade	probability	76%
1484	Corabelle Zaniolo	F15	12th grade	probability	76%
1485	Ker Tween	M18	12th grade	probability	84%
1486	Norton Coleford	M15	11th grade	probability	74%
1487	Bonny Bartoszewicz	F16	12th grade	probability	89%
1488	Winonah Le-Good	F18	9th grade	probability	84%
1489	Lodovico Backhurst	M14	12th grade	probability	88%
1490	Bart Parres	M17	9th grade	probability	77%
1491	Jami Milam	F15	11th grade	probability	76%
1492	Merlina Aleshintsev	F16	11th grade	probability	86%
1493	Elysia Rime	F14	11th grade	probability	89%
1494	Lovell Coolican	M18	11th grade	probability	84%
1495	Halley Clunie	F14	12th grade	probability	82%
1496	Gale Mullender	F17	12th grade	probability	81%
1497	Ryun Denne	M17	11th grade	probability	78%
1498	Cazzie Potapczuk	M14	10th grade	probability	78%
1499	Verina Pasque	F18	10th grade	probability	77%
1500	Roseanna Gwinnell	F15	9th grade	probability	65%
1501	Ellissa Childrens	F14	12th grade	probability	84%
1502	Reeta Bramich	F18	12th grade	probability	92%
1503	Izabel Rymer	F15	11th grade	probability	81%
1504	Rosalie Donne	F18	11th grade	probability	86%
1505	Dulsea Burgot	F17	9th grade	probability	83%
1506	Dulsea Burgot	F17	9th grade	probability	83%
1507	Olin Youthead	M16	10th grade	probability	77%
1508	Alexine Faulconbridge	F14	11th grade	probability	86%
1509	Daile Stobbs	F16	12th grade	probability	85%
1510	Frans Olcot	M18	11th grade	probability	86%
1511	Abbe Addinall	M17	12th grade	probability	70%
1512	Anne-corinne Levens	F15	12th grade	probability	86%
1513	Randy Stuckford	F18	10th grade	probability	85%
1514	Diahann Pleven	F15	10th grade	probability	84%
1515	Cele Pavelka	F14	12th grade	probability	79%
1516	Roze Tregale	F15	9th grade	probability	84%
1517	Adams Davidsson	M16	12th grade	probability	89%
1518	Nonnah Karpfen	F18	10th grade	probability	79%
1519	Erena Stratton	F16	11th grade	probability	81%
1520	Chloe Payn	F18	10th grade	probability	78%
1521	Marie-ann Fishly	F15	12th grade	probability	83%
1522	Willetta McTurk	F17	10th grade	probability	88%
1523	Othello Karlsson	M15	11th grade	probability	88%
1524	Ashly Smeaton	F17	9th grade	probability	83%
1525	Eyde Kempshall	F17	12th grade	probability	77%
1526	Salmon Outridge	M17	10th grade	probability	90%
1527	Meade Moncarr	M16	10th grade	probability	76%
1528	Cletis Petricek	M18	9th grade	probability	87%
1529	Marlene Clue	F15	9th grade	probability	75%
1530	Reidar Dyneley	M14	11th grade	probability	79%
1531	Cam Stubbeley	M15	12th grade	probability	79%
1532	Walt Hebbs	M15	9th grade	probability	78%
1533	Georgia Ferraresi	F16	9th grade	probability	82%
1534	Maurice Lott	M17	11th grade	probability	74%
1535	Ambrosi Durnian	M15	11th grade	probability	78%
1536	Laurie Glandfield	F15	12th grade	probability	nan
1537	Ira Yurocjhin	M15	12th grade	probability	89%
1538	Carey Larvent	M15	11th grade	probability	78%
1539	Maridel Ghelardoni	F14	11th grade	probability	85%
1540	Aurilia Matejka	F15	12th grade	probability	83%
1541	Ingar Chaplain	M17	11th grade	probability	84%
1542	Berthe Annett	F17	10th grade	probability	77%
1543	Auberta Ciottoi	F18	10th grade	probability	86%
1544	Bogart Clemow	M16	11th grade	probability	77%
1545	Paige Bengtson	M14	10th grade	probability	71%
1546	Smitty Pettwood	M18	12th grade	probability	86%
1547	Teirtza Lewis	F14	12th grade	probability	83%
1548	Boote Gadie	M15	11th grade	probability	65%
1549	Agnesse Eronie	F18	10th grade	probability	72%
1550	Karoly Varker	M14	12th grade	probability	94%
1551	Franklyn Bevan	M17	12th grade	probability	77%
1552	Angil Lympany	F18	10th grade	probability	96%
1553	Trixie Mattussevich	F18	12th grade	probability	78%
1554	Kathie O'Lenane	F15	10th grade	probability	87%
1555	Philippine Fosdike	F16	9th grade	probability	70%
1556	Kelley Cherry Holme	M17	10th grade	probability	80%
1557	Gery Meegin	M17	11th grade	probability	68%
1558	Culver Chapelhow	M18	12th grade	probability	74%
1559	Goldi Kitchingham	F16	9th grade	probability	77%
1560	Shelby Shearsby	M17	10th grade	probability	89%
1561	Ainsley Longhirst	F14	10th grade	probability	95%
1562	Miriam Kapelhoff	F18	9th grade	probability	86%
1563	Wendeline Haney	F16	12th grade	probability	80%
1564	Calli Buckley	F18	10th grade	probability	nan
1565	Trumaine Cornwall	M16	12th grade	probability	77%
1566	Che Tomkinson	M14	11th grade	probability	77%
1567	Yard Santorini	M17	11th grade	probability	82%
1568	Ari Downing	M14	10th grade	probability	80%
1569	Blakeley Gibbard	F16	9th grade	probability	77%
1570	Colas Drennan	M15	12th grade	probability	nan
1571	Roderich Costell	M15	12th grade	probability	nan
1572	Kienan Simonard	M15	10th grade	probability	81%
1573	Claude Zuanazzi	F14	11th grade	probability	72%
1574	Burton Owbridge	M14	11th grade	probability	81%
1575	Hobey Bradlaugh	M18	11th grade	probability	73%
1576	Kermit Trusty	M16	9th grade	probability	88%
1577	Leona Vamplers	F14	12th grade	probability	nan
1578	Foster Paxton	M16	11th grade	probability	77%
1579	Raul Chrispin	M17	10th grade	probability	81%
1580	Carissa Bony	F17	10th grade	probability	76%
1581	Bealle Creeghan	M16	11th grade	probability	77%
1582	Arlette Gulvin	F17	10th grade	probability	83%
1583	Arlette Gulvin	F17	10th grade	probability	83%
1584	Vassili Galbreath	M18	9th grade	probability	76%
1585	Ingemar Bruyntjes	M16	9th grade	probability	73%
1586	Harbert Tripcony	M17	9th grade	probability	74%
1587	Minetta Cogar	F18	12th grade	probability	79%
1588	Wallie Leverich	F17	12th grade	probability	81%
1589	Mag Maneylaws	F16	11th grade	probability	70%
1590	Marja Pettiford	F16	9th grade	probability	73%
1591	Aarika Govett	F16	12th grade	probability	81%
1592	Tobi Marlon	F14	9th grade	probability	74%
1593	Ailina Shyre	F16	12th grade	probability	82%
1594	Benedetta MacSkeaghan	F15	9th grade	probability	76%
1595	Brig Meadowcroft	M16	12th grade	probability	nan
1596	Isidor Abrashkov	M14	11th grade	probability	78%
1597	Siana McKune	F17	12th grade	probability	76%
1598	Tuck Lyford	M17	11th grade	probability	84%
1599	Janie Paris	F17	11th grade	probability	82%
1600	Nikolia Rainsdon	F15	11th grade	probability	74%
1601	Libbie MacIver	F15	10th grade	probability	83%
1602	Caesar Arnison	M16	12th grade	probability	78%
1603	Leanora Cowup	F15	9th grade	probability	74%
1604	Leanora Cowup	F15	9th grade	probability	74%
1605	Ranna Fotherby	F14	10th grade	probability	82%
1606	Myrilla Pargiter	F16	9th grade	probability	83%
1607	Sheppard Fideler	M14	10th grade	probability	85%
1608	Leela Woollard	F17	11th grade	probability	78%
1609	Camille Mussotti	F16	9th grade	probability	85%
1610	Ari Watters	M17	9th grade	probability	81%
1611	Arne Glozman	M15	9th grade	probability	80%
1612	Carlina Illesley	F18	12th grade	probability	67%
1613	Rora Lomansey	F16	12th grade	probability	83%
1614	Lambert Henric	M18	12th grade	probability	75%
1615	Magda McCane	F18	10th grade	probability	71%
1616	Elmer Gettings	M18	10th grade	probability	84%
1617	Jodie Esslement	M15	10th grade	probability	86%
1618	Frederigo Gouch	M16	11th grade	probability	74%
1619	Datha Hay	F16	10th grade	probability	86%
1620	Joan Joint	F16	10th grade	probability	80%
1621	Calv Charlotte	M17	11th grade	probability	77%
1622	Letta Supple	F16	10th grade	probability	88%
1623	Mayne Brewers	M17	11th grade	probability	74%
1624	Valentia Blunsom	F16	11th grade	probability	90%
1625	Gillan Trahar	F17	11th grade	probability	76%
1626	Sibley Escott	F16	11th grade	probability	95%
1627	Edy Faussett	F15	11th grade	probability	85%
1628	Angelle Philippsohn	F15	12th grade	probability	89%
1629	Noah Rough	M15	10th grade	probability	83%
1630	Olly MacPhee	M16	10th grade	probability	86%
1631	Theobald Westraw	M15	11th grade	probability	91%
1632	Udall Cockland	M14	10th grade	probability	82%
1633	Kathi McGrorty	F15	10th grade	probability	84%
1634	Maggi Howship	F15	12th grade	probability	85%
1635	Mata Quiddington	M17	10th grade	probability	83%
1636	Barret Furby	M18	10th grade	probability	97%
1637	Mariejeanne Bullivent	F16	11th grade	probability	nan
1638	Edgard Cattle	M16	10th grade	probability	80%
1639	Rey Grisard	F14	11th grade	probability	79%
1640	Olvan O'Kielt	M18	12th grade	probability	95%
1641	Justen Pinkney	M17	10th grade	probability	84%
1642	Leopold Daniells	M16	9th grade	probability	78%
1643	Dalis Ausiello	M16	11th grade	probability	85%
1644	Dionisio Wickardt	M18	11th grade	probability	nan
1645	Boniface Mytton	M15	12th grade	probability	84%
1646	Ogden Camacho	M16	12th grade	probability	85%
1647	Alecia Harcase	F16	11th grade	probability	nan
1648	Nyssa Wauchope	F15	10th grade	probability	82%
1649	Tamarra Itzkov	F14	9th grade	probability	85%
1650	Giacopo Kassidy	M16	12th grade	probability	80%
1651	Trent Schruurs	M18	12th grade	probability	70%
1652	Wally Sinderland	F18	10th grade	probability	79%
1653	Filia Yvon	F15	9th grade	probability	88%
1654	Liesa Barabisch	F18	9th grade	probability	77%
1655	Correy Noquet	M17	10th grade	probability	70%
1656	Dulcie Dillon	F17	12th grade	probability	85%
1657	Aleen Rounsivall	F15	11th grade	probability	93%
1658	Reggy Burdoun	M17	10th grade	probability	nan
1659	Gayle Meaddowcroft	M15	12th grade	probability	92%
1660	Tremain Heephy	M14	12th grade	probability	82%
1661	Winnie Massenhove	M16	9th grade	probability	87%
1662	Josepha Ginnety	F16	10th grade	probability	75%
1663	Kelcey Jacob	F18	9th grade	probability	84%
1664	Miner Ogilby	M16	12th grade	probability	79%
1665	Maighdiln Esler	F14	11th grade	probability	nan
1666	Maryl Robeson	F14	11th grade	probability	81%
1667	Wye Brands	M16	9th grade	probability	91%
1668	Payton Entwhistle	M17	12th grade	probability	77%
1669	Daisy Norwich	F17	11th grade	probability	75%
1670	Robinet Crean	F15	12th grade	probability	76%
1671	Fred Kimmince	F16	9th grade	probability	82%
1672	Bondon Moloney	M17	10th grade	probability	73%
1673	Devan Sottell	F15	10th grade	probability	81%
1674	Hedwiga Gouck	F16	11th grade	probability	74%
1675	Kissiah Morrison	F17	10th grade	probability	84%
1676	Dionysus Chedgey	M18	10th grade	probability	92%
1677	Emmott Riddler	M15	9th grade	probability	81%
1678	Sharline Tinker	F17	9th grade	probability	86%
1679	Carmon Tetsall	F15	11th grade	probability	83%
1680	Tamara Poland	F16	9th grade	probability	75%
1681	Edwina Leschelle	F16	11th grade	probability	81%
1682	Antons Bembrick	M18	9th grade	probability	86%
1683	Clem McKeurtan	F18	12th grade	probability	93%
1684	Chaim Samper	M18	12th grade	probability	77%
1685	Brigitta Myhan	F15	12th grade	probability	nan
1686	Ursala Citrine	F16	12th grade	probability	90%
1687	Ursala Citrine	F16	12th grade	probability	90%
1688	Colly Garbutt	F17	11th grade	probability	82%
1689	Jermayne Fraanchyonok	M16	9th grade	probability	nan
1690	Franklin Shottin	M14	12th grade	probability	75%
1691	Cart Crew	M18	10th grade	probability	80%
1692	Bunni Ducket	F17	12th grade	probability	87%
1693	Abelard Bitchener	M16	11th grade	probability	84%
1694	Mattie Dewar	M18	12th grade	probability	87%
1695	Donia Stockoe	F18	10th grade	probability	84%
1696	Korella Spurden	F16	9th grade	probability	81%
1697	Basilius Sine	M17	10th grade	probability	85%
1698	Kingston Akaster	M14	9th grade	probability	75%
1699	Carita Utting	F16	11th grade	probability	83%
1700	Kizzee Kensington	F17	12th grade	probability	76%
1701	Garret Hartfleet	M17	12th grade	probability	90%
1702	Ingrid Meatyard	F18	12th grade	probability	nan
1703	Verney Sainsberry	M18	9th grade	probability	76%
1704	Lonni Bruhnicke	F16	9th grade	probability	81%
1705	Isa Staynes	M16	12th grade	probability	87%
1706	Hakim Stook	M18	10th grade	probability	nan
1707	Lucho Scarlet	M14	10th grade	probability	74%
1708	Wain Iacapucci	M15	11th grade	probability	89%
1709	Lorinda Coldbreath	F16	9th grade	probability	75%
1710	Emmalee Harrisson	F15	11th grade	probability	84%
1711	Pavel Makey	M17	9th grade	probability	91%
1712	Cristian Korba	M18	10th grade	probability	80%
1713	Vachel Bushrod	M15	11th grade	probability	85%
1714	Taddeusz Gavozzi	M16	10th grade	probability	83%
1715	Bil McCoole	M15	11th grade	probability	73%
1716	Lusa Swedeland	F18	9th grade	probability	77%
1717	Leonie Pashenkov	F18	9th grade	probability	94%
1718	Bruce Crebott	M16	11th grade	probability	74%
1719	Rikki McCauley	M17	12th grade	probability	80%
1720	Pauletta Austen	F18	9th grade	probability	73%
1721	Flynn Callicott	M16	10th grade	probability	90%
1722	Francesca Crumley	F14	11th grade	probability	72%
1723	Robinette Dillon	F15	12th grade	probability	88%
1724	Wendall Fontenot	M16	9th grade	probability	78%
1725	Cyndia Couchman	F16	12th grade	probability	78%
1726	Leeann Gregs	F14	12th grade	probability	81%
1727	Fran Gooderidge	M15	11th grade	probability	87%
1728	Zechariah Tuffield	M15	12th grade	probability	94%
1729	Demetris Lougheid	M15	9th grade	probability	80%
1730	Alis Truswell	F18	9th grade	probability	nan
1731	Wittie Caurah	M14	12th grade	probability	85%
1732	Cherie Gerant	F15	12th grade	probability	82%
1733	Wallis Eslie	M18	10th grade	probability	nan
1734	Trevor Mantle	M14	10th grade	probability	88%
1735	Fawnia Windram	F14	12th grade	probability	94%
1736	Heindrick Manilo	M18	11th grade	probability	86%
1737	Nadean Klasing	F17	11th grade	probability	83%
1738	Twila McKerton	F15	10th grade	probability	84%
1739	Gerry Sparling	M15	11th grade	probability	81%
1740	Denyse Bisseker	F15	9th grade	probability	92%
1741	Gweneth Churching	F18	12th grade	probability	75%
1742	Solomon Grainger	M17	12th grade	probability	84%
1743	Avram Esposi	M15	12th grade	probability	76%
1744	Quent McAughtry	M16	9th grade	probability	85%
1745	Manya Hafner	F18	9th grade	probability	73%
1746	Mateo Limbrick	M15	12th grade	probability	90%
1747	Marcela Samart	F16	10th grade	probability	95%
1748	Morry Foxen	M14	11th grade	probability	84%
1749	Johan Tenney	M14	10th grade	probability	83%
1750	Karisa Blackstock	F17	9th grade	probability	84%
1751	Kaila Salisbury	F18	12th grade	probability	84%
1752	Manolo Abramamov	M16	12th grade	probability	76%
1753	Jennilee Bernuzzi	F17	12th grade	probability	73%
1754	Selinda Takkos	F14	12th grade	probability	75%
1755	Cesare Spores	M18	11th grade	probability	78%
1756	Jacynth Scarrott	F18	12th grade	probability	95%
1757	Ariadne Dundridge	F18	9th grade	probability	77%
1758	Brander Grombridge	M16	9th grade	probability	85%
1759	Rupert Kiehnlt	M17	10th grade	probability	79%
1760	Dannie Gerber	M14	11th grade	probability	80%
1761	Kendall Nattriss	M18	11th grade	probability	81%
1762	Nowell Fender	M18	12th grade	probability	82%
1763	Darbee Marqyes	M14	12th grade	probability	80%
1764	Sarina Wakelin	F14	12th grade	probability	80%
1765	Vernen Boskell	M18	12th grade	probability	83%
1766	Rodge Bernardez	M16	10th grade	probability	86%
1767	Kip Innott	F17	11th grade	probability	72%
1768	Micah Moohan	M17	11th grade	probability	82%
1769	Gaston Oldroyd	M17	11th grade	probability	nan
1770	Garnet Yarranton	F17	11th grade	probability	67%
1771	Alverta Adolthine	F16	11th grade	probability	82%
1772	Cordey Kirkebye	F16	11th grade	probability	74%
1773	Carmelita Parkhouse	F15	12th grade	probability	80%
1774	Desdemona Jefferies	F16	10th grade	probability	81%
1775	Krissy Sanchis	F17	12th grade	probability	62%
1776	Corrianne Guerra	F14	12th grade	probability	86%
1777	Dominic Forsythe	M15	12th grade	probability	80%
1778	Ber Newlyn	M16	12th grade	probability	86%
1779	Trista Ruos	F18	10th grade	probability	75%
1780	Eldin Salmon	M15	11th grade	probability	78%
1781	Case Lighterness	M15	10th grade	probability	72%
1782	Donovan Peet	M17	12th grade	probability	88%
1783	Ingamar Ughi	M18	11th grade	probability	81%
1784	Pascale Doak	M18	9th grade	probability	83%
1785	Lauretta Rivelon	F17	12th grade	probability	86%
1786	Priscilla Savatier	F15	12th grade	probability	nan
1787	Hayes Cutsforth	M15	12th grade	probability	80%
1788	Anestassia Gasker	F17	10th grade	probability	nan
1789	Christin Cross	F17	12th grade	probability	82%
1790	Rochella Canete	F18	9th grade	probability	83%
1791	Janis Cardero	F16	10th grade	probability	86%
1792	Eolande Thorneywork	F17	11th grade	probability	85%
1793	Angelita Jancar	F16	9th grade	probability	83%
1794	Luise Laterza	F18	12th grade	probability	74%
1795	Massimo Babbs	M16	11th grade	probability	83%
1796	Garrek Manuely	M14	9th grade	probability	85%
1797	Winslow Lilliman	M15	11th grade	probability	83%
1798	Grantham Yate	M15	10th grade	probability	87%
1799	Dennie Chopping	M16	9th grade	probability	83%
1800	Garwin Crust	M16	9th grade	probability	78%
1801	Orren Heater	M15	11th grade	probability	94%
1802	Chiquita Bains	F17	10th grade	probability	77%
1803	Shalom Vittet	M18	10th grade	probability	85%
1804	Lelia MacKenzie	F14	12th grade	probability	79%
1805	Blair Chiles	M18	10th grade	probability	82%
1806	Norby Coney	M18	9th grade	probability	87%
1807	Adriane Guage	F16	12th grade	probability	79%
1808	Wendall Drinnan	M14	9th grade	probability	70%
1809	Mariya Rings	F17	10th grade	probability	87%
1810	Rollin Tointon	M14	9th grade	probability	71%
1811	Lexy Moan	F16	11th grade	probability	75%
1812	Ollie Extence	F17	10th grade	probability	76%
1813	Tito Wanklyn	M16	12th grade	probability	61%
1814	Zebadiah Josefovic	M14	12th grade	probability	75%
1815	Monte Passion	M17	11th grade	probability	85%
1816	Filmore Gummow	M14	12th grade	probability	83%
1817	Zarah Borgars	F16	11th grade	probability	74%
1818	Koo Woodfield	F16	12th grade	probability	79%
1819	Llywellyn Peniello	M15	9th grade	probability	75%
1820	Timofei Drummer	M16	10th grade	probability	83%
1821	Anna-maria Zaczek	F15	9th grade	probability	84%
1822	Quent Farrow	M18	11th grade	probability	86%
1823	Francklyn Pherps	M16	9th grade	probability	93%
1824	Hanson Zorro	M15	11th grade	probability	nan
1825	Janelle Schrei	F15	11th grade	probability	78%
1826	Sheila-kathryn Bartlomiej	F18	9th grade	probability	81%
1827	Dex Best	M17	10th grade	probability	77%
1828	Rodger McCrackem	M16	10th grade	probability	82%
1829	Idelle Moggach	F18	10th grade	probability	86%
1830	Crosby Yaknov	M18	9th grade	probability	80%
1831	Kristi Hutton	F18	10th grade	probability	nan
1832	Ali Halvosen	M18	11th grade	probability	76%
1833	Beitris Waltering	F14	9th grade	probability	85%
1834	Arabel Vallack	F17	9th grade	probability	77%
1835	Padraig Silburn	M18	11th grade	probability	88%
1836	Kippie Tomkinson	M15	12th grade	probability	88%
1837	Evan Gull	M15	10th grade	probability	84%
1838	Agnola Tchaikovsky	F14	10th grade	probability	76%
1839	Friedrick Murrock	M14	12th grade	probability	90%
1840	Joaquin Yakubov	M14	10th grade	probability	nan
1841	Archibald Phear	M14	12th grade	probability	79%
1842	Harri Klais	F15	11th grade	probability	67%
1843	Frederique Matijasevic	F18	11th grade	probability	79%
1844	Allsun Carnew	F15	12th grade	probability	73%
1845	Gwenore Dysert	F17	12th grade	probability	85%
1846	Darline Streetfield	F15	9th grade	probability	56%
1847	Winny Rackstraw	M18	11th grade	probability	82%
1848	Judon Stroobant	M15	10th grade	probability	81%
1849	Marcelo Riddell	M16	12th grade	probability	82%
1850	Goddard Mosson	M14	12th grade	probability	80%
1851	Kesley Neubigging	F16	12th grade	probability	73%
1852	Osborne Hurich	M17	9th grade	probability	77%
1853	Sara-ann Wraighte	F15	11th grade	probability	81%
1854	Jorey O Sullivan	F14	11th grade	probability	86%
1855	Laure Currier	F17	12th grade	probability	74%
1856	Lydia Lieber	F14	12th grade	probability	81%
1857	Artair Earland	M18	10th grade	probability	84%
1858	Adelbert Drane	M15	12th grade	probability	83%
1859	Arv Laphorn	M18	12th grade	probability	nan
1860	Alidia Narrie	F18	11th grade	probability	73%
1861	Sherwin De La Hay	M15	11th grade	probability	83%
1862	Wenda Warmington	F18	12th grade	probability	89%
1863	Errol Le Friec	M16	12th grade	probability	80%
1864	Rufus Bleasdille	M14	11th grade	probability	59%
1865	Jeddy Jelf	M16	12th grade	probability	83%
1866	Eustace Dawdary	M15	10th grade	probability	81%
1867	Ches Elkins	M17	10th grade	probability	93%
1868	Valene Brolly	F15	12th grade	probability	89%
1869	Zsa zsa Drayson	F17	9th grade	probability	81%
1870	Ephrayim Clapson	M18	9th grade	probability	70%
1871	Benoite Bourton	F14	10th grade	probability	80%
1872	Frannie Porker	F14	11th grade	probability	85%
1873	Aldridge Chesnut	M18	11th grade	probability	nan
1874	Tova Whyberd	F17	10th grade	probability	78%
1875	Willow Ordish	F18	10th grade	probability	84%
1876	Elmo Lievesley	M16	11th grade	probability	86%
1877	Wendall Widd	M16	12th grade	probability	nan
1878	Larissa MacKaig	F14	10th grade	probability	73%
1879	Keir Kirkhouse	M17	11th grade	probability	66%
1880	Liza Crichten	F15	9th grade	probability	83%
1881	Cherilyn Jobb	F18	11th grade	probability	77%
1882	Der Kauffman	M18	11th grade	probability	81%
1883	Antons Chander	M18	12th grade	probability	83%
1884	Pembroke Patinkin	M14	10th grade	probability	89%
1885	Giustina Coyett	F15	12th grade	probability	73%
1886	Tamra Boustred	F16	9th grade	probability	nan
1887	Cleon Puve	M15	11th grade	probability	nan
1888	Sarena Loseby	F16	10th grade	probability	79%
1889	Colby Elford	M15	9th grade	probability	nan
1890	Vassili Lankford	M18	12th grade	probability	83%
1891	Koren Gile	F17	9th grade	probability	75%
1892	Merwin Scneider	M17	10th grade	probability	84%
1893	Stormy Stranio	F17	11th grade	probability	85%
1894	Heinrick Annandale	M16	11th grade	probability	85%
1895	Maxi Dew	F16	10th grade	probability	71%
1896	Jewell Boas	F15	12th grade	probability	90%
1897	Lebbie Twine	F17	12th grade	probability	91%
1898	Garek Culbert	M14	11th grade	probability	nan
1899	Cristine Warboys	F16	12th grade	probability	74%
1900	Andros Magnus	M14	11th grade	probability	85%
1901	Micheline Trent	F14	9th grade	probability	81%
1902	Denna Mackrill	F16	10th grade	probability	70%
1903	Maegan Ebbrell	F18	11th grade	probability	77%
1904	Nikki Dashper	M17	11th grade	probability	81%
1905	Miran McDermott-Row	F17	12th grade	probability	77%
1906	Rick Druhan	M17	10th grade	probability	73%
1907	Doy Hatz	M17	9th grade	probability	nan
1908	Dina Jauncey	F15	11th grade	probability	82%
1909	Karyn Craft	F18	12th grade	probability	88%
1910	Olin Tarply	M15	12th grade	probability	88%
1911	Hatti Prisk	F15	11th grade	probability	nan
1912	Darnall Ostler	M15	10th grade	probability	84%
1913	Noam Gudgin	M18	9th grade	probability	91%
1914	Godart Goodbarne	M18	12th grade	probability	78%
1915	Sibyl Earles	M15	11th grade	probability	74%
1916	Michal Causier	M14	9th grade	probability	86%
1917	Ingrim Bottrell	M18	10th grade	probability	93%
1918	Isidora Brave	F18	11th grade	probability	79%
1919	Edythe Verdun	F18	12th grade	probability	80%
1920	Angelico Ferrulli	M15	9th grade	probability	72%
1921	Crawford Howsin	M16	11th grade	probability	75%
1922	Deanna Daviot	F17	12th grade	probability	77%
1923	Denyse Cuthbert	F14	12th grade	probability	86%
1924	Florencia Fairhurst	F17	12th grade	probability	81%
1925	Codi Cutridge	F18	9th grade	probability	81%
1926	Patty McDermid	F14	9th grade	probability	79%
1927	Elianora Medwell	F17	11th grade	probability	74%
1928	Neill Reightley	M16	12th grade	probability	74%
1929	Viviana Dadds	F17	12th grade	probability	75%
1930	Kaye Sterte	F17	9th grade	probability	81%
1931	Pascale Wathey	M18	9th grade	probability	77%
1932	Illa Camacho	F15	9th grade	probability	90%
1933	Johny Prys	M14	11th grade	probability	84%
1934	Barris Lemarie	M18	10th grade	probability	74%
1935	Federico Sevin	M15	12th grade	probability	83%
1936	Gardener Hussy	M14	12th grade	probability	88%
1937	Joshua Rosenhaus	M15	10th grade	probability	75%
1938	Koressa O'Cannavan	F16	12th grade	probability	79%
1939	Boonie Marfield	M14	9th grade	probability	81%
1940	Tony Danahar	M15	11th grade	probability	74%
1941	Tommi Cardenoza	F15	12th grade	probability	nan
1942	Vere Firebrace	F17	12th grade	probability	76%
1943	Evania Espinha	F14	9th grade	probability	80%
1944	Danette Pancoust	F15	12th grade	probability	89%
1945	Scarface Pevie	M17	11th grade	probability	84%
1946	Bobine Tordiffe	F14	9th grade	probability	78%
1947	Elberta Newsham	F16	9th grade	probability	86%
1948	Mercy Kinnoch	F14	12th grade	probability	83%
1949	Kylie Oldnall	M15	10th grade	probability	72%
1950	Jamaal Braidford	M15	12th grade	probability	90%
1951	Gaile McKnish	M16	9th grade	probability	79%
1952	Caralie Few	F17	11th grade	probability	73%
1953	Hedvig MacKnight	F14	10th grade	probability	75%
1954	Harrietta Audus	F14	11th grade	probability	72%
1955	Therine Bartkiewicz	F18	11th grade	probability	80%
1956	Sophi Balchin	F15	10th grade	probability	89%
1957	Westbrooke Boch	M16	11th grade	probability	91%
1958	Averill Hobbema	M17	10th grade	probability	76%
1959	Cherilynn Hawkslee	F18	9th grade	probability	nan
1960	Jaimie Abbie	M15	12th grade	probability	74%
1961	Boote Skuce	M14	10th grade	probability	75%
1962	Ansell Blais	M18	11th grade	probability	80%
1963	Carlos Playfair	M18	11th grade	probability	82%
1964	Karlene Plaskett	F14	10th grade	probability	77%
1965	Benedict Fotherby	M17	10th grade	probability	78%
1966	Keven Proffitt	M18	12th grade	probability	73%
1967	Murielle Hardwicke	F16	9th grade	probability	78%
1968	Jacqueline McCrie	F15	9th grade	probability	72%
1969	Ailey Calloway	F16	12th grade	probability	82%
1970	Kyle Capelow	M15	12th grade	probability	80%
1971	Antin Pandey	M14	12th grade	probability	75%
1972	Rochette McCoish	F18	12th grade	probability	81%
1973	Thorpe Danniell	M18	10th grade	probability	78%
1974	Malynda Jovicevic	F14	10th grade	probability	85%
1975	Wade Bowman	M15	10th grade	probability	80%
1976	Myer Levesley	M15	12th grade	probability	86%
1977	Dunstan Starking	M14	9th grade	probability	86%
1978	Joey Staddon	F15	12th grade	probability	91%
1979	Giffard Seid	M18	11th grade	probability	79%
1980	Kit Ventura	F17	9th grade	probability	72%
1981	Ellwood Schrir	M14	10th grade	probability	79%
1982	Aubrette MacTerlagh	F18	9th grade	probability	88%
1983	Cassaundra Goodbur	F14	11th grade	probability	87%
1984	Fletcher Rallinshaw	M15	11th grade	probability	83%
1985	De witt Zima	M15	10th grade	probability	76%
1986	Elfreda Wolvey	F16	12th grade	probability	77%
1987	Heidie Rodger	F14	12th grade	probability	82%
1988	Hillard Santos	M18	12th grade	probability	90%
1989	Roxanna Hartland	F14	10th grade	probability	77%
1990	Dorella Purves	F16	11th grade	probability	66%
1991	Ned Mullan	M15	10th grade	probability	79%
1992	Bertha Flancinbaum	F17	9th grade	probability	76%
1993	Ewen Salasar	M16	12th grade	probability	79%
1994	Nerti Bish	F14	11th grade	probability	91%
1995	Wilie Stillert	F14	9th grade	probability	69%
1996	Gertie Flicker	F15	11th grade	probability	86%
1997	Yettie Labes	F14	12th grade	probability	82%
1998	Lock McGuinley	M18	10th grade	probability	84%
1999	Bebe Lebbern	F15	12th grade	probability	91%