,grade,exam,score,age,gender,first_name,last_name
0,11,fractions,69.0,14,M,Moses,Kirckman
1,11,fractions,63.0,18,M,Timofei,Strowan
2,9,fractions,69.0,18,M,Silvain,Poll
3,11,fractions,0.0,18,M,Lezley,Pinxton
4,11,fractions,72.0,17,F,Bernadene,Saunper
5,11,fractions,0.0,16,M,Eldin,Spitell
6,9,fractions,86.0,17,F,Christi,Lesser
7,11,fractions,81.0,17,M,Papageno,Rummin
8,12,fractions,68.0,18,F,Nissa,Wrotchford
9,11,fractions,59.0,14,M,Vincent,Blumer
10,11,fractions,72.0,14,F,Roanne,Blomfield
12,12,fractions,71.0,16,F,Lyda,Gandrich
13,10,fractions,85.0,18,F,Wanda,Ivens
14,9,fractions,69.0,14,M,Jarvis,Cluelow
15,12,fractions,77.0,18,M,Fabian,Pratty
16,9,fractions,76.0,18,M,Kippy,Grewer
18,10,fractions,0.0,14,F,Hedvig,Switsur
19,11,fractions,86.0,18,F,Alene,Paylie
20,9,fractions,72.0,15,F,Gwendolen,Attwoul
21,10,fractions,81.0,17,M,Kevin,Purkiss
22,12,fractions,78.0,16,M,Micky,Beechcraft
23,12,fractions,0.0,15,F,Tybie,Barrable
24,10,fractions,67.0,15,F,Judie,Isakson
25,12,fractions,70.0,16,M,Harbert,Traice
26,12,fractions,61.0,15,F,Erma,Cowx
27,10,fractions,74.0,15,M,My,Iskow
28,10,fractions,76.0,18,F,Mariann,Sinott
29,10,fractions,77.0,14,M,Rad,Hitcham
30,11,fractions,68.0,17,F,Rosalind,Butterwick
31,9,fractions,71.0,16,F,Sherill,Picton
32,10,fractions,84.0,16,M,Hadrian,Yurshev
33,12,fractions,81.0,16,F,Andrea,Cartmel
34,10,fractions,78.0,15,M,Kristoforo,Wilcockes
35,12,fractions,0.0,14,F,Dyanne,Raubenheim
36,9,fractions,76.0,14,F,Melly,Hancill
37,12,fractions,81.0,16,M,Boyd,Richt
38,12,fractions,81.0,16,F,Anthea,Coleridge
39,11,fractions,75.0,14,M,Cad,Shimoni
40,12,fractions,67.0,14,M,Jedidiah,Berrick
41,11,fractions,87.0,17,M,Delaney,Gartrell
42,11,fractions,67.0,17,F,Valentine,Mattersley
43,10,fractions,69.0,15,F,Esta,Woodger
44,10,fractions,90.0,14,M,Marsh,Wyke
45,12,fractions,64.0,17,F,Hilliary,Haycraft
46,10,fractions,82.0,16,F,Clo,Galland
47,11,fractions,69.0,16,F,Reine,Callingham
48,11,fractions,89.0,16,M,Carlie,McQueen
49,9,fractions,94.0,17,M,Forrest,Emery
50,10,fractions,80.0,18,M,Kerry,Lilion
51,12,fractions,69.0,16,F,Penelopa,Meace
52,10,fractions,76.0,15,F,Raine,Raddenbury
53,11,fractions,78.0,17,F,Nerita,Haslum
54,12,fractions,64.0,14,M,Trevor,Andreopolos
55,12,fractions,81.0,17,M,Sargent,Farlambe
56,12,fractions,64.0,16,M,Rolland,Whotton
57,12,fractions,78.0,18,F,Vanny,Lingard
58,12,fractions,75.0,18,M,Talbot,Godney
59,10,fractions,74.0,17,M,D'arcy,Farnfield
60,12,fractions,70.0,15,M,Matthaeus,Skipworth
61,12,fractions,71.0,17,M,Roi,Lethley
62,10,fractions,81.0,15,F,Beverie,Slemmonds
63,12,fractions,90.0,17,F,Jessalyn,Mateu
64,11,fractions,69.0,16,M,Sylvan,Fonzo
65,10,fractions,79.0,15,M,Daron,Gitsham
66,11,fractions,83.0,14,M,Dov,Spriggin
67,12,fractions,69.0,17,F,Janene,Perry
68,12,fractions,74.0,18,F,Tamara,Livzey
69,9,fractions,64.0,14,M,Rutger,Mumbey
70,12,fractions,75.0,16,M,Malcolm,Klimkov
71,10,fractions,75.0,18,M,Sheppard,Waszkiewicz
72,11,fractions,68.0,15,F,Madeleine,Maier
73,10,fractions,72.0,17,F,Henrieta,Brimilcombe
74,9,fractions,84.0,15,M,Bartel,Archer
75,9,fractions,0.0,16,F,Lynde,Hawtry
76,12,fractions,80.0,14,M,Laurie,Manuel
77,12,fractions,74.0,14,M,Chen,Morin
78,12,fractions,79.0,16,M,Christopher,Lathbury
79,12,fractions,71.0,14,M,Randie,Gilyott
80,11,fractions,92.0,16,F,Robyn,Blindermann
81,10,fractions,71.0,17,M,Neron,Klasen
82,9,fractions,75.0,14,F,Ilyssa,Lindenman
83,12,fractions,62.0,14,F,Waneta,Finnigan
84,9,fractions,84.0,16,M,Benyamin,Lappine
85,10,fractions,79.0,15,M,Hasheem,Carnihan
86,11,fractions,73.0,17,F,Sindee,Whyke
87,11,fractions,70.0,17,M,Herbie,Wheeler
88,9,fractions,76.0,15,M,Cosmo,Swetmore
89,11,fractions,81.0,18,M,Guilbert,Cheng
90,11,fractions,82.0,14,F,Sybyl,Kneeland
91,12,fractions,83.0,14,F,Berte,Disdel
92,10,fractions,69.0,17,M,Jakie,Cremer
93,11,fractions,69.0,16,M,Owen,Shaefer
94,10,fractions,73.0,17,M,Zollie,Manshaw
95,12,fractions,72.0,15,F,Bria,Seiller
96,12,fractions,88.0,14,F,Lilyan,Cicutto
97,11,fractions,75.0,16,M,Grantham,Maykin
98,12,fractions,85.0,14,F,Doralyn,Bartels
99,9,fractions,80.0,18,F,Mariam,Hallyburton
100,10,fractions,72.0,16,F,Morissa,Skade
101,9,fractions,76.0,14,M,Jasper,Comfort
102,10,fractions,58.0,18,F,Siana,Pallas
103,9,fractions,86.0,16,M,Aldous,Peele
104,12,fractions,85.0,14,M,Ethelred,Easun
105,10,fractions,83.0,14,F,Goldarina,Championnet
106,11,fractions,67.0,14,M,Gardie,Sleeny
107,11,fractions,60.0,14,F,Ardyth,Weaben
108,9,fractions,71.0,16,F,Tomi,Curuclis
109,11,fractions,73.0,18,F,Rickie,Toffler
110,9,fractions,84.0,16,M,Grover,Knightly
111,11,fractions,81.0,17,M,Lowe,Allatt
112,10,fractions,70.0,16,F,Aveline,Sammes
113,10,fractions,87.0,14,M,Farlie,Pawellek
114,11,fractions,75.0,15,M,Luca,Scutching
115,11,fractions,83.0,16,F,Ardys,Frid
116,10,fractions,70.0,17,M,Johnny,Iveson
117,9,fractions,0.0,17,F,Mathilda,De
118,9,fractions,58.0,14,F,Delia,Lightbourne
119,9,fractions,71.0,14,F,Traci,de
120,9,fractions,63.0,17,M,Hugh,Andreou
121,10,fractions,73.0,16,M,William,Eronie
122,12,fractions,84.0,17,M,Drake,Freen
123,9,fractions,80.0,18,F,Teena,Waulker
124,10,fractions,72.0,16,M,Jaye,MacNucator
125,10,fractions,72.0,15,M,Averill,Moth
126,11,fractions,65.0,18,F,Chanda,Longmead
127,10,fractions,91.0,14,M,Arne,Gartland
128,9,fractions,71.0,15,F,Deena,Cayle
129,9,fractions,68.0,15,M,Thorpe,Lindmark
130,9,fractions,79.0,16,M,Gunner,Walentynowicz
131,12,fractions,93.0,16,M,Baird,Loughnan
132,12,fractions,81.0,17,M,Diego,Larwell
133,9,fractions,82.0,14,M,Harmon,Seydlitz
134,10,fractions,83.0,17,F,Kevyn,Lomax
135,11,fractions,75.0,14,M,Chico,Ovenell
136,10,fractions,71.0,18,F,Romola,Kettles
137,9,fractions,95.0,18,F,Betty,Hubbuck
138,12,fractions,83.0,14,F,Harri,Hendrichs
139,11,fractions,76.0,17,F,Gusti,Jermey
140,9,fractions,75.0,17,M,Winslow,Corona
141,11,fractions,64.0,15,F,Terese,Ricketts
142,11,fractions,77.0,15,M,Nataniel,Bohl
143,9,fractions,65.0,18,F,Bethany,Hesbrook
144,12,fractions,70.0,15,F,Fernande,Dockrey
145,9,fractions,64.0,14,M,Giordano,Southon
146,12,fractions,88.0,17,F,Jerrine,De
147,11,fractions,70.0,14,M,Andreas,Morsley
148,10,fractions,69.0,18,M,Ber,Ormond
149,10,fractions,74.0,17,M,Gian,Smallpeace
150,12,fractions,91.0,16,F,Drona,Maccaddie
151,12,fractions,85.0,15,F,Sella,Swatton
152,12,fractions,74.0,15,M,Ches,Alfuso
153,12,fractions,83.0,15,M,Rand,Avison
154,11,fractions,0.0,15,M,Nichols,Auld
155,10,fractions,67.0,16,M,Dion,Dudson
156,12,fractions,75.0,18,F,Dedra,Tune
157,10,fractions,98.0,15,M,Lowe,Scamal
158,12,fractions,83.0,15,M,Phineas,Concannon
159,9,fractions,66.0,16,F,Nertie,Keast
160,12,fractions,72.0,17,F,Arluene,Danson
161,12,fractions,77.0,15,F,Kelcey,Cervantes
162,9,fractions,69.0,15,F,Tana,Jeal
163,9,fractions,65.0,18,M,Eric,Faber
164,11,fractions,77.0,14,M,Eddie,Lambot
165,12,fractions,64.0,18,F,Pierrette,Albro
166,10,fractions,68.0,15,F,Karyl,Brosoli
167,11,fractions,74.0,18,F,Alexina,Durham
168,9,fractions,90.0,16,F,Florie,Pleat
169,11,fractions,81.0,18,M,Keefer,Humbert
170,12,fractions,79.0,15,F,Meryl,Exposito
171,12,fractions,51.0,16,M,Bing,Son
172,11,fractions,83.0,15,M,Kingsley,Evill
173,12,fractions,93.0,17,F,Scarlett,Bancroft
174,12,fractions,87.0,16,M,Franciskus,Ramsell
175,10,fractions,88.0,14,M,Whit,Garrattley
176,9,fractions,66.0,18,F,Viv,Room
177,11,fractions,71.0,16,M,Demott,Boath
178,9,fractions,82.0,16,F,Marrilee,Caldecott
179,10,fractions,0.0,14,F,Kat,McCanny
180,10,fractions,74.0,18,M,Melvyn,Duncanson
181,12,fractions,0.0,16,F,Ariadne,Turville
182,11,fractions,58.0,17,F,Ilka,Spillman
183,12,fractions,63.0,18,F,Rosina,Dack
184,9,fractions,81.0,16,F,Darryl,Southern
185,11,fractions,82.0,17,F,Bird,Rodrig
186,12,fractions,73.0,18,M,Gian,McGauhy
187,11,fractions,71.0,16,F,Lilia,Craydon
188,11,fractions,60.0,14,F,Gabbi,Dinsell
189,12,fractions,73.0,15,M,Ludovico,Roskeilly
190,11,fractions,64.0,16,M,Riley,Vedeneev
191,9,fractions,76.0,14,M,Levi,Lifton
192,11,fractions,53.0,16,M,Fons,Lauritzen
193,10,fractions,65.0,18,F,Ivory,Deetch
194,10,fractions,54.0,17,F,Roslyn,Kimmel
195,11,fractions,71.0,16,F,Eva,Briant
196,12,fractions,76.0,15,F,Velvet,Reedie
197,10,fractions,69.0,16,M,Garv,Leathlay
198,9,fractions,84.0,14,F,Margit,Read
199,9,fractions,68.0,18,M,Yurik,Farrell
200,10,fractions,63.0,14,F,Gigi,Erley
201,10,fractions,73.0,14,F,Madelaine,Drees
202,9,fractions,0.0,16,M,Nevins,O'Sesnane
203,11,fractions,83.0,14,F,Sonnie,Yukhnev
204,11,fractions,81.0,15,M,Boigie,Kaindl
205,9,fractions,91.0,18,M,Richmound,Death
206,11,fractions,55.0,17,F,Erma,Gallo
207,9,fractions,67.0,18,M,Lennard,Dooney
208,10,fractions,73.0,18,F,Katlin,Henrie
209,9,fractions,85.0,15,F,Loise,Lackey
212,10,fractions,58.0,17,M,Franzen,Buey
213,10,fractions,87.0,14,F,Malissia,Kyd
214,9,fractions,79.0,16,F,Garland,Knok
215,10,fractions,68.0,16,F,Ardelis,Guilloux
216,11,fractions,0.0,16,M,Talbert,Tommasuzzi
217,12,fractions,71.0,17,F,Minetta,Cohen
218,11,fractions,88.0,18,F,Lorita,Carayol
219,10,fractions,78.0,15,F,Cindelyn,Grishin
220,10,fractions,73.0,16,F,Sheri,Ratcliff
221,12,fractions,83.0,14,F,Magdalene,Lilleman
222,10,fractions,73.0,16,F,Ibby,Catlin
223,10,fractions,70.0,17,M,Garik,Gerram
224,12,fractions,76.0,16,F,Starlin,Danahar
225,10,fractions,74.0,14,M,Chuck,Loffhead
226,12,fractions,87.0,17,F,Friederike,Stainton
227,11,fractions,82.0,14,M,Devin,Sperwell
228,9,fractions,81.0,15,F,Kasey,Rowberry
229,10,fractions,89.0,17,M,Manolo,Tillerton
230,11,fractions,76.0,15,M,Vassili,Elflain
231,12,fractions,56.0,18,M,Bjorn,McLaverty
232,12,fractions,77.0,18,M,Shannan,Lievesley
233,11,fractions,0.0,16,F,Pamela,Powdrill
234,12,fractions,0.0,17,F,Kaila,Cantrell
235,9,fractions,74.0,15,M,Eldredge,Fawthorpe
236,11,fractions,80.0,16,F,Joyous,Langforth
237,12,fractions,82.0,18,M,Ange,Siveter
238,12,fractions,68.0,18,M,Henri,Nizard
239,9,fractions,0.0,15,F,Hatti,Olczak
240,10,fractions,78.0,17,F,Abbe,Tallowin
241,11,fractions,81.0,17,M,Arvy,Picott
242,9,fractions,72.0,15,F,Noni,Scalia
243,9,fractions,70.0,17,F,Flossie,Coulthard
244,12,fractions,77.0,14,M,Falkner,Dragonette
245,11,fractions,79.0,14,M,Andy,Foley
246,11,fractions,72.0,15,M,Lewiss,Tomlins
247,12,fractions,74.0,16,F,Shoshana,Littrell
248,11,fractions,70.0,15,F,Sheelah,Coleiro
249,11,fractions,86.0,16,F,Bobbette,Firebrace
250,11,fractions,74.0,15,M,Hastie,Dies
251,12,fractions,91.0,17,F,Lee,Stolberger
252,10,fractions,89.0,18,F,Eddy,Wreak
253,10,fractions,63.0,18,M,Tris,Leel
254,10,fractions,70.0,16,F,Kyla,Morsom
255,10,fractions,76.0,17,M,Byram,Nawton
256,9,fractions,69.0,15,M,Lawrence,Olander
257,12,fractions,64.0,15,F,Sib,Clotworthy
258,12,fractions,87.0,16,F,Yevette,Duncanson
259,11,fractions,73.0,15,M,Clyde,Shrubb
260,9,fractions,0.0,16,M,Putnem,Vedenichev
261,11,fractions,69.0,14,M,Meade,Scutter
262,10,fractions,60.0,14,F,Timmie,O'Siaghail
263,12,fractions,0.0,18,F,Christiana,Mechan
264,11,fractions,57.0,17,M,Teodoro,Verne
265,11,fractions,67.0,14,M,Townie,Attenbarrow
266,12,fractions,0.0,14,F,Jacynth,Tranmer
267,11,fractions,80.0,17,M,Ugo,Staniland
268,9,fractions,76.0,17,F,Tyne,Tilson
269,9,fractions,67.0,17,F,Zorah,Mazzei
270,11,fractions,72.0,17,F,Elyssa,Pourvoieur
271,9,fractions,78.0,14,M,Vassily,Andino
272,9,fractions,77.0,18,M,Hugibert,Copplestone
273,12,fractions,74.0,18,F,Annelise,O'Currane
274,10,fractions,71.0,16,M,Connie,de
275,10,fractions,75.0,18,F,Lishe,Beresfore
276,11,fractions,78.0,14,F,Lina,Dufall
277,9,fractions,82.0,16,M,Jere,Hawton
278,11,fractions,78.0,18,M,Westleigh,Gower
279,12,fractions,74.0,17,F,Legra,Alstead
280,12,fractions,67.0,16,F,Rosemonde,Heinrici
281,9,fractions,74.0,17,M,Stanly,Nolli
282,10,fractions,82.0,16,F,Misti,Ayre
283,9,fractions,73.0,18,F,Idaline,Uridge
284,12,fractions,79.0,17,M,Lock,Krystek
285,9,fractions,81.0,17,M,Rollo,Butterwick
286,10,fractions,0.0,15,F,Erminie,Abad
287,12,fractions,75.0,15,M,Obadiah,Gunbie
288,11,fractions,76.0,16,M,Prentice,Wanstall
289,12,fractions,89.0,18,F,Stephannie,Lill
290,12,fractions,70.0,18,M,Morris,Brannan
291,11,fractions,72.0,16,F,Annabell,Stoddard
292,11,fractions,0.0,16,F,Anna-diana,Marlon
293,9,fractions,70.0,14,M,Schuyler,Dairton
294,10,fractions,82.0,16,M,Wash,Copestick
295,9,fractions,70.0,15,M,Arel,Sissot
296,10,fractions,75.0,16,F,Ardath,Castleton
297,11,fractions,80.0,18,M,Gregor,Shingfield
298,11,fractions,79.0,17,F,Anette,Snawden
299,9,fractions,0.0,14,M,Thurston,Braiden
300,12,fractions,79.0,15,F,Luci,Carwithim
301,10,fractions,74.0,18,M,Terrel,Vosse
302,10,fractions,70.0,18,M,Cecil,Celli
303,10,fractions,66.0,15,F,Tiffany,Brocklehurst
304,9,fractions,0.0,18,M,Lionello,Claricoates
305,12,fractions,74.0,15,M,Garv,Leal
306,11,fractions,71.0,16,F,Francisca,Jantet
307,10,fractions,0.0,15,F,Kimberli,Corp
309,10,fractions,73.0,15,F,Trude,Keates
310,10,fractions,82.0,16,F,Melinda,Crayker
311,12,fractions,84.0,15,F,Reta,Band
312,11,fractions,64.0,15,M,Tonnie,Boynes
313,12,fractions,70.0,18,M,Arlen,Pinnick
314,9,fractions,83.0,15,F,Caroljean,Liffe
315,9,fractions,76.0,17,M,Otis,Hutten
316,10,fractions,67.0,16,M,Quincy,Woodroffe
318,11,fractions,70.0,14,M,Colman,Wellan
319,12,fractions,94.0,17,M,Morris,Lyman
320,11,fractions,84.0,15,F,Gwendolin,Anyene
321,11,fractions,78.0,17,F,Deerdre,Foukx
322,11,fractions,73.0,15,F,Aubrette,Cottey
323,11,fractions,73.0,18,M,Ingrim,Schwand
324,12,fractions,0.0,17,F,Rubie,Lissandri
325,11,fractions,64.0,16,M,Jimmy,Fedynski
326,9,fractions,76.0,14,M,Alanson,Grieger
327,9,fractions,63.0,18,F,Mellicent,Fullagar
328,11,fractions,79.0,16,F,Lula,Karlqvist
329,9,fractions,65.0,18,F,Marna,Vanelli
330,12,fractions,72.0,14,F,Cordie,Jelleman
331,9,fractions,78.0,16,F,Raynell,Ryson
332,10,fractions,61.0,17,M,Reade,McCorley
333,12,fractions,87.0,17,M,Thedric,Dwyer
334,10,fractions,86.0,16,F,Addi,Duffie
335,9,fractions,81.0,18,M,Kleon,Lewsley
336,11,fractions,59.0,16,F,Nesta,Syratt
337,12,fractions,0.0,16,F,Bennie,Dytham
338,9,fractions,69.0,16,M,Ancell,Kimmings
339,10,fractions,76.0,18,M,Kit,Wiggam
340,12,fractions,75.0,14,M,Francklin,Bramhill
341,10,fractions,0.0,18,M,Mitch,Doncom
342,12,fractions,70.0,14,F,Inga,Cawthorn
343,11,fractions,72.0,18,F,Catherin,Dresse
344,10,fractions,61.0,17,M,Hewie,Gilgryst
345,9,fractions,62.0,15,F,Janifer,Bartrum
346,12,fractions,76.0,17,M,Sergio,Grinaway
347,11,fractions,65.0,15,F,Berrie,Gamlyn
348,10,fractions,71.0,14,M,Lin,Ziehms
349,12,fractions,0.0,18,F,Eimile,Canniffe
350,9,fractions,63.0,18,M,Falito,Jayume
351,11,fractions,78.0,17,M,Phil,Simony
352,11,fractions,80.0,15,M,Woodman,Bloore
353,10,fractions,68.0,14,F,Taryn,Lambart
354,12,fractions,75.0,16,F,Odelia,Dowzell
355,12,fractions,0.0,18,M,Tore,Cracknell
356,11,fractions,76.0,17,M,Jacky,Joel
357,10,fractions,66.0,15,M,Christiano,Peto
358,12,fractions,86.0,16,M,Georas,Basezzi
359,10,fractions,70.0,15,M,Zacharia,Leroy
360,12,fractions,0.0,15,F,Gaby,Gwynn
361,12,fractions,83.0,17,F,Georgianne,Leavy
362,12,fractions,67.0,15,M,Wain,Licciardo
363,9,fractions,64.0,17,M,Neall,McElhinney
364,10,fractions,69.0,18,F,Adelaide,Maybery
365,10,fractions,67.0,14,F,Corene,Murrison
366,10,fractions,70.0,16,M,Willem,Hollingdale
367,12,fractions,73.0,18,F,Fanya,Beine
368,11,fractions,0.0,18,F,Marin,Pindell
369,12,fractions,77.0,17,M,Herbie,de
370,12,fractions,73.0,16,M,Ode,Shaw
371,10,fractions,65.0,18,F,Melba,Conkie
372,12,fractions,0.0,14,M,Ignaz,Malt
373,11,fractions,78.0,18,M,Hamid,Amiable
374,10,fractions,85.0,16,M,Gifford,Bernli
375,11,fractions,67.0,18,M,Sigismundo,Theml
376,12,fractions,68.0,16,F,Anica,Besnard
377,9,fractions,85.0,15,F,Valeria,Reynalds
378,9,fractions,75.0,15,F,Neille,Dell
379,9,fractions,87.0,16,M,Pacorro,Dingsdale
380,10,fractions,74.0,14,F,Erica,Coushe
381,12,fractions,0.0,16,M,Mikkel,Mallaby
382,11,fractions,80.0,14,F,Legra,Tye
383,10,fractions,0.0,15,M,Linn,Huster
384,9,fractions,63.0,18,M,Randal,Pennacci
385,11,fractions,75.0,15,F,Noami,McKay
386,10,fractions,73.0,17,F,Mireielle,Crebbin
387,10,fractions,71.0,17,M,Panchito,Mussett
388,12,fractions,61.0,18,M,Kelvin,McReynolds
389,12,fractions,77.0,16,F,Keeley,Walsham
390,11,fractions,87.0,17,F,Audrie,Rein
391,9,fractions,95.0,17,M,Etienne,Keoghan
392,10,fractions,79.0,14,M,Claiborn,Rylett
393,10,fractions,85.0,14,F,Tanitansy,Liddon
394,11,fractions,0.0,16,M,Lennie,Ashbey
395,10,fractions,66.0,15,F,Denyse,Dodgshun
396,10,fractions,58.0,17,M,Alphard,Ackland
397,12,fractions,74.0,14,M,Bernie,Bettridge
398,9,fractions,79.0,16,M,Rodd,Ahearne
399,10,fractions,64.0,17,M,Adolphe,Neljes
400,9,fractions,76.0,14,M,Barrett,Feragh
401,12,fractions,83.0,14,M,Llewellyn,Keech
403,11,fractions,80.0,15,M,Terrell,Geri
404,10,fractions,67.0,14,M,Gram,Hallewell
405,9,fractions,0.0,18,F,Stephana,Boots
406,11,fractions,91.0,14,F,Adrianne,Bamfield
407,10,fractions,0.0,18,F,Glynnis,Eglise
408,9,fractions,77.0,15,F,Ronnica,Cough
409,12,fractions,68.0,18,M,Kenyon,Brisland
410,10,fractions,79.0,18,M,Sherman,Holdforth
411,10,fractions,73.0,14,M,Zeke,Marson
412,12,fractions,61.0,17,F,Alexis,Selbie
413,10,fractions,73.0,14,M,Harcourt,Bratton
414,9,fractions,65.0,16,M,Cully,Sandbatch
415,10,fractions,84.0,14,M,Stephan,Dufore
416,10,fractions,0.0,15,M,Allayne,Lettley
417,12,fractions,74.0,16,F,Jamima,Loweth
418,12,fractions,63.0,18,M,Basil,Choulerton
419,9,fractions,79.0,17,M,Carmine,Dewitt
421,11,fractions,73.0,15,F,L;urette,Preskett
422,11,fractions,84.0,18,M,Thorvald,Slograve
423,10,fractions,78.0,16,F,Averil,Petheridge
424,11,fractions,71.0,15,M,Reece,Haslam
425,9,fractions,80.0,18,M,Rudolfo,Welsby
426,12,fractions,77.0,15,F,Page,Vooght
427,9,fractions,79.0,18,F,Charo,Feragh
428,9,fractions,78.0,18,M,Carmine,Henriet
429,10,fractions,63.0,16,M,Ado,Hawlgarth
430,9,fractions,51.0,15,F,Catlee,Ilem
431,9,fractions,71.0,16,F,Ursulina,Robrow
432,10,fractions,73.0,15,M,Garald,Cawker
433,10,fractions,71.0,16,M,Maxwell,Dilliway
434,11,fractions,0.0,15,M,Taite,Kochel
435,9,fractions,65.0,16,M,Porty,Golding
436,9,fractions,67.0,15,M,Mortie,Bulmer
437,11,fractions,71.0,14,F,Nadine,Batteson
438,11,fractions,60.0,15,F,Deloria,Kerin
439,11,fractions,73.0,18,M,Fremont,MacInerney
440,12,fractions,66.0,16,M,Lou,Nelissen
441,12,fractions,71.0,17,F,Elicia,O'Meara
442,10,fractions,62.0,18,M,Grantley,Ruffey
443,10,fractions,74.0,18,F,Lea,Morigan
444,9,fractions,81.0,18,F,Arleen,Loveless
445,10,fractions,83.0,18,F,Neille,Wontner
446,9,fractions,72.0,14,M,Augustus,Caird
447,11,fractions,65.0,15,M,Westbrook,Celloni
448,9,fractions,79.0,15,M,Granny,Duligall
449,9,fractions,85.0,18,M,Oran,Reide
450,11,fractions,85.0,17,F,Arleen,MacAiline
451,10,fractions,82.0,14,F,Caron,Abthorpe
452,9,fractions,71.0,14,M,Uri,Birchenough
453,12,fractions,80.0,17,M,Adelbert,Pigot
454,12,fractions,81.0,14,M,Vale,Glanders
455,9,fractions,57.0,16,M,Duane,Gewer
456,9,fractions,78.0,16,M,Carroll,Cocksedge
457,9,fractions,60.0,15,F,Mureil,Doy
458,9,fractions,71.0,17,F,Emelita,Keggin
459,11,fractions,75.0,18,F,Murielle,Gartshore
460,11,fractions,70.0,17,F,Kellen,Litzmann
461,10,fractions,75.0,17,M,Bentlee,Mangeney
462,11,fractions,72.0,14,M,Sid,Vogl
463,9,fractions,77.0,17,F,Dorella,Alden
464,9,fractions,68.0,18,F,Claudia,Bever
465,11,fractions,62.0,18,F,Phyllys,Arnaudon
466,11,fractions,62.0,17,F,Kevina,Margrie
467,11,fractions,70.0,15,F,Jolyn,Noore
468,12,fractions,70.0,14,M,Felizio,Brittoner
469,12,fractions,66.0,14,F,Christean,Rollitt
470,11,fractions,69.0,15,M,Sergeant,Witherow
471,10,fractions,80.0,15,F,Sharleen,Broadey
472,10,fractions,0.0,16,F,Deeann,Duckworth
473,12,fractions,74.0,15,F,Gerry,Rangall
474,12,fractions,77.0,14,F,Nissy,Ogglebie
475,10,fractions,85.0,18,M,Colver,de
476,11,fractions,56.0,14,F,Pammi,Swaby
477,9,fractions,77.0,17,M,Niels,Lean
478,12,fractions,0.0,17,F,Ali,Ling
479,12,fractions,88.0,15,M,Ode,Evamy
480,12,fractions,79.0,17,F,Claudetta,Tyne
481,12,fractions,85.0,14,F,Jennilee,Megroff
482,9,fractions,62.0,15,M,Sauveur,Grouen
483,12,fractions,58.0,14,M,Price,Pallister
484,12,fractions,67.0,15,F,Corabelle,Zaniolo
485,12,fractions,87.0,18,M,Ker,Tween
486,11,fractions,80.0,15,M,Norton,Coleford
487,12,fractions,90.0,16,F,Bonny,Bartoszewicz
488,9,fractions,84.0,18,F,Winonah,Le-Good
489,12,fractions,79.0,14,M,Lodovico,Backhurst
490,9,fractions,87.0,17,M,Bart,Parres
491,11,fractions,63.0,15,F,Jami,Milam
492,11,fractions,50.0,16,F,Merlina,Aleshintsev
493,11,fractions,73.0,14,F,Elysia,Rime
494,11,fractions,70.0,18,M,Lovell,Coolican
495,12,fractions,73.0,14,F,Halley,Clunie
496,12,fractions,72.0,17,F,Gale,Mullender
497,11,fractions,74.0,17,M,Ryun,Denne
498,10,fractions,71.0,14,M,Cazzie,Potapczuk
499,10,fractions,48.0,18,F,Verina,Pasque
500,9,fractions,89.0,15,F,Roseanna,Gwinnell
501,12,fractions,73.0,14,F,Ellissa,Childrens
502,12,fractions,74.0,18,F,Reeta,Bramich
503,11,fractions,66.0,15,F,Izabel,Rymer
504,11,fractions,72.0,18,F,Rosalie,Donne
505,9,fractions,77.0,17,F,Dulsea,Burgot
507,10,fractions,67.0,16,M,Olin,Youthead
508,11,fractions,85.0,14,F,Alexine,Faulconbridge
509,12,fractions,74.0,16,F,Daile,Stobbs
510,11,fractions,76.0,18,M,Frans,Olcot
511,12,fractions,80.0,17,M,Abbe,Addinall
512,12,fractions,74.0,15,F,Anne-corinne,Levens
513,10,fractions,77.0,18,F,Randy,Stuckford
514,10,fractions,83.0,15,F,Diahann,Pleven
515,12,fractions,82.0,14,F,Cele,Pavelka
516,9,fractions,67.0,15,F,Roze,Tregale
517,12,fractions,75.0,16,M,Adams,Davidsson
518,10,fractions,63.0,18,F,Nonnah,Karpfen
519,11,fractions,0.0,16,F,Erena,Stratton
520,10,fractions,75.0,18,F,Chloe,Payn
521,12,fractions,71.0,15,F,Marie-ann,Fishly
522,10,fractions,70.0,17,F,Willetta,McTurk
523,11,fractions,0.0,15,M,Othello,Karlsson
524,9,fractions,78.0,17,F,Ashly,Smeaton
525,12,fractions,88.0,17,F,Eyde,Kempshall
526,10,fractions,64.0,17,M,Salmon,Outridge
527,10,fractions,82.0,16,M,Meade,Moncarr
528,9,fractions,64.0,18,M,Cletis,Petricek
529,9,fractions,75.0,15,F,Marlene,Clue
530,11,fractions,81.0,14,M,Reidar,Dyneley
531,12,fractions,56.0,15,M,Cam,Stubbeley
532,9,fractions,73.0,15,M,Walt,Hebbs
533,9,fractions,73.0,16,F,Georgia,Ferraresi
534,11,fractions,70.0,17,M,Maurice,Lott
535,11,fractions,77.0,15,M,Ambrosi,Durnian
536,12,fractions,64.0,15,F,Laurie,Glandfield
537,12,fractions,66.0,15,M,Ira,Yurocjhin
538,11,fractions,71.0,15,M,Carey,Larvent
539,11,fractions,86.0,14,F,Maridel,Ghelardoni
540,12,fractions,80.0,15,F,Aurilia,Matejka
541,11,fractions,79.0,17,M,Ingar,Chaplain
542,10,fractions,92.0,17,F,Berthe,Annett
543,10,fractions,83.0,18,F,Auberta,Ciottoi
544,11,fractions,67.0,16,M,Bogart,Clemow
545,10,fractions,77.0,14,M,Paige,Bengtson
546,12,fractions,81.0,18,M,Smitty,Pettwood
547,12,fractions,83.0,14,F,Teirtza,Lewis
548,11,fractions,73.0,15,M,Boote,Gadie
549,10,fractions,73.0,18,F,Agnesse,Eronie
550,12,fractions,77.0,14,M,Karoly,Varker
551,12,fractions,82.0,17,M,Franklyn,Bevan
552,10,fractions,85.0,18,F,Angil,Lympany
553,12,fractions,86.0,18,F,Trixie,Mattussevich
554,10,fractions,75.0,15,F,Kathie,O'Lenane
555,9,fractions,83.0,16,F,Philippine,Fosdike
556,10,fractions,73.0,17,M,Kelley,Cherry
557,11,fractions,67.0,17,M,Gery,Meegin
558,12,fractions,80.0,18,M,Culver,Chapelhow
559,9,fractions,68.0,16,F,Goldi,Kitchingham
560,10,fractions,65.0,17,M,Shelby,Shearsby
561,10,fractions,69.0,14,F,Ainsley,Longhirst
562,9,fractions,84.0,18,F,Miriam,Kapelhoff
563,12,fractions,70.0,16,F,Wendeline,Haney
564,10,fractions,71.0,18,F,Calli,Buckley
565,12,fractions,75.0,16,M,Trumaine,Cornwall
566,11,fractions,63.0,14,M,Che,Tomkinson
567,11,fractions,57.0,17,M,Yard,Santorini
568,10,fractions,69.0,14,M,Ari,Downing
569,9,fractions,81.0,16,F,Blakeley,Gibbard
570,12,fractions,81.0,15,M,Colas,Drennan
571,12,fractions,80.0,15,M,Roderich,Costell
572,10,fractions,72.0,15,M,Kienan,Simonard
573,11,fractions,78.0,14,F,Claude,Zuanazzi
574,11,fractions,82.0,14,M,Burton,Owbridge
575,11,fractions,76.0,18,M,Hobey,Bradlaugh
576,9,fractions,63.0,16,M,Kermit,Trusty
577,12,fractions,65.0,14,F,Leona,Vamplers
578,11,fractions,82.0,16,M,Foster,Paxton
579,10,fractions,77.0,17,M,Raul,Chrispin
580,10,fractions,66.0,17,F,Carissa,Bony
581,11,fractions,87.0,16,M,Bealle,Creeghan
582,10,fractions,79.0,17,F,Arlette,Gulvin
584,9,fractions,71.0,18,M,Vassili,Galbreath
585,9,fractions,78.0,16,M,Ingemar,Bruyntjes
586,9,fractions,65.0,17,M,Harbert,Tripcony
587,12,fractions,86.0,18,F,Minetta,Cogar
588,12,fractions,83.0,17,F,Wallie,Leverich
589,11,fractions,70.0,16,F,Mag,Maneylaws
590,9,fractions,67.0,16,F,Marja,Pettiford
591,12,fractions,64.0,16,F,Aarika,Govett
592,9,fractions,76.0,14,F,Tobi,Marlon
593,12,fractions,80.0,16,F,Ailina,Shyre
594,9,fractions,70.0,15,F,Benedetta,MacSkeaghan
595,12,fractions,84.0,16,M,Brig,Meadowcroft
596,11,fractions,83.0,14,M,Isidor,Abrashkov
597,12,fractions,72.0,17,F,Siana,McKune
598,11,fractions,73.0,17,M,Tuck,Lyford
599,11,fractions,68.0,17,F,Janie,Paris
600,11,fractions,66.0,15,F,Nikolia,Rainsdon
601,10,fractions,71.0,15,F,Libbie,MacIver
602,12,fractions,70.0,16,M,Caesar,Arnison
603,9,fractions,72.0,15,F,Leanora,Cowup
605,10,fractions,67.0,14,F,Ranna,Fotherby
606,9,fractions,75.0,16,F,Myrilla,Pargiter
607,10,fractions,72.0,14,M,Sheppard,Fideler
608,11,fractions,88.0,17,F,Leela,Woollard
609,9,fractions,74.0,16,F,Camille,Mussotti
610,9,fractions,77.0,17,M,Ari,Watters
611,9,fractions,67.0,15,M,Arne,Glozman
612,12,fractions,64.0,18,F,Carlina,Illesley
613,12,fractions,88.0,16,F,Rora,Lomansey
614,12,fractions,80.0,18,M,Lambert,Henric
615,10,fractions,74.0,18,F,Magda,McCane
616,10,fractions,66.0,18,M,Elmer,Gettings
617,10,fractions,77.0,15,M,Jodie,Esslement
618,11,fractions,0.0,16,M,Frederigo,Gouch
619,10,fractions,82.0,16,F,Datha,Hay
620,10,fractions,0.0,16,F,Joan,Joint
621,11,fractions,75.0,17,M,Calv,Charlotte
622,10,fractions,60.0,16,F,Letta,Supple
623,11,fractions,73.0,17,M,Mayne,Brewers
624,11,fractions,63.0,16,F,Valentia,Blunsom
625,11,fractions,74.0,17,F,Gillan,Trahar
626,11,fractions,68.0,16,F,Sibley,Escott
627,11,fractions,84.0,15,F,Edy,Faussett
628,12,fractions,68.0,15,F,Angelle,Philippsohn
629,10,fractions,71.0,15,M,Noah,Rough
630,10,fractions,61.0,16,M,Olly,MacPhee
631,11,fractions,65.0,15,M,Theobald,Westraw
632,10,fractions,71.0,14,M,Udall,Cockland
633,10,fractions,70.0,15,F,Kathi,McGrorty
634,12,fractions,65.0,15,F,Maggi,Howship
635,10,fractions,79.0,17,M,Mata,Quiddington
636,10,fractions,69.0,18,M,Barret,Furby
637,11,fractions,84.0,16,F,Mariejeanne,Bullivent
638,10,fractions,79.0,16,M,Edgard,Cattle
639,11,fractions,76.0,14,F,Rey,Grisard
640,12,fractions,87.0,18,M,Olvan,O'Kielt
641,10,fractions,72.0,17,M,Justen,Pinkney
642,9,fractions,71.0,16,M,Leopold,Daniells
643,11,fractions,70.0,16,M,Dalis,Ausiello
644,11,fractions,79.0,18,M,Dionisio,Wickardt
645,12,fractions,78.0,15,M,Boniface,Mytton
646,12,fractions,91.0,16,M,Ogden,Camacho
647,11,fractions,82.0,16,F,Alecia,Harcase
648,10,fractions,84.0,15,F,Nyssa,Wauchope
649,9,fractions,69.0,14,F,Tamarra,Itzkov
650,12,fractions,82.0,16,M,Giacopo,Kassidy
651,12,fractions,76.0,18,M,Trent,Schruurs
652,10,fractions,80.0,18,F,Wally,Sinderland
653,9,fractions,0.0,15,F,Filia,Yvon
654,9,fractions,77.0,18,F,Liesa,Barabisch
655,10,fractions,69.0,17,M,Correy,Noquet
656,12,fractions,78.0,17,F,Dulcie,Dillon
657,11,fractions,73.0,15,F,Aleen,Rounsivall
658,10,fractions,84.0,17,M,Reggy,Burdoun
659,12,fractions,83.0,15,M,Gayle,Meaddowcroft
660,12,fractions,68.0,14,M,Tremain,Heephy
661,9,fractions,73.0,16,M,Winnie,Massenhove
662,10,fractions,0.0,16,F,Josepha,Ginnety
663,9,fractions,64.0,18,F,Kelcey,Jacob
664,12,fractions,80.0,16,M,Miner,Ogilby
665,11,fractions,72.0,14,F,Maighdiln,Esler
666,11,fractions,68.0,14,F,Maryl,Robeson
667,9,fractions,73.0,16,M,Wye,Brands
668,12,fractions,87.0,17,M,Payton,Entwhistle
669,11,fractions,82.0,17,F,Daisy,Norwich
670,12,fractions,75.0,15,F,Robinet,Crean
671,9,fractions,72.0,16,F,Fred,Kimmince
672,10,fractions,77.0,17,M,Bondon,Moloney
673,10,fractions,78.0,15,F,Devan,Sottell
674,11,fractions,84.0,16,F,Hedwiga,Gouck
675,10,fractions,64.0,17,F,Kissiah,Morrison
676,10,fractions,78.0,18,M,Dionysus,Chedgey
677,9,fractions,66.0,15,M,Emmott,Riddler
678,9,fractions,80.0,17,F,Sharline,Tinker
679,11,fractions,74.0,15,F,Carmon,Tetsall
680,9,fractions,73.0,16,F,Tamara,Poland
681,11,fractions,85.0,16,F,Edwina,Leschelle
682,9,fractions,72.0,18,M,Antons,Bembrick
683,12,fractions,75.0,18,F,Clem,McKeurtan
684,12,fractions,72.0,18,M,Chaim,Samper
685,12,fractions,77.0,15,F,Brigitta,Myhan
686,12,fractions,84.0,16,F,Ursala,Citrine
688,11,fractions,72.0,17,F,Colly,Garbutt
689,9,fractions,0.0,16,M,Jermayne,Fraanchyonok
690,12,fractions,78.0,14,M,Franklin,Shottin
691,10,fractions,67.0,18,M,Cart,Crew
692,12,fractions,76.0,17,F,Bunni,Ducket
693,11,fractions,90.0,16,M,Abelard,Bitchener
694,12,fractions,91.0,18,M,Mattie,Dewar
695,10,fractions,88.0,18,F,Donia,Stockoe
696,9,fractions,79.0,16,F,Korella,Spurden
697,10,fractions,66.0,17,M,Basilius,Sine
698,9,fractions,71.0,14,M,Kingston,Akaster
699,11,fractions,68.0,16,F,Carita,Utting
700,12,fractions,68.0,17,F,Kizzee,Kensington
701,12,fractions,68.0,17,M,Garret,Hartfleet
702,12,fractions,65.0,18,F,Ingrid,Meatyard
703,9,fractions,85.0,18,M,Verney,Sainsberry
704,9,fractions,71.0,16,F,Lonni,Bruhnicke
705,12,fractions,57.0,16,M,Isa,Staynes
706,10,fractions,82.0,18,M,Hakim,Stook
707,10,fractions,69.0,14,M,Lucho,Scarlet
708,11,fractions,74.0,15,M,Wain,Iacapucci
709,9,fractions,64.0,16,F,Lorinda,Coldbreath
710,11,fractions,65.0,15,F,Emmalee,Harrisson
711,9,fractions,96.0,17,M,Pavel,Makey
712,10,fractions,84.0,18,M,Cristian,Korba
713,11,fractions,83.0,15,M,Vachel,Bushrod
714,10,fractions,72.0,16,M,Taddeusz,Gavozzi
715,11,fractions,0.0,15,M,Bil,McCoole
716,9,fractions,67.0,18,F,Lusa,Swedeland
717,9,fractions,70.0,18,F,Leonie,Pashenkov
718,11,fractions,62.0,16,M,Bruce,Crebott
719,12,fractions,75.0,17,M,Rikki,McCauley
720,9,fractions,81.0,18,F,Pauletta,Austen
721,10,fractions,66.0,16,M,Flynn,Callicott
722,11,fractions,77.0,14,F,Francesca,Crumley
723,12,fractions,70.0,15,F,Robinette,Dillon
724,9,fractions,84.0,16,M,Wendall,Fontenot
725,12,fractions,77.0,16,F,Cyndia,Couchman
726,12,fractions,0.0,14,F,Leeann,Gregs
727,11,fractions,0.0,15,M,Fran,Gooderidge
728,12,fractions,70.0,15,M,Zechariah,Tuffield
729,9,fractions,77.0,15,M,Demetris,Lougheid
730,9,fractions,94.0,18,F,Alis,Truswell
731,12,fractions,89.0,14,M,Wittie,Caurah
732,12,fractions,71.0,15,F,Cherie,Gerant
733,10,fractions,78.0,18,M,Wallis,Eslie
734,10,fractions,75.0,14,M,Trevor,Mantle
735,12,fractions,76.0,14,F,Fawnia,Windram
736,11,fractions,79.0,18,M,Heindrick,Manilo
737,11,fractions,0.0,17,F,Nadean,Klasing
738,10,fractions,59.0,15,F,Twila,McKerton
739,11,fractions,70.0,15,M,Gerry,Sparling
740,9,fractions,75.0,15,F,Denyse,Bisseker
741,12,fractions,80.0,18,F,Gweneth,Churching
742,12,fractions,73.0,17,M,Solomon,Grainger
743,12,fractions,0.0,15,M,Avram,Esposi
744,9,fractions,77.0,16,M,Quent,McAughtry
745,9,fractions,79.0,18,F,Manya,Hafner
746,12,fractions,79.0,15,M,Mateo,Limbrick
747,10,fractions,69.0,16,F,Marcela,Samart
748,11,fractions,84.0,14,M,Morry,Foxen
749,10,fractions,66.0,14,M,Johan,Tenney
750,9,fractions,75.0,17,F,Karisa,Blackstock
751,12,fractions,79.0,18,F,Kaila,Salisbury
752,12,fractions,90.0,16,M,Manolo,Abramamov
753,12,fractions,80.0,17,F,Jennilee,Bernuzzi
754,12,fractions,75.0,14,F,Selinda,Takkos
755,11,fractions,65.0,18,M,Cesare,Spores
756,12,fractions,72.0,18,F,Jacynth,Scarrott
757,9,fractions,77.0,18,F,Ariadne,Dundridge
758,9,fractions,66.0,16,M,Brander,Grombridge
759,10,fractions,0.0,17,M,Rupert,Kiehnlt
760,11,fractions,80.0,14,M,Dannie,Gerber
761,11,fractions,85.0,18,M,Kendall,Nattriss
762,12,fractions,78.0,18,M,Nowell,Fender
763,12,fractions,80.0,14,M,Darbee,Marqyes
764,12,fractions,77.0,14,F,Sarina,Wakelin
765,12,fractions,62.0,18,M,Vernen,Boskell
766,10,fractions,75.0,16,M,Rodge,Bernardez
767,11,fractions,95.0,17,F,Kip,Innott
768,11,fractions,0.0,17,M,Micah,Moohan
769,11,fractions,94.0,17,M,Gaston,Oldroyd
770,11,fractions,76.0,17,F,Garnet,Yarranton
771,11,fractions,73.0,16,F,Alverta,Adolthine
772,11,fractions,90.0,16,F,Cordey,Kirkebye
773,12,fractions,72.0,15,F,Carmelita,Parkhouse
774,10,fractions,78.0,16,F,Desdemona,Jefferies
775,12,fractions,77.0,17,F,Krissy,Sanchis
776,12,fractions,76.0,14,F,Corrianne,Guerra
777,12,fractions,90.0,15,M,Dominic,Forsythe
778,12,fractions,70.0,16,M,Ber,Newlyn
779,10,fractions,77.0,18,F,Trista,Ruos
780,11,fractions,83.0,15,M,Eldin,Salmon
781,10,fractions,71.0,15,M,Case,Lighterness
782,12,fractions,73.0,17,M,Donovan,Peet
783,11,fractions,73.0,18,M,Ingamar,Ughi
784,9,fractions,71.0,18,M,Pascale,Doak
785,12,fractions,71.0,17,F,Lauretta,Rivelon
786,12,fractions,71.0,15,F,Priscilla,Savatier
787,12,fractions,93.0,15,M,Hayes,Cutsforth
788,10,fractions,73.0,17,F,Anestassia,Gasker
789,12,fractions,86.0,17,F,Christin,Cross
790,9,fractions,82.0,18,F,Rochella,Canete
791,10,fractions,75.0,16,F,Janis,Cardero
792,11,fractions,66.0,17,F,Eolande,Thorneywork
793,9,fractions,90.0,16,F,Angelita,Jancar
794,12,fractions,86.0,18,F,Luise,Laterza
795,11,fractions,84.0,16,M,Massimo,Babbs
796,9,fractions,70.0,14,M,Garrek,Manuely
797,11,fractions,81.0,15,M,Winslow,Lilliman
798,10,fractions,77.0,15,M,Grantham,Yate
799,9,fractions,81.0,16,M,Dennie,Chopping
800,9,fractions,76.0,16,M,Garwin,Crust
801,11,fractions,67.0,15,M,Orren,Heater
802,10,fractions,72.0,17,F,Chiquita,Bains
803,10,fractions,61.0,18,M,Shalom,Vittet
804,12,fractions,73.0,14,F,Lelia,MacKenzie
805,10,fractions,79.0,18,M,Blair,Chiles
806,9,fractions,73.0,18,M,Norby,Coney
807,12,fractions,0.0,16,F,Adriane,Guage
808,9,fractions,74.0,14,M,Wendall,Drinnan
809,10,fractions,72.0,17,F,Mariya,Rings
810,9,fractions,74.0,14,M,Rollin,Tointon
811,11,fractions,0.0,16,F,Lexy,Moan
812,10,fractions,79.0,17,F,Ollie,Extence
813,12,fractions,55.0,16,M,Tito,Wanklyn
814,12,fractions,72.0,14,M,Zebadiah,Josefovic
815,11,fractions,71.0,17,M,Monte,Passion
816,12,fractions,76.0,14,M,Filmore,Gummow
817,11,fractions,71.0,16,F,Zarah,Borgars
818,12,fractions,65.0,16,F,Koo,Woodfield
819,9,fractions,83.0,15,M,Llywellyn,Peniello
820,10,fractions,78.0,16,M,Timofei,Drummer
821,9,fractions,76.0,15,F,Anna-maria,Zaczek
822,11,fractions,0.0,18,M,Quent,Farrow
823,9,fractions,73.0,16,M,Francklyn,Pherps
824,11,fractions,79.0,15,M,Hanson,Zorro
825,11,fractions,89.0,15,F,Janelle,Schrei
826,9,fractions,79.0,18,F,Sheila-kathryn,Bartlomiej
827,10,fractions,66.0,17,M,Dex,Best
828,10,fractions,68.0,16,M,Rodger,McCrackem
829,10,fractions,64.0,18,F,Idelle,Moggach
830,9,fractions,85.0,18,M,Crosby,Yaknov
831,10,fractions,74.0,18,F,Kristi,Hutton
832,11,fractions,68.0,18,M,Ali,Halvosen
833,9,fractions,80.0,14,F,Beitris,Waltering
834,9,fractions,73.0,17,F,Arabel,Vallack
835,11,fractions,59.0,18,M,Padraig,Silburn
836,12,fractions,0.0,15,M,Kippie,Tomkinson
837,10,fractions,71.0,15,M,Evan,Gull
838,10,fractions,74.0,14,F,Agnola,Tchaikovsky
839,12,fractions,75.0,14,M,Friedrick,Murrock
840,10,fractions,66.0,14,M,Joaquin,Yakubov
841,12,fractions,86.0,14,M,Archibald,Phear
842,11,fractions,68.0,15,F,Harri,Klais
843,11,fractions,79.0,18,F,Frederique,Matijasevic
844,12,fractions,69.0,15,F,Allsun,Carnew
845,12,fractions,70.0,17,F,Gwenore,Dysert
846,9,fractions,72.0,15,F,Darline,Streetfield
847,11,fractions,75.0,18,M,Winny,Rackstraw
848,10,fractions,78.0,15,M,Judon,Stroobant
849,12,fractions,64.0,16,M,Marcelo,Riddell
850,12,fractions,0.0,14,M,Goddard,Mosson
851,12,fractions,68.0,16,F,Kesley,Neubigging
852,9,fractions,65.0,17,M,Osborne,Hurich
853,11,fractions,70.0,15,F,Sara-ann,Wraighte
854,11,fractions,66.0,14,F,Jorey,O
855,12,fractions,62.0,17,F,Laure,Currier
856,12,fractions,70.0,14,F,Lydia,Lieber
857,10,fractions,62.0,18,M,Artair,Earland
858,12,fractions,67.0,15,M,Adelbert,Drane
859,12,fractions,76.0,18,M,Arv,Laphorn
860,11,fractions,91.0,18,F,Alidia,Narrie
861,11,fractions,74.0,15,M,Sherwin,De
862,12,fractions,81.0,18,F,Wenda,Warmington
863,12,fractions,70.0,16,M,Errol,Le
864,11,fractions,75.0,14,M,Rufus,Bleasdille
865,12,fractions,73.0,16,M,Jeddy,Jelf
866,10,fractions,79.0,15,M,Eustace,Dawdary
867,10,fractions,63.0,17,M,Ches,Elkins
868,12,fractions,59.0,15,F,Valene,Brolly
869,9,fractions,77.0,17,F,Zsa,zsa
870,9,fractions,83.0,18,M,Ephrayim,Clapson
871,10,fractions,78.0,14,F,Benoite,Bourton
872,11,fractions,75.0,14,F,Frannie,Porker
873,11,fractions,62.0,18,M,Aldridge,Chesnut
874,10,fractions,72.0,17,F,Tova,Whyberd
875,10,fractions,69.0,18,F,Willow,Ordish
876,11,fractions,63.0,16,M,Elmo,Lievesley
877,12,fractions,74.0,16,M,Wendall,Widd
878,10,fractions,75.0,14,F,Larissa,MacKaig
879,11,fractions,73.0,17,M,Keir,Kirkhouse
880,9,fractions,82.0,15,F,Liza,Crichten
881,11,fractions,86.0,18,F,Cherilyn,Jobb
882,11,fractions,91.0,18,M,Der,Kauffman
883,12,fractions,82.0,18,M,Antons,Chander
884,10,fractions,71.0,14,M,Pembroke,Patinkin
885,12,fractions,68.0,15,F,Giustina,Coyett
886,9,fractions,72.0,16,F,Tamra,Boustred
887,11,fractions,81.0,15,M,Cleon,Puve
888,10,fractions,69.0,16,F,Sarena,Loseby
889,9,fractions,68.0,15,M,Colby,Elford
890,12,fractions,73.0,18,M,Vassili,Lankford
891,9,fractions,81.0,17,F,Koren,Gile
892,10,fractions,71.0,17,M,Merwin,Scneider
893,11,fractions,62.0,17,F,Stormy,Stranio
894,11,fractions,75.0,16,M,Heinrick,Annandale
895,10,fractions,77.0,16,F,Maxi,Dew
896,12,fractions,57.0,15,F,Jewell,Boas
897,12,fractions,72.0,17,F,Lebbie,Twine
898,11,fractions,64.0,14,M,Garek,Culbert
899,12,fractions,74.0,16,F,Cristine,Warboys
900,11,fractions,73.0,14,M,Andros,Magnus
901,9,fractions,64.0,14,F,Micheline,Trent
902,10,fractions,78.0,16,F,Denna,Mackrill
903,11,fractions,75.0,18,F,Maegan,Ebbrell
904,11,fractions,67.0,17,M,Nikki,Dashper
905,12,fractions,63.0,17,F,Miran,McDermott-Row
906,10,fractions,79.0,17,M,Rick,Druhan
907,9,fractions,77.0,17,M,Doy,Hatz
908,11,fractions,83.0,15,F,Dina,Jauncey
909,12,fractions,78.0,18,F,Karyn,Craft
910,12,fractions,75.0,15,M,Olin,Tarply
911,11,fractions,0.0,15,F,Hatti,Prisk
912,10,fractions,92.0,15,M,Darnall,Ostler
913,9,fractions,60.0,18,M,Noam,Gudgin
914,12,fractions,81.0,18,M,Godart,Goodbarne
915,11,fractions,0.0,15,M,Sibyl,Earles
916,9,fractions,68.0,14,M,Michal,Causier
917,10,fractions,84.0,18,M,Ingrim,Bottrell
918,11,fractions,66.0,18,F,Isidora,Brave
919,12,fractions,0.0,18,F,Edythe,Verdun
920,9,fractions,70.0,15,M,Angelico,Ferrulli
921,11,fractions,84.0,16,M,Crawford,Howsin
922,12,fractions,77.0,17,F,Deanna,Daviot
923,12,fractions,66.0,14,F,Denyse,Cuthbert
924,12,fractions,76.0,17,F,Florencia,Fairhurst
925,9,fractions,81.0,18,F,Codi,Cutridge
926,9,fractions,80.0,14,F,Patty,McDermid
927,11,fractions,0.0,17,F,Elianora,Medwell
928,12,fractions,70.0,16,M,Neill,Reightley
929,12,fractions,85.0,17,F,Viviana,Dadds
930,9,fractions,66.0,17,F,Kaye,Sterte
931,9,fractions,79.0,18,M,Pascale,Wathey
932,9,fractions,82.0,15,F,Illa,Camacho
933,11,fractions,59.0,14,M,Johny,Prys
934,10,fractions,67.0,18,M,Barris,Lemarie
935,12,fractions,78.0,15,M,Federico,Sevin
936,12,fractions,75.0,14,M,Gardener,Hussy
937,10,fractions,73.0,15,M,Joshua,Rosenhaus
938,12,fractions,79.0,16,F,Koressa,O'Cannavan
939,9,fractions,63.0,14,M,Boonie,Marfield
940,11,fractions,79.0,15,M,Tony,Danahar
941,12,fractions,78.0,15,F,Tommi,Cardenoza
942,12,fractions,83.0,17,F,Vere,Firebrace
943,9,fractions,88.0,14,F,Evania,Espinha
944,12,fractions,97.0,15,F,Danette,Pancoust
945,11,fractions,56.0,17,M,Scarface,Pevie
946,9,fractions,72.0,14,F,Bobine,Tordiffe
947,9,fractions,0.0,16,F,Elberta,Newsham
948,12,fractions,76.0,14,F,Mercy,Kinnoch
949,10,fractions,68.0,15,M,Kylie,Oldnall
950,12,fractions,54.0,15,M,Jamaal,Braidford
951,9,fractions,76.0,16,M,Gaile,McKnish
952,11,fractions,89.0,17,F,Caralie,Few
953,10,fractions,0.0,14,F,Hedvig,MacKnight
954,11,fractions,74.0,14,F,Harrietta,Audus
955,11,fractions,79.0,18,F,Therine,Bartkiewicz
956,10,fractions,67.0,15,F,Sophi,Balchin
957,11,fractions,90.0,16,M,Westbrooke,Boch
958,10,fractions,78.0,17,M,Averill,Hobbema
959,9,fractions,76.0,18,F,Cherilynn,Hawkslee
960,12,fractions,65.0,15,M,Jaimie,Abbie
961,10,fractions,60.0,14,M,Boote,Skuce
962,11,fractions,70.0,18,M,Ansell,Blais
963,11,fractions,66.0,18,M,Carlos,Playfair
964,10,fractions,65.0,14,F,Karlene,Plaskett
965,10,fractions,61.0,17,M,Benedict,Fotherby
966,12,fractions,69.0,18,M,Keven,Proffitt
967,9,fractions,68.0,16,F,Murielle,Hardwicke
968,9,fractions,71.0,15,F,Jacqueline,McCrie
969,12,fractions,83.0,16,F,Ailey,Calloway
970,12,fractions,78.0,15,M,Kyle,Capelow
971,12,fractions,64.0,14,M,Antin,Pandey
972,12,fractions,81.0,18,F,Rochette,McCoish
973,10,fractions,94.0,18,M,Thorpe,Danniell
974,10,fractions,76.0,14,F,Malynda,Jovicevic
975,10,fractions,86.0,15,M,Wade,Bowman
976,12,fractions,69.0,15,M,Myer,Levesley
977,9,fractions,67.0,14,M,Dunstan,Starking
978,12,fractions,70.0,15,F,Joey,Staddon
979,11,fractions,79.0,18,M,Giffard,Seid
980,9,fractions,74.0,17,F,Kit,Ventura
981,10,fractions,67.0,14,M,Ellwood,Schrir
982,9,fractions,69.0,18,F,Aubrette,MacTerlagh
983,11,fractions,70.0,14,F,Cassaundra,Goodbur
984,11,fractions,80.0,15,M,Fletcher,Rallinshaw
985,10,fractions,81.0,15,M,De,witt
986,12,fractions,69.0,16,F,Elfreda,Wolvey
987,12,fractions,67.0,14,F,Heidie,Rodger
988,12,fractions,94.0,18,M,Hillard,Santos
989,10,fractions,74.0,14,F,Roxanna,Hartland
990,11,fractions,73.0,16,F,Dorella,Purves
991,10,fractions,77.0,15,M,Ned,Mullan
992,9,fractions,74.0,17,F,Bertha,Flancinbaum
993,12,fractions,66.0,16,M,Ewen,Salasar
994,11,fractions,59.0,14,F,Nerti,Bish
995,9,fractions,72.0,14,F,Wilie,Stillert
996,11,fractions,0.0,15,F,Gertie,Flicker
997,12,fractions,81.0,14,F,Yettie,Labes
998,10,fractions,0.0,18,M,Lock,McGuinley
999,12,fractions,66.0,15,F,Bebe,Lebbern
1000,11,probability,89.0,14,M,Moses,Kirckman
1001,11,probability,76.0,18,M,Timofei,Strowan
1002,9,probability,77.0,18,M,Silvain,Poll
1003,11,probability,72.0,18,M,Lezley,Pinxton
1004,11,probability,84.0,17,F,Bernadene,Saunper
1005,11,probability,83.0,16,M,Eldin,Spitell
1006,9,probability,84.0,17,F,Christi,Lesser
1007,11,probability,77.0,17,M,Papageno,Rummin
1008,12,probability,75.0,18,F,Nissa,Wrotchford
1009,11,probability,0.0,14,M,Vincent,Blumer
1010,11,probability,86.0,14,F,Roanne,Blomfield
1012,12,probability,83.0,16,F,Lyda,Gandrich
1013,10,probability,82.0,18,F,Wanda,Ivens
1014,9,probability,85.0,14,M,Jarvis,Cluelow
1015,12,probability,79.0,18,M,Fabian,Pratty
1016,9,probability,76.0,18,M,Kippy,Grewer
1018,10,probability,77.0,14,F,Hedvig,Switsur
1019,11,probability,79.0,18,F,Alene,Paylie
1020,9,probability,91.0,15,F,Gwendolen,Attwoul
1021,10,probability,83.0,17,M,Kevin,Purkiss
1022,12,probability,87.0,16,M,Micky,Beechcraft
1023,12,probability,88.0,15,F,Tybie,Barrable
1024,10,probability,85.0,15,F,Judie,Isakson
1025,12,probability,85.0,16,M,Harbert,Traice
1026,12,probability,98.0,15,F,Erma,Cowx
1027,10,probability,98.0,15,M,My,Iskow
1028,10,probability,76.0,18,F,Mariann,Sinott
1029,10,probability,76.0,14,M,Rad,Hitcham
1030,11,probability,0.0,17,F,Rosalind,Butterwick
1031,9,probability,79.0,16,F,Sherill,Picton
1032,10,probability,80.0,16,M,Hadrian,Yurshev
1033,12,probability,83.0,16,F,Andrea,Cartmel
1034,10,probability,78.0,15,M,Kristoforo,Wilcockes
1035,12,probability,80.0,14,F,Dyanne,Raubenheim
1036,9,probability,72.0,14,F,Melly,Hancill
1037,12,probability,81.0,16,M,Boyd,Richt
1038,12,probability,70.0,16,F,Anthea,Coleridge
1039,11,probability,90.0,14,M,Cad,Shimoni
1040,12,probability,92.0,14,M,Jedidiah,Berrick
1041,11,probability,81.0,17,M,Delaney,Gartrell
1042,11,probability,84.0,17,F,Valentine,Mattersley
1043,10,probability,89.0,15,F,Esta,Woodger
1044,10,probability,82.0,14,M,Marsh,Wyke
1045,12,probability,79.0,17,F,Hilliary,Haycraft
1046,10,probability,70.0,16,F,Clo,Galland
1047,11,probability,80.0,16,F,Reine,Callingham
1048,11,probability,82.0,16,M,Carlie,McQueen
1049,9,probability,81.0,17,M,Forrest,Emery
1050,10,probability,81.0,18,M,Kerry,Lilion
1051,12,probability,79.0,16,F,Penelopa,Meace
1052,10,probability,82.0,15,F,Raine,Raddenbury
1053,11,probability,73.0,17,F,Nerita,Haslum
1054,12,probability,82.0,14,M,Trevor,Andreopolos
1055,12,probability,76.0,17,M,Sargent,Farlambe
1056,12,probability,73.0,16,M,Rolland,Whotton
1057,12,probability,80.0,18,F,Vanny,Lingard
1058,12,probability,77.0,18,M,Talbot,Godney
1059,10,probability,85.0,17,M,D'arcy,Farnfield
1060,12,probability,83.0,15,M,Matthaeus,Skipworth
1061,12,probability,76.0,17,M,Roi,Lethley
1062,10,probability,83.0,15,F,Beverie,Slemmonds
1063,12,probability,87.0,17,F,Jessalyn,Mateu
1064,11,probability,78.0,16,M,Sylvan,Fonzo
1065,10,probability,79.0,15,M,Daron,Gitsham
1066,11,probability,79.0,14,M,Dov,Spriggin
1067,12,probability,70.0,17,F,Janene,Perry
1068,12,probability,81.0,18,F,Tamara,Livzey
1069,9,probability,83.0,14,M,Rutger,Mumbey
1070,12,probability,73.0,16,M,Malcolm,Klimkov
1071,10,probability,89.0,18,M,Sheppard,Waszkiewicz
1072,11,probability,71.0,15,F,Madeleine,Maier
1073,10,probability,74.0,17,F,Henrieta,Brimilcombe
1074,9,probability,80.0,15,M,Bartel,Archer
1075,9,probability,71.0,16,F,Lynde,Hawtry
1076,12,probability,84.0,14,M,Laurie,Manuel
1077,12,probability,80.0,14,M,Chen,Morin
1078,12,probability,80.0,16,M,Christopher,Lathbury
1079,12,probability,88.0,14,M,Randie,Gilyott
1080,11,probability,74.0,16,F,Robyn,Blindermann
1081,10,probability,94.0,17,M,Neron,Klasen
1082,9,probability,75.0,14,F,Ilyssa,Lindenman
1083,12,probability,0.0,14,F,Waneta,Finnigan
1084,9,probability,85.0,16,M,Benyamin,Lappine
1085,10,probability,0.0,15,M,Hasheem,Carnihan
1086,11,probability,80.0,17,F,Sindee,Whyke
1087,11,probability,81.0,17,M,Herbie,Wheeler
1088,9,probability,87.0,15,M,Cosmo,Swetmore
1089,11,probability,70.0,18,M,Guilbert,Cheng
1090,11,probability,83.0,14,F,Sybyl,Kneeland
1091,12,probability,86.0,14,F,Berte,Disdel
1092,10,probability,78.0,17,M,Jakie,Cremer
1093,11,probability,73.0,16,M,Owen,Shaefer
1094,10,probability,79.0,17,M,Zollie,Manshaw
1095,12,probability,81.0,15,F,Bria,Seiller
1096,12,probability,81.0,14,F,Lilyan,Cicutto
1097,11,probability,76.0,16,M,Grantham,Maykin
1098,12,probability,84.0,14,F,Doralyn,Bartels
1099,9,probability,87.0,18,F,Mariam,Hallyburton
1100,10,probability,70.0,16,F,Morissa,Skade
1101,9,probability,73.0,14,M,Jasper,Comfort
1102,10,probability,77.0,18,F,Siana,Pallas
1103,9,probability,83.0,16,M,Aldous,Peele
1104,12,probability,0.0,14,M,Ethelred,Easun
1105,10,probability,85.0,14,F,Goldarina,Championnet
1106,11,probability,89.0,14,M,Gardie,Sleeny
1107,11,probability,74.0,14,F,Ardyth,Weaben
1108,9,probability,86.0,16,F,Tomi,Curuclis
1109,11,probability,83.0,18,F,Rickie,Toffler
1110,9,probability,81.0,16,M,Grover,Knightly
1111,11,probability,76.0,17,M,Lowe,Allatt
1112,10,probability,90.0,16,F,Aveline,Sammes
1113,10,probability,77.0,14,M,Farlie,Pawellek
1114,11,probability,87.0,15,M,Luca,Scutching
1115,11,probability,91.0,16,F,Ardys,Frid
1116,10,probability,85.0,17,M,Johnny,Iveson
1117,9,probability,74.0,17,F,Mathilda,De
1118,9,probability,78.0,14,F,Delia,Lightbourne
1119,9,probability,83.0,14,F,Traci,de
1120,9,probability,80.0,17,M,Hugh,Andreou
1121,10,probability,68.0,16,M,William,Eronie
1122,12,probability,68.0,17,M,Drake,Freen
1123,9,probability,87.0,18,F,Teena,Waulker
1124,10,probability,71.0,16,M,Jaye,MacNucator
1125,10,probability,70.0,15,M,Averill,Moth
1126,11,probability,82.0,18,F,Chanda,Longmead
1127,10,probability,79.0,14,M,Arne,Gartland
1128,9,probability,82.0,15,F,Deena,Cayle
1129,9,probability,78.0,15,M,Thorpe,Lindmark
1130,9,probability,81.0,16,M,Gunner,Walentynowicz
1131,12,probability,81.0,16,M,Baird,Loughnan
1132,12,probability,71.0,17,M,Diego,Larwell
1133,9,probability,87.0,14,M,Harmon,Seydlitz
1134,10,probability,86.0,17,F,Kevyn,Lomax
1135,11,probability,90.0,14,M,Chico,Ovenell
1136,10,probability,80.0,18,F,Romola,Kettles
1137,9,probability,79.0,18,F,Betty,Hubbuck
1138,12,probability,75.0,14,F,Harri,Hendrichs
1139,11,probability,79.0,17,F,Gusti,Jermey
1140,9,probability,0.0,17,M,Winslow,Corona
1141,11,probability,0.0,15,F,Terese,Ricketts
1142,11,probability,80.0,15,M,Nataniel,Bohl
1143,9,probability,86.0,18,F,Bethany,Hesbrook
1144,12,probability,85.0,15,F,Fernande,Dockrey
1145,9,probability,85.0,14,M,Giordano,Southon
1146,12,probability,75.0,17,F,Jerrine,De
1147,11,probability,86.0,14,M,Andreas,Morsley
1148,10,probability,0.0,18,M,Ber,Ormond
1149,10,probability,73.0,17,M,Gian,Smallpeace
1150,12,probability,84.0,16,F,Drona,Maccaddie
1151,12,probability,79.0,15,F,Sella,Swatton
1152,12,probability,80.0,15,M,Ches,Alfuso
1153,12,probability,0.0,15,M,Rand,Avison
1154,11,probability,90.0,15,M,Nichols,Auld
1155,10,probability,90.0,16,M,Dion,Dudson
1156,12,probability,77.0,18,F,Dedra,Tune
1157,10,probability,82.0,15,M,Lowe,Scamal
1158,12,probability,90.0,15,M,Phineas,Concannon
1159,9,probability,81.0,16,F,Nertie,Keast
1160,12,probability,0.0,17,F,Arluene,Danson
1161,12,probability,87.0,15,F,Kelcey,Cervantes
1162,9,probability,69.0,15,F,Tana,Jeal
1163,9,probability,70.0,18,M,Eric,Faber
1164,11,probability,85.0,14,M,Eddie,Lambot
1165,12,probability,84.0,18,F,Pierrette,Albro
1166,10,probability,88.0,15,F,Karyl,Brosoli
1167,11,probability,82.0,18,F,Alexina,Durham
1168,9,probability,83.0,16,F,Florie,Pleat
1169,11,probability,79.0,18,M,Keefer,Humbert
1170,12,probability,88.0,15,F,Meryl,Exposito
1171,12,probability,80.0,16,M,Bing,Son
1172,11,probability,0.0,15,M,Kingsley,Evill
1173,12,probability,74.0,17,F,Scarlett,Bancroft
1174,12,probability,77.0,16,M,Franciskus,Ramsell
1175,10,probability,81.0,14,M,Whit,Garrattley
1176,9,probability,85.0,18,F,Viv,Room
1177,11,probability,91.0,16,M,Demott,Boath
1178,9,probability,82.0,16,F,Marrilee,Caldecott
1179,10,probability,90.0,14,F,Kat,McCanny
1180,10,probability,0.0,18,M,Melvyn,Duncanson
1181,12,probability,75.0,16,F,Ariadne,Turville
1182,11,probability,88.0,17,F,Ilka,Spillman
1183,12,probability,75.0,18,F,Rosina,Dack
1184,9,probability,86.0,16,F,Darryl,Southern
1185,11,probability,84.0,17,F,Bird,Rodrig
1186,12,probability,81.0,18,M,Gian,McGauhy
1187,11,probability,82.0,16,F,Lilia,Craydon
1188,11,probability,77.0,14,F,Gabbi,Dinsell
1189,12,probability,61.0,15,M,Ludovico,Roskeilly
1190,11,probability,67.0,16,M,Riley,Vedeneev
1191,9,probability,72.0,14,M,Levi,Lifton
1192,11,probability,84.0,16,M,Fons,Lauritzen
1193,10,probability,77.0,18,F,Ivory,Deetch
1194,10,probability,87.0,17,F,Roslyn,Kimmel
1195,11,probability,0.0,16,F,Eva,Briant
1196,12,probability,80.0,15,F,Velvet,Reedie
1197,10,probability,81.0,16,M,Garv,Leathlay
1198,9,probability,0.0,14,F,Margit,Read
1199,9,probability,85.0,18,M,Yurik,Farrell
1200,10,probability,83.0,14,F,Gigi,Erley
1201,10,probability,83.0,14,F,Madelaine,Drees
1202,9,probability,88.0,16,M,Nevins,O'Sesnane
1203,11,probability,74.0,14,F,Sonnie,Yukhnev
1204,11,probability,81.0,15,M,Boigie,Kaindl
1205,9,probability,82.0,18,M,Richmound,Death
1206,11,probability,79.0,17,F,Erma,Gallo
1207,9,probability,79.0,18,M,Lennard,Dooney
1208,10,probability,83.0,18,F,Katlin,Henrie
1209,9,probability,89.0,15,F,Loise,Lackey
1212,10,probability,70.0,17,M,Franzen,Buey
1213,10,probability,85.0,14,F,Malissia,Kyd
1214,9,probability,73.0,16,F,Garland,Knok
1215,10,probability,80.0,16,F,Ardelis,Guilloux
1216,11,probability,76.0,16,M,Talbert,Tommasuzzi
1217,12,probability,91.0,17,F,Minetta,Cohen
1218,11,probability,75.0,18,F,Lorita,Carayol
1219,10,probability,78.0,15,F,Cindelyn,Grishin
1220,10,probability,77.0,16,F,Sheri,Ratcliff
1221,12,probability,87.0,14,F,Magdalene,Lilleman
1222,10,probability,90.0,16,F,Ibby,Catlin
1223,10,probability,81.0,17,M,Garik,Gerram
1224,12,probability,83.0,16,F,Starlin,Danahar
1225,10,probability,70.0,14,M,Chuck,Loffhead
1226,12,probability,79.0,17,F,Friederike,Stainton
1227,11,probability,75.0,14,M,Devin,Sperwell
1228,9,probability,75.0,15,F,Kasey,Rowberry
1229,10,probability,76.0,17,M,Manolo,Tillerton
1230,11,probability,85.0,15,M,Vassili,Elflain
1231,12,probability,83.0,18,M,Bjorn,McLaverty
1232,12,probability,79.0,18,M,Shannan,Lievesley
1233,11,probability,88.0,16,F,Pamela,Powdrill
1234,12,probability,0.0,17,F,Kaila,Cantrell
1235,9,probability,84.0,15,M,Eldredge,Fawthorpe
1236,11,probability,79.0,16,F,Joyous,Langforth
1237,12,probability,85.0,18,M,Ange,Siveter
1238,12,probability,93.0,18,M,Henri,Nizard
1239,9,probability,79.0,15,F,Hatti,Olczak
1240,10,probability,79.0,17,F,Abbe,Tallowin
1241,11,probability,80.0,17,M,Arvy,Picott
1242,9,probability,0.0,15,F,Noni,Scalia
1243,9,probability,84.0,17,F,Flossie,Coulthard
1244,12,probability,79.0,14,M,Falkner,Dragonette
1245,11,probability,83.0,14,M,Andy,Foley
1246,11,probability,86.0,15,M,Lewiss,Tomlins
1247,12,probability,0.0,16,F,Shoshana,Littrell
1248,11,probability,86.0,15,F,Sheelah,Coleiro
1249,11,probability,88.0,16,F,Bobbette,Firebrace
1250,11,probability,0.0,15,M,Hastie,Dies
1251,12,probability,87.0,17,F,Lee,Stolberger
1252,10,probability,81.0,18,F,Eddy,Wreak
1253,10,probability,83.0,18,M,Tris,Leel
1254,10,probability,72.0,16,F,Kyla,Morsom
1255,10,probability,0.0,17,M,Byram,Nawton
1256,9,probability,77.0,15,M,Lawrence,Olander
1257,12,probability,0.0,15,F,Sib,Clotworthy
1258,12,probability,80.0,16,F,Yevette,Duncanson
1259,11,probability,81.0,15,M,Clyde,Shrubb
1260,9,probability,80.0,16,M,Putnem,Vedenichev
1261,11,probability,83.0,14,M,Meade,Scutter
1262,10,probability,77.0,14,F,Timmie,O'Siaghail
1263,12,probability,86.0,18,F,Christiana,Mechan
1264,11,probability,82.0,17,M,Teodoro,Verne
1265,11,probability,75.0,14,M,Townie,Attenbarrow
1266,12,probability,80.0,14,F,Jacynth,Tranmer
1267,11,probability,82.0,17,M,Ugo,Staniland
1268,9,probability,88.0,17,F,Tyne,Tilson
1269,9,probability,84.0,17,F,Zorah,Mazzei
1270,11,probability,84.0,17,F,Elyssa,Pourvoieur
1271,9,probability,83.0,14,M,Vassily,Andino
1272,9,probability,85.0,18,M,Hugibert,Copplestone
1273,12,probability,81.0,18,F,Annelise,O'Currane
1274,10,probability,81.0,16,M,Connie,de
1275,10,probability,72.0,18,F,Lishe,Beresfore
1276,11,probability,74.0,14,F,Lina,Dufall
1277,9,probability,83.0,16,M,Jere,Hawton
1278,11,probability,87.0,18,M,Westleigh,Gower
1279,12,probability,78.0,17,F,Legra,Alstead
1280,12,probability,80.0,16,F,Rosemonde,Heinrici
1281,9,probability,82.0,17,M,Stanly,Nolli
1282,10,probability,84.0,16,F,Misti,Ayre
1283,9,probability,82.0,18,F,Idaline,Uridge
1284,12,probability,90.0,17,M,Lock,Krystek
1285,9,probability,90.0,17,M,Rollo,Butterwick
1286,10,probability,88.0,15,F,Erminie,Abad
1287,12,probability,81.0,15,M,Obadiah,Gunbie
1288,11,probability,83.0,16,M,Prentice,Wanstall
1289,12,probability,82.0,18,F,Stephannie,Lill
1290,12,probability,86.0,18,M,Morris,Brannan
1291,11,probability,76.0,16,F,Annabell,Stoddard
1292,11,probability,84.0,16,F,Anna-diana,Marlon
1293,9,probability,86.0,14,M,Schuyler,Dairton
1294,10,probability,81.0,16,M,Wash,Copestick
1295,9,probability,0.0,15,M,Arel,Sissot
1296,10,probability,81.0,16,F,Ardath,Castleton
1297,11,probability,78.0,18,M,Gregor,Shingfield
1298,11,probability,83.0,17,F,Anette,Snawden
1299,9,probability,86.0,14,M,Thurston,Braiden
1300,12,probability,79.0,15,F,Luci,Carwithim
1301,10,probability,83.0,18,M,Terrel,Vosse
1302,10,probability,81.0,18,M,Cecil,Celli
1303,10,probability,84.0,15,F,Tiffany,Brocklehurst
1304,9,probability,0.0,18,M,Lionello,Claricoates
1305,12,probability,77.0,15,M,Garv,Leal
1306,11,probability,83.0,16,F,Francisca,Jantet
1307,10,probability,75.0,15,F,Kimberli,Corp
1309,10,probability,88.0,15,F,Trude,Keates
1310,10,probability,90.0,16,F,Melinda,Crayker
1311,12,probability,88.0,15,F,Reta,Band
1312,11,probability,74.0,15,M,Tonnie,Boynes
1313,12,probability,85.0,18,M,Arlen,Pinnick
1314,9,probability,82.0,15,F,Caroljean,Liffe
1315,9,probability,86.0,17,M,Otis,Hutten
1316,10,probability,81.0,16,M,Quincy,Woodroffe
1318,11,probability,78.0,14,M,Colman,Wellan
1319,12,probability,83.0,17,M,Morris,Lyman
1320,11,probability,75.0,15,F,Gwendolin,Anyene
1321,11,probability,89.0,17,F,Deerdre,Foukx
1322,11,probability,83.0,15,F,Aubrette,Cottey
1323,11,probability,75.0,18,M,Ingrim,Schwand
1324,12,probability,0.0,17,F,Rubie,Lissandri
1325,11,probability,90.0,16,M,Jimmy,Fedynski
1326,9,probability,77.0,14,M,Alanson,Grieger
1327,9,probability,73.0,18,F,Mellicent,Fullagar
1328,11,probability,79.0,16,F,Lula,Karlqvist
1329,9,probability,76.0,18,F,Marna,Vanelli
1330,12,probability,80.0,14,F,Cordie,Jelleman
1331,9,probability,72.0,16,F,Raynell,Ryson
1332,10,probability,77.0,17,M,Reade,McCorley
1333,12,probability,80.0,17,M,Thedric,Dwyer
1334,10,probability,73.0,16,F,Addi,Duffie
1335,9,probability,75.0,18,M,Kleon,Lewsley
1336,11,probability,79.0,16,F,Nesta,Syratt
1337,12,probability,86.0,16,F,Bennie,Dytham
1338,9,probability,80.0,16,M,Ancell,Kimmings
1339,10,probability,75.0,18,M,Kit,Wiggam
1340,12,probability,87.0,14,M,Francklin,Bramhill
1341,10,probability,77.0,18,M,Mitch,Doncom
1342,12,probability,75.0,14,F,Inga,Cawthorn
1343,11,probability,77.0,18,F,Catherin,Dresse
1344,10,probability,82.0,17,M,Hewie,Gilgryst
1345,9,probability,72.0,15,F,Janifer,Bartrum
1346,12,probability,84.0,17,M,Sergio,Grinaway
1347,11,probability,85.0,15,F,Berrie,Gamlyn
1348,10,probability,84.0,14,M,Lin,Ziehms
1349,12,probability,0.0,18,F,Eimile,Canniffe
1350,9,probability,76.0,18,M,Falito,Jayume
1351,11,probability,89.0,17,M,Phil,Simony
1352,11,probability,76.0,15,M,Woodman,Bloore
1353,10,probability,78.0,14,F,Taryn,Lambart
1354,12,probability,0.0,16,F,Odelia,Dowzell
1355,12,probability,91.0,18,M,Tore,Cracknell
1356,11,probability,72.0,17,M,Jacky,Joel
1357,10,probability,76.0,15,M,Christiano,Peto
1358,12,probability,87.0,16,M,Georas,Basezzi
1359,10,probability,86.0,15,M,Zacharia,Leroy
1360,12,probability,77.0,15,F,Gaby,Gwynn
1361,12,probability,84.0,17,F,Georgianne,Leavy
1362,12,probability,73.0,15,M,Wain,Licciardo
1363,9,probability,88.0,17,M,Neall,McElhinney
1364,10,probability,72.0,18,F,Adelaide,Maybery
1365,10,probability,91.0,14,F,Corene,Murrison
1366,10,probability,86.0,16,M,Willem,Hollingdale
1367,12,probability,85.0,18,F,Fanya,Beine
1368,11,probability,80.0,18,F,Marin,Pindell
1369,12,probability,80.0,17,M,Herbie,de
1370,12,probability,74.0,16,M,Ode,Shaw
1371,10,probability,78.0,18,F,Melba,Conkie
1372,12,probability,73.0,14,M,Ignaz,Malt
1373,11,probability,85.0,18,M,Hamid,Amiable
1374,10,probability,0.0,16,M,Gifford,Bernli
1375,11,probability,86.0,18,M,Sigismundo,Theml
1376,12,probability,84.0,16,F,Anica,Besnard
1377,9,probability,74.0,15,F,Valeria,Reynalds
1378,9,probability,90.0,15,F,Neille,Dell
1379,9,probability,85.0,16,M,Pacorro,Dingsdale
1380,10,probability,79.0,14,F,Erica,Coushe
1381,12,probability,80.0,16,M,Mikkel,Mallaby
1382,11,probability,81.0,14,F,Legra,Tye
1383,10,probability,0.0,15,M,Linn,Huster
1384,9,probability,83.0,18,M,Randal,Pennacci
1385,11,probability,76.0,15,F,Noami,McKay
1386,10,probability,73.0,17,F,Mireielle,Crebbin
1387,10,probability,87.0,17,M,Panchito,Mussett
1388,12,probability,90.0,18,M,Kelvin,McReynolds
1389,12,probability,85.0,16,F,Keeley,Walsham
1390,11,probability,86.0,17,F,Audrie,Rein
1391,9,probability,81.0,17,M,Etienne,Keoghan
1392,10,probability,69.0,14,M,Claiborn,Rylett
1393,10,probability,86.0,14,F,Tanitansy,Liddon
1394,11,probability,91.0,16,M,Lennie,Ashbey
1395,10,probability,81.0,15,F,Denyse,Dodgshun
1396,10,probability,0.0,17,M,Alphard,Ackland
1397,12,probability,83.0,14,M,Bernie,Bettridge
1398,9,probability,81.0,16,M,Rodd,Ahearne
1399,10,probability,87.0,17,M,Adolphe,Neljes
1400,9,probability,72.0,14,M,Barrett,Feragh
1401,12,probability,0.0,14,M,Llewellyn,Keech
1403,11,probability,86.0,15,M,Terrell,Geri
1404,10,probability,78.0,14,M,Gram,Hallewell
1405,9,probability,85.0,18,F,Stephana,Boots
1406,11,probability,75.0,14,F,Adrianne,Bamfield
1407,10,probability,74.0,18,F,Glynnis,Eglise
1408,9,probability,84.0,15,F,Ronnica,Cough
1409,12,probability,91.0,18,M,Kenyon,Brisland
1410,10,probability,69.0,18,M,Sherman,Holdforth
1411,10,probability,69.0,14,M,Zeke,Marson
1412,12,probability,84.0,17,F,Alexis,Selbie
1413,10,probability,76.0,14,M,Harcourt,Bratton
1414,9,probability,88.0,16,M,Cully,Sandbatch
1415,10,probability,77.0,14,M,Stephan,Dufore
1416,10,probability,81.0,15,M,Allayne,Lettley
1417,12,probability,90.0,16,F,Jamima,Loweth
1418,12,probability,80.0,18,M,Basil,Choulerton
1419,9,probability,83.0,17,M,Carmine,Dewitt
1421,11,probability,85.0,15,F,L;urette,Preskett
1422,11,probability,88.0,18,M,Thorvald,Slograve
1423,10,probability,0.0,16,F,Averil,Petheridge
1424,11,probability,67.0,15,M,Reece,Haslam
1425,9,probability,75.0,18,M,Rudolfo,Welsby
1426,12,probability,77.0,15,F,Page,Vooght
1427,9,probability,79.0,18,F,Charo,Feragh
1428,9,probability,86.0,18,M,Carmine,Henriet
1429,10,probability,82.0,16,M,Ado,Hawlgarth
1430,9,probability,87.0,15,F,Catlee,Ilem
1431,9,probability,83.0,16,F,Ursulina,Robrow
1432,10,probability,86.0,15,M,Garald,Cawker
1433,10,probability,75.0,16,M,Maxwell,Dilliway
1434,11,probability,82.0,15,M,Taite,Kochel
1435,9,probability,85.0,16,M,Porty,Golding
1436,9,probability,68.0,15,M,Mortie,Bulmer
1437,11,probability,82.0,14,F,Nadine,Batteson
1438,11,probability,82.0,15,F,Deloria,Kerin
1439,11,probability,92.0,18,M,Fremont,MacInerney
1440,12,probability,82.0,16,M,Lou,Nelissen
1441,12,probability,77.0,17,F,Elicia,O'Meara
1442,10,probability,78.0,18,M,Grantley,Ruffey
1443,10,probability,77.0,18,F,Lea,Morigan
1444,9,probability,80.0,18,F,Arleen,Loveless
1445,10,probability,91.0,18,F,Neille,Wontner
1446,9,probability,81.0,14,M,Augustus,Caird
1447,11,probability,82.0,15,M,Westbrook,Celloni
1448,9,probability,77.0,15,M,Granny,Duligall
1449,9,probability,0.0,18,M,Oran,Reide
1450,11,probability,86.0,17,F,Arleen,MacAiline
1451,10,probability,81.0,14,F,Caron,Abthorpe
1452,9,probability,81.0,14,M,Uri,Birchenough
1453,12,probability,0.0,17,M,Adelbert,Pigot
1454,12,probability,78.0,14,M,Vale,Glanders
1455,9,probability,0.0,16,M,Duane,Gewer
1456,9,probability,84.0,16,M,Carroll,Cocksedge
1457,9,probability,78.0,15,F,Mureil,Doy
1458,9,probability,87.0,17,F,Emelita,Keggin
1459,11,probability,79.0,18,F,Murielle,Gartshore
1460,11,probability,87.0,17,F,Kellen,Litzmann
1461,10,probability,83.0,17,M,Bentlee,Mangeney
1462,11,probability,88.0,14,M,Sid,Vogl
1463,9,probability,81.0,17,F,Dorella,Alden
1464,9,probability,0.0,18,F,Claudia,Bever
1465,11,probability,85.0,18,F,Phyllys,Arnaudon
1466,11,probability,83.0,17,F,Kevina,Margrie
1467,11,probability,85.0,15,F,Jolyn,Noore
1468,12,probability,77.0,14,M,Felizio,Brittoner
1469,12,probability,84.0,14,F,Christean,Rollitt
1470,11,probability,89.0,15,M,Sergeant,Witherow
1471,10,probability,81.0,15,F,Sharleen,Broadey
1472,10,probability,83.0,16,F,Deeann,Duckworth
1473,12,probability,74.0,15,F,Gerry,Rangall
1474,12,probability,82.0,14,F,Nissy,Ogglebie
1475,10,probability,86.0,18,M,Colver,de
1476,11,probability,75.0,14,F,Pammi,Swaby
1477,9,probability,74.0,17,M,Niels,Lean
1478,12,probability,0.0,17,F,Ali,Ling
1479,12,probability,0.0,15,M,Ode,Evamy
1480,12,probability,95.0,17,F,Claudetta,Tyne
1481,12,probability,79.0,14,F,Jennilee,Megroff
1482,9,probability,87.0,15,M,Sauveur,Grouen
1483,12,probability,76.0,14,M,Price,Pallister
1484,12,probability,76.0,15,F,Corabelle,Zaniolo
1485,12,probability,84.0,18,M,Ker,Tween
1486,11,probability,74.0,15,M,Norton,Coleford
1487,12,probability,89.0,16,F,Bonny,Bartoszewicz
1488,9,probability,84.0,18,F,Winonah,Le-Good
1489,12,probability,88.0,14,M,Lodovico,Backhurst
1490,9,probability,77.0,17,M,Bart,Parres
1491,11,probability,76.0,15,F,Jami,Milam
1492,11,probability,86.0,16,F,Merlina,Aleshintsev
1493,11,probability,89.0,14,F,Elysia,Rime
1494,11,probability,84.0,18,M,Lovell,Coolican
1495,12,probability,82.0,14,F,Halley,Clunie
1496,12,probability,81.0,17,F,Gale,Mullender
1497,11,probability,78.0,17,M,Ryun,Denne
1498,10,probability,78.0,14,M,Cazzie,Potapczuk
1499,10,probability,77.0,18,F,Verina,Pasque
1500,9,probability,65.0,15,F,Roseanna,Gwinnell
1501,12,probability,84.0,14,F,Ellissa,Childrens
1502,12,probability,92.0,18,F,Reeta,Bramich
1503,11,probability,81.0,15,F,Izabel,Rymer
1504,11,probability,86.0,18,F,Rosalie,Donne
1505,9,probability,83.0,17,F,Dulsea,Burgot
1507,10,probability,77.0,16,M,Olin,Youthead
1508,11,probability,86.0,14,F,Alexine,Faulconbridge
1509,12,probability,85.0,16,F,Daile,Stobbs
1510,11,probability,86.0,18,M,Frans,Olcot
1511,12,probability,70.0,17,M,Abbe,Addinall
1512,12,probability,86.0,15,F,Anne-corinne,Levens
1513,10,probability,85.0,18,F,Randy,Stuckford
1514,10,probability,84.0,15,F,Diahann,Pleven
1515,12,probability,79.0,14,F,Cele,Pavelka
1516,9,probability,84.0,15,F,Roze,Tregale
1517,12,probability,89.0,16,M,Adams,Davidsson
1518,10,probability,79.0,18,F,Nonnah,Karpfen
1519,11,probability,81.0,16,F,Erena,Stratton
1520,10,probability,78.0,18,F,Chloe,Payn
1521,12,probability,83.0,15,F,Marie-ann,Fishly
1522,10,probability,88.0,17,F,Willetta,McTurk
1523,11,probability,88.0,15,M,Othello,Karlsson
1524,9,probability,83.0,17,F,Ashly,Smeaton
1525,12,probability,77.0,17,F,Eyde,Kempshall
1526,10,probability,90.0,17,M,Salmon,Outridge
1527,10,probability,76.0,16,M,Meade,Moncarr
1528,9,probability,87.0,18,M,Cletis,Petricek
1529,9,probability,75.0,15,F,Marlene,Clue
1530,11,probability,79.0,14,M,Reidar,Dyneley
1531,12,probability,79.0,15,M,Cam,Stubbeley
1532,9,probability,78.0,15,M,Walt,Hebbs
1533,9,probability,82.0,16,F,Georgia,Ferraresi
1534,11,probability,74.0,17,M,Maurice,Lott
1535,11,probability,78.0,15,M,Ambrosi,Durnian
1536,12,probability,0.0,15,F,Laurie,Glandfield
1537,12,probability,89.0,15,M,Ira,Yurocjhin
1538,11,probability,78.0,15,M,Carey,Larvent
1539,11,probability,85.0,14,F,Maridel,Ghelardoni
1540,12,probability,83.0,15,F,Aurilia,Matejka
1541,11,probability,84.0,17,M,Ingar,Chaplain
1542,10,probability,77.0,17,F,Berthe,Annett
1543,10,probability,86.0,18,F,Auberta,Ciottoi
1544,11,probability,77.0,16,M,Bogart,Clemow
1545,10,probability,71.0,14,M,Paige,Bengtson
1546,12,probability,86.0,18,M,Smitty,Pettwood
1547,12,probability,83.0,14,F,Teirtza,Lewis
1548,11,probability,65.0,15,M,Boote,Gadie
1549,10,probability,72.0,18,F,Agnesse,Eronie
1550,12,probability,94.0,14,M,Karoly,Varker
1551,12,probability,77.0,17,M,Franklyn,Bevan
1552,10,probability,96.0,18,F,Angil,Lympany
1553,12,probability,78.0,18,F,Trixie,Mattussevich
1554,10,probability,87.0,15,F,Kathie,O'Lenane
1555,9,probability,70.0,16,F,Philippine,Fosdike
1556,10,probability,80.0,17,M,Kelley,Cherry
1557,11,probability,68.0,17,M,Gery,Meegin
1558,12,probability,74.0,18,M,Culver,Chapelhow
1559,9,probability,77.0,16,F,Goldi,Kitchingham
1560,10,probability,89.0,17,M,Shelby,Shearsby
1561,10,probability,95.0,14,F,Ainsley,Longhirst
1562,9,probability,86.0,18,F,Miriam,Kapelhoff
1563,12,probability,80.0,16,F,Wendeline,Haney
1564,10,probability,0.0,18,F,Calli,Buckley
1565,12,probability,77.0,16,M,Trumaine,Cornwall
1566,11,probability,77.0,14,M,Che,Tomkinson
1567,11,probability,82.0,17,M,Yard,Santorini
1568,10,probability,80.0,14,M,Ari,Downing
1569,9,probability,77.0,16,F,Blakeley,Gibbard
1570,12,probability,0.0,15,M,Colas,Drennan
1571,12,probability,0.0,15,M,Roderich,Costell
1572,10,probability,81.0,15,M,Kienan,Simonard
1573,11,probability,72.0,14,F,Claude,Zuanazzi
1574,11,probability,81.0,14,M,Burton,Owbridge
1575,11,probability,73.0,18,M,Hobey,Bradlaugh
1576,9,probability,88.0,16,M,Kermit,Trusty
1577,12,probability,0.0,14,F,Leona,Vamplers
1578,11,probability,77.0,16,M,Foster,Paxton
1579,10,probability,81.0,17,M,Raul,Chrispin
1580,10,probability,76.0,17,F,Carissa,Bony
1581,11,probability,77.0,16,M,Bealle,Creeghan
1582,10,probability,83.0,17,F,Arlette,Gulvin
1584,9,probability,76.0,18,M,Vassili,Galbreath
1585,9,probability,73.0,16,M,Ingemar,Bruyntjes
1586,9,probability,74.0,17,M,Harbert,Tripcony
1587,12,probability,79.0,18,F,Minetta,Cogar
1588,12,probability,81.0,17,F,Wallie,Leverich
1589,11,probability,70.0,16,F,Mag,Maneylaws
1590,9,probability,73.0,16,F,Marja,Pettiford
1591,12,probability,81.0,16,F,Aarika,Govett
1592,9,probability,74.0,14,F,Tobi,Marlon
1593,12,probability,82.0,16,F,Ailina,Shyre
1594,9,probability,76.0,15,F,Benedetta,MacSkeaghan
1595,12,probability,0.0,16,M,Brig,Meadowcroft
1596,11,probability,78.0,14,M,Isidor,Abrashkov
1597,12,probability,76.0,17,F,Siana,McKune
1598,11,probability,84.0,17,M,Tuck,Lyford
1599,11,probability,82.0,17,F,Janie,Paris
1600,11,probability,74.0,15,F,Nikolia,Rainsdon
1601,10,probability,83.0,15,F,Libbie,MacIver
1602,12,probability,78.0,16,M,Caesar,Arnison
1603,9,probability,74.0,15,F,Leanora,Cowup
1605,10,probability,82.0,14,F,Ranna,Fotherby
1606,9,probability,83.0,16,F,Myrilla,Pargiter
1607,10,probability,85.0,14,M,Sheppard,Fideler
1608,11,probability,78.0,17,F,Leela,Woollard
1609,9,probability,85.0,16,F,Camille,Mussotti
1610,9,probability,81.0,17,M,Ari,Watters
1611,9,probability,80.0,15,M,Arne,Glozman
1612,12,probability,67.0,18,F,Carlina,Illesley
1613,12,probability,83.0,16,F,Rora,Lomansey
1614,12,probability,75.0,18,M,Lambert,Henric
1615,10,probability,71.0,18,F,Magda,McCane
1616,10,probability,84.0,18,M,Elmer,Gettings
1617,10,probability,86.0,15,M,Jodie,Esslement
1618,11,probability,74.0,16,M,Frederigo,Gouch
1619,10,probability,86.0,16,F,Datha,Hay
1620,10,probability,80.0,16,F,Joan,Joint
1621,11,probability,77.0,17,M,Calv,Charlotte
1622,10,probability,88.0,16,F,Letta,Supple
1623,11,probability,74.0,17,M,Mayne,Brewers
1624,11,probability,90.0,16,F,Valentia,Blunsom
1625,11,probability,76.0,17,F,Gillan,Trahar
1626,11,probability,95.0,16,F,Sibley,Escott
1627,11,probability,85.0,15,F,Edy,Faussett
1628,12,probability,89.0,15,F,Angelle,Philippsohn
1629,10,probability,83.0,15,M,Noah,Rough
1630,10,probability,86.0,16,M,Olly,MacPhee
1631,11,probability,91.0,15,M,Theobald,Westraw
1632,10,probability,82.0,14,M,Udall,Cockland
1633,10,probability,84.0,15,F,Kathi,McGrorty
1634,12,probability,85.0,15,F,Maggi,Howship
1635,10,probability,83.0,17,M,Mata,Quiddington
1636,10,probability,97.0,18,M,Barret,Furby
1637,11,probability,0.0,16,F,Mariejeanne,Bullivent
1638,10,probability,80.0,16,M,Edgard,Cattle
1639,11,probability,79.0,14,F,Rey,Grisard
1640,12,probability,95.0,18,M,Olvan,O'Kielt
1641,10,probability,84.0,17,M,Justen,Pinkney
1642,9,probability,78.0,16,M,Leopold,Daniells
1643,11,probability,85.0,16,M,Dalis,Ausiello
1644,11,probability,0.0,18,M,Dionisio,Wickardt
1645,12,probability,84.0,15,M,Boniface,Mytton
1646,12,probability,85.0,16,M,Ogden,Camacho
1647,11,probability,0.0,16,F,Alecia,Harcase
1648,10,probability,82.0,15,F,Nyssa,Wauchope
1649,9,probability,85.0,14,F,Tamarra,Itzkov
1650,12,probability,80.0,16,M,Giacopo,Kassidy
1651,12,probability,70.0,18,M,Trent,Schruurs
1652,10,probability,79.0,18,F,Wally,Sinderland
1653,9,probability,88.0,15,F,Filia,Yvon
1654,9,probability,77.0,18,F,Liesa,Barabisch
1655,10,probability,70.0,17,M,Correy,Noquet
1656,12,probability,85.0,17,F,Dulcie,Dillon
1657,11,probability,93.0,15,F,Aleen,Rounsivall
1658,10,probability,0.0,17,M,Reggy,Burdoun
1659,12,probability,92.0,15,M,Gayle,Meaddowcroft
1660,12,probability,82.0,14,M,Tremain,Heephy
1661,9,probability,87.0,16,M,Winnie,Massenhove
1662,10,probability,75.0,16,F,Josepha,Ginnety
1663,9,probability,84.0,18,F,Kelcey,Jacob
1664,12,probability,79.0,16,M,Miner,Ogilby
1665,11,probability,0.0,14,F,Maighdiln,Esler
1666,11,probability,81.0,14,F,Maryl,Robeson
1667,9,probability,91.0,16,M,Wye,Brands
1668,12,probability,77.0,17,M,Payton,Entwhistle
1669,11,probability,75.0,17,F,Daisy,Norwich
1670,12,probability,76.0,15,F,Robinet,Crean
1671,9,probability,82.0,16,F,Fred,Kimmince
1672,10,probability,73.0,17,M,Bondon,Moloney
1673,10,probability,81.0,15,F,Devan,Sottell
1674,11,probability,74.0,16,F,Hedwiga,Gouck
1675,10,probability,84.0,17,F,Kissiah,Morrison
1676,10,probability,92.0,18,M,Dionysus,Chedgey
1677,9,probability,81.0,15,M,Emmott,Riddler
1678,9,probability,86.0,17,F,Sharline,Tinker
1679,11,probability,83.0,15,F,Carmon,Tetsall
1680,9,probability,75.0,16,F,Tamara,Poland
1681,11,probability,81.0,16,F,Edwina,Leschelle
1682,9,probability,86.0,18,M,Antons,Bembrick
1683,12,probability,93.0,18,F,Clem,McKeurtan
1684,12,probability,77.0,18,M,Chaim,Samper
1685,12,probability,0.0,15,F,Brigitta,Myhan
1686,12,probability,90.0,16,F,Ursala,Citrine
1688,11,probability,82.0,17,F,Colly,Garbutt
1689,9,probability,0.0,16,M,Jermayne,Fraanchyonok
1690,12,probability,75.0,14,M,Franklin,Shottin
1691,10,probability,80.0,18,M,Cart,Crew
1692,12,probability,87.0,17,F,Bunni,Ducket
1693,11,probability,84.0,16,M,Abelard,Bitchener
1694,12,probability,87.0,18,M,Mattie,Dewar
1695,10,probability,84.0,18,F,Donia,Stockoe
1696,9,probability,81.0,16,F,Korella,Spurden
1697,10,probability,85.0,17,M,Basilius,Sine
1698,9,probability,75.0,14,M,Kingston,Akaster
1699,11,probability,83.0,16,F,Carita,Utting
1700,12,probability,76.0,17,F,Kizzee,Kensington
1701,12,probability,90.0,17,M,Garret,Hartfleet
1702,12,probability,0.0,18,F,Ingrid,Meatyard
1703,9,probability,76.0,18,M,Verney,Sainsberry
1704,9,probability,81.0,16,F,Lonni,Bruhnicke
1705,12,probability,87.0,16,M,Isa,Staynes
1706,10,probability,0.0,18,M,Hakim,Stook
1707,10,probability,74.0,14,M,Lucho,Scarlet
1708,11,probability,89.0,15,M,Wain,Iacapucci
1709,9,probability,75.0,16,F,Lorinda,Coldbreath
1710,11,probability,84.0,15,F,Emmalee,Harrisson
1711,9,probability,91.0,17,M,Pavel,Makey
1712,10,probability,80.0,18,M,Cristian,Korba
1713,11,probability,85.0,15,M,Vachel,Bushrod
1714,10,probability,83.0,16,M,Taddeusz,Gavozzi
1715,11,probability,73.0,15,M,Bil,McCoole
1716,9,probability,77.0,18,F,Lusa,Swedeland
1717,9,probability,94.0,18,F,Leonie,Pashenkov
1718,11,probability,74.0,16,M,Bruce,Crebott
1719,12,probability,80.0,17,M,Rikki,McCauley
1720,9,probability,73.0,18,F,Pauletta,Austen
1721,10,probability,90.0,16,M,Flynn,Callicott
1722,11,probability,72.0,14,F,Francesca,Crumley
1723,12,probability,88.0,15,F,Robinette,Dillon
1724,9,probability,78.0,16,M,Wendall,Fontenot
1725,12,probability,78.0,16,F,Cyndia,Couchman
1726,12,probability,81.0,14,F,Leeann,Gregs
1727,11,probability,87.0,15,M,Fran,Gooderidge
1728,12,probability,94.0,15,M,Zechariah,Tuffield
1729,9,probability,80.0,15,M,Demetris,Lougheid
1730,9,probability,0.0,18,F,Alis,Truswell
1731,12,probability,85.0,14,M,Wittie,Caurah
1732,12,probability,82.0,15,F,Cherie,Gerant
1733,10,probability,0.0,18,M,Wallis,Eslie
1734,10,probability,88.0,14,M,Trevor,Mantle
1735,12,probability,94.0,14,F,Fawnia,Windram
1736,11,probability,86.0,18,M,Heindrick,Manilo
1737,11,probability,83.0,17,F,Nadean,Klasing
1738,10,probability,84.0,15,F,Twila,McKerton
1739,11,probability,81.0,15,M,Gerry,Sparling
1740,9,probability,92.0,15,F,Denyse,Bisseker
1741,12,probability,75.0,18,F,Gweneth,Churching
1742,12,probability,84.0,17,M,Solomon,Grainger
1743,12,probability,76.0,15,M,Avram,Esposi
1744,9,probability,85.0,16,M,Quent,McAughtry
1745,9,probability,73.0,18,F,Manya,Hafner
1746,12,probability,90.0,15,M,Mateo,Limbrick
1747,10,probability,95.0,16,F,Marcela,Samart
1748,11,probability,84.0,14,M,Morry,Foxen
1749,10,probability,83.0,14,M,Johan,Tenney
1750,9,probability,84.0,17,F,Karisa,Blackstock
1751,12,probability,84.0,18,F,Kaila,Salisbury
1752,12,probability,76.0,16,M,Manolo,Abramamov
1753,12,probability,73.0,17,F,Jennilee,Bernuzzi
1754,12,probability,75.0,14,F,Selinda,Takkos
1755,11,probability,78.0,18,M,Cesare,Spores
1756,12,probability,95.0,18,F,Jacynth,Scarrott
1757,9,probability,77.0,18,F,Ariadne,Dundridge
1758,9,probability,85.0,16,M,Brander,Grombridge
1759,10,probability,79.0,17,M,Rupert,Kiehnlt
1760,11,probability,80.0,14,M,Dannie,Gerber
1761,11,probability,81.0,18,M,Kendall,Nattriss
1762,12,probability,82.0,18,M,Nowell,Fender
1763,12,probability,80.0,14,M,Darbee,Marqyes
1764,12,probability,80.0,14,F,Sarina,Wakelin
1765,12,probability,83.0,18,M,Vernen,Boskell
1766,10,probability,86.0,16,M,Rodge,Bernardez
1767,11,probability,72.0,17,F,Kip,Innott
1768,11,probability,82.0,17,M,Micah,Moohan
1769,11,probability,0.0,17,M,Gaston,Oldroyd
1770,11,probability,67.0,17,F,Garnet,Yarranton
1771,11,probability,82.0,16,F,Alverta,Adolthine
1772,11,probability,74.0,16,F,Cordey,Kirkebye
1773,12,probability,80.0,15,F,Carmelita,Parkhouse
1774,10,probability,81.0,16,F,Desdemona,Jefferies
1775,12,probability,62.0,17,F,Krissy,Sanchis
1776,12,probability,86.0,14,F,Corrianne,Guerra
1777,12,probability,80.0,15,M,Dominic,Forsythe
1778,12,probability,86.0,16,M,Ber,Newlyn
1779,10,probability,75.0,18,F,Trista,Ruos
1780,11,probability,78.0,15,M,Eldin,Salmon
1781,10,probability,72.0,15,M,Case,Lighterness
1782,12,probability,88.0,17,M,Donovan,Peet
1783,11,probability,81.0,18,M,Ingamar,Ughi
1784,9,probability,83.0,18,M,Pascale,Doak
1785,12,probability,86.0,17,F,Lauretta,Rivelon
1786,12,probability,0.0,15,F,Priscilla,Savatier
1787,12,probability,80.0,15,M,Hayes,Cutsforth
1788,10,probability,0.0,17,F,Anestassia,Gasker
1789,12,probability,82.0,17,F,Christin,Cross
1790,9,probability,83.0,18,F,Rochella,Canete
1791,10,probability,86.0,16,F,Janis,Cardero
1792,11,probability,85.0,17,F,Eolande,Thorneywork
1793,9,probability,83.0,16,F,Angelita,Jancar
1794,12,probability,74.0,18,F,Luise,Laterza
1795,11,probability,83.0,16,M,Massimo,Babbs
1796,9,probability,85.0,14,M,Garrek,Manuely
1797,11,probability,83.0,15,M,Winslow,Lilliman
1798,10,probability,87.0,15,M,Grantham,Yate
1799,9,probability,83.0,16,M,Dennie,Chopping
1800,9,probability,78.0,16,M,Garwin,Crust
1801,11,probability,94.0,15,M,Orren,Heater
1802,10,probability,77.0,17,F,Chiquita,Bains
1803,10,probability,85.0,18,M,Shalom,Vittet
1804,12,probability,79.0,14,F,Lelia,MacKenzie
1805,10,probability,82.0,18,M,Blair,Chiles
1806,9,probability,87.0,18,M,Norby,Coney
1807,12,probability,79.0,16,F,Adriane,Guage
1808,9,probability,70.0,14,M,Wendall,Drinnan
1809,10,probability,87.0,17,F,Mariya,Rings
1810,9,probability,71.0,14,M,Rollin,Tointon
1811,11,probability,75.0,16,F,Lexy,Moan
1812,10,probability,76.0,17,F,Ollie,Extence
1813,12,probability,61.0,16,M,Tito,Wanklyn
1814,12,probability,75.0,14,M,Zebadiah,Josefovic
1815,11,probability,85.0,17,M,Monte,Passion
1816,12,probability,83.0,14,M,Filmore,Gummow
1817,11,probability,74.0,16,F,Zarah,Borgars
1818,12,probability,79.0,16,F,Koo,Woodfield
1819,9,probability,75.0,15,M,Llywellyn,Peniello
1820,10,probability,83.0,16,M,Timofei,Drummer
1821,9,probability,84.0,15,F,Anna-maria,Zaczek
1822,11,probability,86.0,18,M,Quent,Farrow
1823,9,probability,93.0,16,M,Francklyn,Pherps
1824,11,probability,0.0,15,M,Hanson,Zorro
1825,11,probability,78.0,15,F,Janelle,Schrei
1826,9,probability,81.0,18,F,Sheila-kathryn,Bartlomiej
1827,10,probability,77.0,17,M,Dex,Best
1828,10,probability,82.0,16,M,Rodger,McCrackem
1829,10,probability,86.0,18,F,Idelle,Moggach
1830,9,probability,80.0,18,M,Crosby,Yaknov
1831,10,probability,0.0,18,F,Kristi,Hutton
1832,11,probability,76.0,18,M,Ali,Halvosen
1833,9,probability,85.0,14,F,Beitris,Waltering
1834,9,probability,77.0,17,F,Arabel,Vallack
1835,11,probability,88.0,18,M,Padraig,Silburn
1836,12,probability,88.0,15,M,Kippie,Tomkinson
1837,10,probability,84.0,15,M,Evan,Gull
1838,10,probability,76.0,14,F,Agnola,Tchaikovsky
1839,12,probability,90.0,14,M,Friedrick,Murrock
1840,10,probability,0.0,14,M,Joaquin,Yakubov
1841,12,probability,79.0,14,M,Archibald,Phear
1842,11,probability,67.0,15,F,Harri,Klais
1843,11,probability,79.0,18,F,Frederique,Matijasevic
1844,12,probability,73.0,15,F,Allsun,Carnew
1845,12,probability,85.0,17,F,Gwenore,Dysert
1846,9,probability,56.0,15,F,Darline,Streetfield
1847,11,probability,82.0,18,M,Winny,Rackstraw
1848,10,probability,81.0,15,M,Judon,Stroobant
1849,12,probability,82.0,16,M,Marcelo,Riddell
1850,12,probability,80.0,14,M,Goddard,Mosson
1851,12,probability,73.0,16,F,Kesley,Neubigging
1852,9,probability,77.0,17,M,Osborne,Hurich
1853,11,probability,81.0,15,F,Sara-ann,Wraighte
1854,11,probability,86.0,14,F,Jorey,O
1855,12,probability,74.0,17,F,Laure,Currier
1856,12,probability,81.0,14,F,Lydia,Lieber
1857,10,probability,84.0,18,M,Artair,Earland
1858,12,probability,83.0,15,M,Adelbert,Drane
1859,12,probability,0.0,18,M,Arv,Laphorn
1860,11,probability,73.0,18,F,Alidia,Narrie
1861,11,probability,83.0,15,M,Sherwin,De
1862,12,probability,89.0,18,F,Wenda,Warmington
1863,12,probability,80.0,16,M,Errol,Le
1864,11,probability,59.0,14,M,Rufus,Bleasdille
1865,12,probability,83.0,16,M,Jeddy,Jelf
1866,10,probability,81.0,15,M,Eustace,Dawdary
1867,10,probability,93.0,17,M,Ches,Elkins
1868,12,probability,89.0,15,F,Valene,Brolly
1869,9,probability,81.0,17,F,Zsa,zsa
1870,9,probability,70.0,18,M,Ephrayim,Clapson
1871,10,probability,80.0,14,F,Benoite,Bourton
1872,11,probability,85.0,14,F,Frannie,Porker
1873,11,probability,0.0,18,M,Aldridge,Chesnut
1874,10,probability,78.0,17,F,Tova,Whyberd
1875,10,probability,84.0,18,F,Willow,Ordish
1876,11,probability,86.0,16,M,Elmo,Lievesley
1877,12,probability,0.0,16,M,Wendall,Widd
1878,10,probability,73.0,14,F,Larissa,MacKaig
1879,11,probability,66.0,17,M,Keir,Kirkhouse
1880,9,probability,83.0,15,F,Liza,Crichten
1881,11,probability,77.0,18,F,Cherilyn,Jobb
1882,11,probability,81.0,18,M,Der,Kauffman
1883,12,probability,83.0,18,M,Antons,Chander
1884,10,probability,89.0,14,M,Pembroke,Patinkin
1885,12,probability,73.0,15,F,Giustina,Coyett
1886,9,probability,0.0,16,F,Tamra,Boustred
1887,11,probability,0.0,15,M,Cleon,Puve
1888,10,probability,79.0,16,F,Sarena,Loseby
1889,9,probability,0.0,15,M,Colby,Elford
1890,12,probability,83.0,18,M,Vassili,Lankford
1891,9,probability,75.0,17,F,Koren,Gile
1892,10,probability,84.0,17,M,Merwin,Scneider
1893,11,probability,85.0,17,F,Stormy,Stranio
1894,11,probability,85.0,16,M,Heinrick,Annandale
1895,10,probability,71.0,16,F,Maxi,Dew
1896,12,probability,90.0,15,F,Jewell,Boas
1897,12,probability,91.0,17,F,Lebbie,Twine
1898,11,probability,0.0,14,M,Garek,Culbert
1899,12,probability,74.0,16,F,Cristine,Warboys
1900,11,probability,85.0,14,M,Andros,Magnus
1901,9,probability,81.0,14,F,Micheline,Trent
1902,10,probability,70.0,16,F,Denna,Mackrill
1903,11,probability,77.0,18,F,Maegan,Ebbrell
1904,11,probability,81.0,17,M,Nikki,Dashper
1905,12,probability,77.0,17,F,Miran,McDermott-Row
1906,10,probability,73.0,17,M,Rick,Druhan
1907,9,probability,0.0,17,M,Doy,Hatz
1908,11,probability,82.0,15,F,Dina,Jauncey
1909,12,probability,88.0,18,F,Karyn,Craft
1910,12,probability,88.0,15,M,Olin,Tarply
1911,11,probability,0.0,15,F,Hatti,Prisk
1912,10,probability,84.0,15,M,Darnall,Ostler
1913,9,probability,91.0,18,M,Noam,Gudgin
1914,12,probability,78.0,18,M,Godart,Goodbarne
1915,11,probability,74.0,15,M,Sibyl,Earles
1916,9,probability,86.0,14,M,Michal,Causier
1917,10,probability,93.0,18,M,Ingrim,Bottrell
1918,11,probability,79.0,18,F,Isidora,Brave
1919,12,probability,80.0,18,F,Edythe,Verdun
1920,9,probability,72.0,15,M,Angelico,Ferrulli
1921,11,probability,75.0,16,M,Crawford,Howsin
1922,12,probability,77.0,17,F,Deanna,Daviot
1923,12,probability,86.0,14,F,Denyse,Cuthbert
1924,12,probability,81.0,17,F,Florencia,Fairhurst
1925,9,probability,81.0,18,F,Codi,Cutridge
1926,9,probability,79.0,14,F,Patty,McDermid
1927,11,probability,74.0,17,F,Elianora,Medwell
1928,12,probability,74.0,16,M,Neill,Reightley
1929,12,probability,75.0,17,F,Viviana,Dadds
1930,9,probability,81.0,17,F,Kaye,Sterte
1931,9,probability,77.0,18,M,Pascale,Wathey
1932,9,probability,90.0,15,F,Illa,Camacho
1933,11,probability,84.0,14,M,Johny,Prys
1934,10,probability,74.0,18,M,Barris,Lemarie
1935,12,probability,83.0,15,M,Federico,Sevin
1936,12,probability,88.0,14,M,Gardener,Hussy
1937,10,probability,75.0,15,M,Joshua,Rosenhaus
1938,12,probability,79.0,16,F,Koressa,O'Cannavan
1939,9,probability,81.0,14,M,Boonie,Marfield
1940,11,probability,74.0,15,M,Tony,Danahar
1941,12,probability,0.0,15,F,Tommi,Cardenoza
1942,12,probability,76.0,17,F,Vere,Firebrace
1943,9,probability,80.0,14,F,Evania,Espinha
1944,12,probability,89.0,15,F,Danette,Pancoust
1945,11,probability,84.0,17,M,Scarface,Pevie
1946,9,probability,78.0,14,F,Bobine,Tordiffe
1947,9,probability,86.0,16,F,Elberta,Newsham
1948,12,probability,83.0,14,F,Mercy,Kinnoch
1949,10,probability,72.0,15,M,Kylie,Oldnall
1950,12,probability,90.0,15,M,Jamaal,Braidford
1951,9,probability,79.0,16,M,Gaile,McKnish
1952,11,probability,73.0,17,F,Caralie,Few
1953,10,probability,75.0,14,F,Hedvig,MacKnight
1954,11,probability,72.0,14,F,Harrietta,Audus
1955,11,probability,80.0,18,F,Therine,Bartkiewicz
1956,10,probability,89.0,15,F,Sophi,Balchin
1957,11,probability,91.0,16,M,Westbrooke,Boch
1958,10,probability,76.0,17,M,Averill,Hobbema
1959,9,probability,0.0,18,F,Cherilynn,Hawkslee
1960,12,probability,74.0,15,M,Jaimie,Abbie
1961,10,probability,75.0,14,M,Boote,Skuce
1962,11,probability,80.0,18,M,Ansell,Blais
1963,11,probability,82.0,18,M,Carlos,Playfair
1964,10,probability,77.0,14,F,Karlene,Plaskett
1965,10,probability,78.0,17,M,Benedict,Fotherby
1966,12,probability,73.0,18,M,Keven,Proffitt
1967,9,probability,78.0,16,F,Murielle,Hardwicke
1968,9,probability,72.0,15,F,Jacqueline,McCrie
1969,12,probability,82.0,16,F,Ailey,Calloway
1970,12,probability,80.0,15,M,Kyle,Capelow
1971,12,probability,75.0,14,M,Antin,Pandey
1972,12,probability,81.0,18,F,Rochette,McCoish
1973,10,probability,78.0,18,M,Thorpe,Danniell
1974,10,probability,85.0,14,F,Malynda,Jovicevic
1975,10,probability,80.0,15,M,Wade,Bowman
1976,12,probability,86.0,15,M,Myer,Levesley
1977,9,probability,86.0,14,M,Dunstan,Starking
1978,12,probability,91.0,15,F,Joey,Staddon
1979,11,probability,79.0,18,M,Giffard,Seid
1980,9,probability,72.0,17,F,Kit,Ventura
1981,10,probability,79.0,14,M,Ellwood,Schrir
1982,9,probability,88.0,18,F,Aubrette,MacTerlagh
1983,11,probability,87.0,14,F,Cassaundra,Goodbur
1984,11,probability,83.0,15,M,Fletcher,Rallinshaw
1985,10,probability,76.0,15,M,De,witt
1986,12,probability,77.0,16,F,Elfreda,Wolvey
1987,12,probability,82.0,14,F,Heidie,Rodger
1988,12,probability,90.0,18,M,Hillard,Santos
1989,10,probability,77.0,14,F,Roxanna,Hartland
1990,11,probability,66.0,16,F,Dorella,Purves
1991,10,probability,79.0,15,M,Ned,Mullan
1992,9,probability,76.0,17,F,Bertha,Flancinbaum
1993,12,probability,79.0,16,M,Ewen,Salasar
1994,11,probability,91.0,14,F,Nerti,Bish
1995,9,probability,69.0,14,F,Wilie,Stillert
1996,11,probability,86.0,15,F,Gertie,Flicker
1997,12,probability,82.0,14,F,Yettie,Labes
1998,10,probability,84.0,18,M,Lock,McGuinley
1999,12,probability,91.0,15,F,Bebe,Lebbern
